GID,water_year,avg_cmi_anomaly
1986_11,1980,-34.40133232488508
1986_11,1981,-13.872592646788293
1986_11,1982,1.0192803113123599
1986_11,1983,-4.586969325063641
1986_11,1984,-10.666067791863266
1986_11,1985,1.3455633072324804
1986_11,1986,-1.2841086613949138
1986_11,1987,15.446489718775542
1986_32,1980,-33.805591272214436
1986_32,1981,-5.358329363612602
1986_32,1982,-6.4425829707640645
1986_32,1983,-4.32009328715971
1986_32,1984,-12.319092724813018
1986_32,1985,10.871074229429082
1986_32,1986,2.994725025015144
1986_32,1987,6.703890079627987
1986_40,1980,-28.00992443816184
1986_40,1981,-10.84040452515457
1986_40,1982,-2.179817890049825
1986_40,1983,0.9413474920766062
1986_40,1984,-9.797547433418805
1986_40,1985,4.182032329435555
1986_40,1986,2.911247046663327
1986_40,1987,20.32851517337901
1986_43,1980,-28.509814702804213
1986_43,1981,-1.8768389363590998
1986_43,1982,-6.9795431568406014
1986_43,1983,-6.156796885725837
1986_43,1984,-15.573106228099967
1986_43,1985,12.641226042045801
1986_43,1986,0.7413519894464988
1986_43,1987,10.021950414837018
1986_45,1980,-25.783700059502117
1986_45,1981,-1.051533627593912
1986_45,1982,-5.802586867074351
1986_45,1983,-6.84518405221181
1986_45,1984,-15.855396855632854
1986_45,1985,15.495228864709134
1986_45,1986,1.6192252719455524
1986_45,1987,10.265824343546374
1986_49,1980,-26.18101537206192
1986_49,1981,0.04191904713676564
1986_49,1982,-4.146352939800788
1986_49,1983,-5.628687155226763
1986_49,1984,-14.986345213849495
1986_49,1985,15.943039489982448
1986_49,1986,0.2709700785966887
1986_49,1987,13.134351007799918
1986_54,1980,-23.571290845253184
1986_54,1981,-10.611377145643955
1986_54,1982,7.116308185083722
1986_54,1983,4.390924123570353
1986_54,1984,-9.25118548529021
1986_54,1985,10.333873652452544
1986_54,1986,0.34485185625242804
1986_54,1987,19.64232762899182
1986_56,1980,-22.8756373266077
1986_56,1981,-9.415070759989428
1986_56,1982,0.8799005774748773
1986_56,1983,4.805637265446479
1986_56,1984,-7.386786766872397
1986_56,1985,11.273726293895612
1986_56,1986,-0.13528380607942214
1986_56,1987,16.58487019436358
1986_57,1980,-25.26056485902263
1986_57,1981,0.7332106310615009
1986_57,1982,-1.3267497730922155
1986_57,1983,-6.460870321759526
1986_57,1984,-13.832513572825965
1986_57,1985,16.188394075639174
1986_57,1986,-1.0800336901652337
1986_57,1987,13.549441313687751
1986_58,1980,-24.065196228169437
1986_58,1981,0.7038043222106248
1986_58,1982,0.522437833624093
1986_58,1983,-6.398149328294846
1986_58,1984,-13.302274789705194
1986_58,1985,15.945025670267455
1986_58,1986,-2.122604327002962
1986_58,1987,13.150842662239114
1986_60,1980,-23.234204061923894
1986_60,1981,-8.179465406834787
1986_60,1982,-0.049116955258605564
1986_60,1983,2.7529221457697797
1986_60,1984,-6.204917275045083
1986_60,1985,10.142191120782067
1986_60,1986,-0.302646567345113
1986_60,1987,15.220022830539136
1986_70,1980,-20.48346308379693
1986_70,1981,-4.69263288807056
1986_70,1982,6.739273642572679
1986_70,1983,4.189127518226517
1986_70,1984,-9.520387191888195
1986_70,1985,14.272466299281371
1986_70,1986,0.7055863804379424
1986_70,1987,12.81336806047672
1987_101,1981,-13.916520780166097
1987_101,1982,4.657250125312232
1987_101,1983,8.959518155949953
1987_101,1984,-10.205634441712713
1987_101,1985,17.552011285788716
1987_101,1986,-1.4042750887232156
1987_101,1987,-7.3839620605099645
1987_101,1988,6.82110729582508
1987_12,1981,-6.563861989292103
1987_12,1982,-7.154432974736896
1987_12,1983,0.690019680097867
1987_12,1984,3.6165493103814015
1987_12,1985,1.3742472021949454
1987_12,1986,3.329716966637933
1987_12,1987,-16.003115657029856
1987_12,1988,0.25966612662823535
1987_17,1981,-18.82340959441126
1987_17,1982,-15.557021027658209
1987_17,1983,1.3613711605926202
1987_17,1984,2.007612400249823
1987_17,1985,6.635616262770572
1987_17,1986,0.1928559994038359
1987_17,1987,-16.592342368675737
1987_17,1988,-2.6679128330756625
1987_29,1981,-24.795328219558332
1987_29,1982,-7.367812692996504
1987_29,1983,-0.983496948679686
1987_29,1984,-6.159255707658743
1987_29,1985,3.568391759254092
1987_29,1986,3.2530751367686164
1987_29,1987,-15.351343002930038
1987_29,1988,6.78666676258631
1987_30,1981,-14.322299505572774
1987_30,1982,-3.000218448794492
1987_30,1983,-5.2777876831577215
1987_30,1984,-10.46248323001436
1987_30,1985,8.955060532902591
1987_30,1986,2.3961016169951734
1987_30,1987,-13.824693377872277
1987_30,1988,-2.6851398237405313
1987_31,1981,-12.509130414872207
1987_31,1982,-2.7491888140695564
1987_31,1983,-5.188969106238588
1987_31,1984,-10.557431660467584
1987_31,1985,1.350401977204778
1987_31,1986,2.3092734319455515
1987_31,1987,-9.77400272643044
1987_31,1988,-9.736706892191089
1987_33,1981,-23.567772844814318
1987_33,1982,-4.384309894892111
1987_33,1983,-4.161795639046199
1987_33,1984,-6.865522936643594
1987_33,1985,4.66018506567313
1987_33,1986,1.1095738546176979
1987_33,1987,-15.754203737950114
1987_33,1988,14.532325292041516
1987_47,1981,-10.23738480017978
1987_47,1982,-2.545891112384084
1987_47,1983,-6.039900203058053
1987_47,1984,-12.65792628184352
1987_47,1985,4.730098059133211
1987_47,1986,-0.09694667002895703
1987_47,1987,-6.47476537366713
1987_47,1988,-10.047493608095277
1987_49,1981,-18.81184787988179
1987_49,1982,-4.36445943076575
1987_49,1983,-4.973304242994042
1987_49,1984,-9.882404778620018
1987_49,1985,8.207553824102623
1987_49,1986,-1.2842778033828324
1987_49,1987,-14.353559355657959
1987_49,1988,10.514583408722057
1987_66,1981,-11.641697020989225
1987_66,1982,-3.792275741078912
1987_66,1983,0.437878712244828
1987_66,1984,-8.678233616067265
1987_66,1985,5.274569657970686
1987_66,1986,2.5675248963936284
1987_66,1987,-8.47076246817628
1987_66,1988,0.23249914023016274
1987_67,1981,-8.964560944321008
1987_67,1982,-4.746191093223939
1987_67,1983,-5.029858078725585
1987_67,1984,-9.735699926432234
1987_67,1985,2.0692640466844687
1987_67,1986,2.8463050970715806
1987_67,1987,-7.983341038229163
1987_67,1988,-0.3693998399458017
1987_70,1981,-9.774465392377598
1987_70,1982,-1.6108585136643179
1987_70,1983,-4.064705453915245
1987_70,1984,-13.687616912794473
1987_70,1985,14.6684665040722
1987_70,1986,0.20627145067997907
1987_70,1987,-11.23805701310198
1987_70,1988,9.594412432419128
1987_72,1981,-12.18520051503865
1987_72,1982,-3.220157918427794
1987_72,1983,-2.7968629519905868
1987_72,1984,-7.132666988362703
1987_72,1985,5.004546625225152
1987_72,1986,0.05086433812882193
1987_72,1987,-8.16004048058177
1987_72,1988,3.4832374072824868
1987_76,1981,-12.404605601098
1987_76,1982,-2.3504360631900707
1987_76,1983,-3.4264948945542595
1987_76,1984,-7.083207763863482
1987_76,1985,4.427553166889489
1987_76,1986,1.3091544158390793
1987_76,1987,-6.998816483236715
1987_76,1988,4.461182330341833
1987_77,1981,-8.559543212591027
1987_77,1982,1.3004259353777805
1987_77,1983,-1.113866737263269
1987_77,1984,-10.02532829172047
1987_77,1985,23.50858916082609
1987_77,1986,7.876039359910803
1987_77,1987,-2.6907825892488386
1987_77,1988,14.750495629133292
1987_8,1981,-3.695726992071688
1987_8,1982,2.4826226898407504
1987_8,1983,-1.877844556105991
1987_8,1984,1.8221500482637
1987_8,1985,3.9618581526147634
1987_8,1986,8.02225795685786
1987_8,1987,-12.016489557449503
1987_8,1988,6.132425422630641
1987_95,1981,-16.029832626186817
1987_95,1982,12.278845674867215
1987_95,1983,11.269170262765288
1987_95,1984,-2.312451210166771
1987_95,1985,22.49229199692026
1987_95,1986,3.643442674770691
1987_95,1987,-2.033568804605257
1987_95,1988,17.31482459931012
1988_101,1982,6.605974860304293
1988_101,1983,4.507124069465309
1988_101,1984,-12.07397348059302
1988_101,1985,4.668838141167147
1988_101,1986,-1.2139645299301909
1988_101,1987,-10.591836681618076
1988_101,1988,-17.824599996444274
1988_101,1989,-6.495337674173714
1988_110,1982,6.45565193010721
1988_110,1983,-0.6294935908746915
1988_110,1984,-13.383237289206155
1988_110,1985,15.406746817983668
1988_110,1986,0.1185669937585286
1988_110,1987,-11.323150584057075
1988_110,1988,-11.922738300592142
1988_110,1989,-4.275018289615247
1988_116,1982,8.214941267436403
1988_116,1983,-0.16847739896781277
1988_116,1984,-9.83227634467749
1988_116,1985,17.192442990211934
1988_116,1986,-1.3734210639453732
1988_116,1987,-11.029936733039449
1988_116,1988,-11.064444008912048
1988_116,1989,-4.626363170252591
1988_120,1982,-3.6288820644497544
1988_120,1983,-6.531506790044961
1988_120,1984,-13.571718443614296
1988_120,1985,16.360179585098006
1988_120,1986,-2.1484524350429353
1988_120,1987,-8.87365945495349
1988_120,1988,-2.0185196943407564
1988_120,1989,1.81005518362852
1988_124,1982,13.186494950274879
1988_124,1983,4.641908897223821
1988_124,1984,-9.514039710774453
1988_124,1985,13.498050969997417
1988_124,1986,-1.4773365333504422
1988_124,1987,-6.293487131559995
1988_124,1988,-12.129776513691892
1988_124,1989,-2.8876073101254915
1988_125,1982,12.13185852500577
1988_125,1983,4.638446967391703
1988_125,1984,-6.762786706567005
1988_125,1985,11.438997273354678
1988_125,1986,-0.26125126896745954
1988_125,1987,-5.342252957608507
1988_125,1988,-12.984128192071433
1988_125,1989,-4.419063241138285
1988_139,1982,12.896637683101
1988_139,1983,2.9522597444593663
1988_139,1984,-9.518477779707885
1988_139,1985,14.180387282704507
1988_139,1986,0.9625984559020232
1988_139,1987,-6.958128242325459
1988_139,1988,-9.333894897012796
1988_139,1989,-6.9444368285957605
1988_144,1982,3.4605996213171477
1988_144,1983,-4.0102192599396
1988_144,1984,-9.814023615189791
1988_144,1985,20.584798135485507
1988_144,1986,-0.6015016814446655
1988_144,1987,-7.202630891625977
1988_144,1988,-5.298195968029549
1988_144,1989,4.541894165495336
1988_145,1982,12.095783618509145
1988_145,1983,8.763551761703377
1988_145,1984,-11.028082534501062
1988_145,1985,15.61431084334401
1988_145,1986,-1.885145837028887
1988_145,1987,-7.777715313626133
1988_145,1988,-11.927755249753469
1988_145,1989,-6.079577482679158
1988_152,1982,-0.5348630285123213
1988_152,1983,-2.642169185792859
1988_152,1984,-8.734556595656095
1988_152,1985,19.243594191674713
1988_152,1986,-5.00413104318976
1988_152,1987,-8.824647686961166
1988_152,1988,-2.2997588003665292
1988_152,1989,1.3705157747884074
1988_153,1982,8.188858999111034
1988_153,1983,6.654194545159684
1988_153,1984,-7.448462019711236
1988_153,1985,13.321741467608561
1988_153,1986,-2.2148289449446144
1988_153,1987,-5.013480562572503
1988_153,1988,-12.15042121452013
1988_153,1989,-4.188893136459982
1988_154,1982,0.9637589405565744
1988_154,1983,-1.9253544977946238
1988_154,1984,-9.465831832701214
1988_154,1985,20.456689167519716
1988_154,1986,-2.2700903701540374
1988_154,1987,-6.864575814746268
1988_154,1988,-5.398386469114094
1988_154,1989,3.0666951936919817
1988_16,1982,0.33902715403306366
1988_16,1983,-0.08715260185700657
1988_16,1984,3.787219110677771
1988_16,1985,-1.6781104480993119
1988_16,1986,7.899160180266629
1988_16,1987,-11.993482957996568
1988_16,1988,-13.831235029164112
1988_16,1989,53.7289342707575
1988_19,1982,-10.202143394990495
1988_19,1983,1.0365583967092775
1988_19,1984,-0.22148009493363632
1988_19,1985,6.403869454215159
1988_19,1986,1.6287873187027475
1988_19,1987,-16.412074280960727
1988_19,1988,-13.18788687715791
1988_19,1989,37.45557619457259
1988_20,1982,-3.8212286955180454
1988_20,1983,2.0019211705354896
1988_20,1984,-3.1027770668906753
1988_20,1985,2.2443194746231243
1988_20,1986,0.6516103058290904
1988_20,1987,-16.214300563018288
1988_20,1988,-14.642815403276721
1988_20,1989,47.60702501356556
1988_22,1982,-7.916284543823037
1988_22,1983,0.5047454305617153
1988_22,1984,-3.2101607514949797
1988_22,1985,4.119283241590668
1988_22,1986,0.6456229014508873
1988_22,1987,-17.52544585017898
1988_22,1988,-14.347985099197766
1988_22,1989,40.94024733738921
1988_26,1982,2.4741429119528364
1988_26,1983,-4.896292842867328
1988_26,1984,-7.921210937040441
1988_26,1985,-5.035223978981929
1988_26,1986,0.36095212827807516
1988_26,1987,-10.24804633691111
1988_26,1988,-18.90590277617604
1988_26,1989,-4.294843053529387
1988_30,1982,5.555092122739198
1988_30,1983,-3.0652939409781155
1988_30,1984,-9.086722902264121
1988_30,1985,-2.5339083456289626
1988_30,1986,0.5579329726326575
1988_30,1987,-9.253049297732955
1988_30,1988,-18.129378486954508
1988_30,1989,-3.460854514804494
1988_33,1982,5.666618035825542
1988_33,1983,-3.4638362915945593
1988_33,1984,-9.56323603919497
1988_33,1985,-2.329210187147385
1988_33,1986,1.748382659728738
1988_33,1987,-8.93342917909298
1988_33,1988,-15.266943546883718
1988_33,1989,-3.5467097431136763
1988_34,1982,5.721963610781461
1988_34,1983,-3.702807181200018
1988_34,1984,-9.910067715797993
1988_34,1985,-2.142879259069614
1988_34,1986,2.2706139364258853
1988_34,1987,-8.711652271500446
1988_34,1988,-13.839306198753386
1988_34,1989,-3.8271542417277176
1988_37,1982,5.198549108827488
1988_37,1983,-4.6729293064590545
1988_37,1984,-10.66465657259345
1988_37,1985,-2.38565271945305
1988_37,1986,2.998665839093025
1988_37,1987,-8.593938444370034
1988_37,1988,-12.813430942629038
1988_37,1989,-5.092759196305172
1988_38,1982,5.886171934309089
1988_38,1983,-3.9426448403983962
1988_38,1984,-10.743728385351233
1988_38,1985,-2.467507001502655
1988_38,1986,0.60077174920954
1988_38,1987,-9.685451219010565
1988_38,1988,-14.965750111618137
1988_38,1989,-3.684231623241496
1988_40,1982,5.37680816886541
1988_40,1983,-4.253978552526659
1988_40,1984,-10.76368026749496
1988_40,1985,-2.4971500520954435
1988_40,1986,2.3538727972598195
1988_40,1987,-8.580019183567702
1988_40,1988,-12.68552110548564
1988_40,1989,-4.594104455348818
1988_41,1982,7.642950319115132
1988_41,1983,-2.6148243549121144
1988_41,1984,-9.724300126420966
1988_41,1985,-0.6782282872479994
1988_41,1986,0.9491631250698435
1988_41,1987,-8.90129716428937
1988_41,1988,-14.794666225959988
1988_41,1989,-2.0255732620205635
1988_42,1982,5.253621526941475
1988_42,1983,-4.498782431311857
1988_42,1984,-11.141885233402766
1988_42,1985,-2.529211120515177
1988_42,1986,2.6542574430504247
1988_42,1987,-8.042017216556467
1988_42,1988,-11.360926328664034
1988_42,1989,-4.750900614221848
1988_43,1982,6.7220135682283635
1988_43,1983,-3.6758968509171037
1988_43,1984,-10.85208167378992
1988_43,1985,-1.6980422119983511
1988_43,1986,0.8183686485972501
1988_43,1987,-9.131841055079438
1988_43,1988,-13.398447389217703
1988_43,1989,-3.12477057216408
1988_47,1982,2.3585727815982542
1988_47,1983,0.19616321316906404
1988_47,1984,-5.954733616010152
1988_47,1985,1.5669490112943938
1988_47,1986,0.9251289664089958
1988_47,1987,-17.148457449594932
1988_47,1988,-10.872911894723693
1988_47,1989,27.662809456457516
1988_51,1982,0.34208648261401364
1988_51,1983,-1.4345707924286524
1988_51,1984,-11.832169623443123
1988_51,1985,6.626669485856762
1988_51,1986,4.781015179833438
1988_51,1987,-14.553966393955662
1988_51,1988,-13.138922423823283
1988_51,1989,15.562597958069528
1988_60,1982,0.2122230689586664
1988_60,1983,-4.140579926994329
1988_60,1984,-9.523250844571853
1988_60,1985,2.6998133073551434
1988_60,1986,1.8020897788474812
1988_60,1987,-6.722958182025139
1988_60,1988,-13.326994805777995
1988_60,1989,-4.081677344358775
1988_61,1982,4.585320999512186
1988_61,1983,-5.456649012214914
1988_61,1984,-13.503780247684986
1988_61,1985,7.968646928610178
1988_61,1986,-2.024168136626868
1988_61,1987,-7.483650659384611
1988_61,1988,-13.468461890626948
1988_61,1989,-3.488388725481438
1988_64,1982,4.941999387747731
1988_64,1983,-4.639403261183085
1988_64,1984,-13.472607369733671
1988_64,1985,6.997035502937568
1988_64,1986,-1.7213381159472607
1988_64,1987,-7.8103143980276215
1988_64,1988,-15.174945406111354
1988_64,1989,-4.321475797411496
1988_65,1982,3.697032276153988
1988_65,1983,-6.1554519533628484
1988_65,1984,-12.022925158907732
1988_65,1985,5.383055029510999
1988_65,1986,-1.5930890501021189
1988_65,1987,-6.919547392474627
1988_65,1988,-12.396760939902054
1988_65,1989,-3.281746187392062
1988_66,1982,-0.8999886062644273
1988_66,1983,-8.456897566413593
1988_66,1984,-8.833857149948178
1988_66,1985,9.14492115328639
1988_66,1986,3.4798169738521167
1988_66,1987,-8.639346703973217
1988_66,1988,-9.980542497509395
1988_66,1989,0.6970170256873572
1988_68,1982,0.5730164872382731
1988_68,1983,-8.470926284383133
1988_68,1984,-8.10937296394485
1988_68,1985,10.223160810802126
1988_68,1986,3.133834504268723
1988_68,1987,-7.515898314140661
1988_68,1988,-9.106273644284297
1988_68,1989,1.0435379947411711
1988_69,1982,5.226531490386295
1988_69,1983,-3.0004471194510134
1988_69,1984,-12.601239232391839
1988_69,1985,7.3877286478952255
1988_69,1986,-0.38671854566224795
1988_69,1987,-7.8400932655907445
1988_69,1988,-15.339977715925466
1988_69,1989,-4.286834332967207
1988_73,1982,-2.3492643164310993
1988_73,1983,-4.2842977277688465
1988_73,1984,-10.884518278348644
1988_73,1985,1.7184129682423983
1988_73,1986,4.480187194188969
1988_73,1987,-5.694346819529692
1988_73,1988,-15.685701015873448
1988_73,1989,-6.440861764299351
1988_75,1982,5.130278548733023
1988_75,1983,-0.19876123974744075
1988_75,1984,-10.660665453362238
1988_75,1985,5.360445570893128
1988_75,1986,1.1322389604213654
1988_75,1987,-8.04770892364686
1988_75,1988,-15.030211651512756
1988_75,1989,-3.5162426631355763
1988_76,1982,-3.6462708565853172
1988_76,1983,-7.428740139142189
1988_76,1984,-11.656835923751748
1988_76,1985,10.202754472139233
1988_76,1986,3.14712219561815
1988_76,1987,-9.258852805587297
1988_76,1988,-5.9173897590596445
1988_76,1989,1.6465020330881437
1988_77,1982,-0.8965153906585606
1988_77,1983,-4.14504446700306
1988_77,1984,-10.165767556769227
1988_77,1985,2.9548971990502992
1988_77,1986,5.084531464293042
1988_77,1987,-5.79597646311426
1988_77,1988,-15.57903518912653
1988_77,1989,-5.0077880101588645
1988_81,1982,-1.6407117217236942
1988_81,1983,-6.020841904394456
1988_81,1984,-13.660039574713219
1988_81,1985,11.088787578694124
1988_81,1986,2.4658686312854114
1988_81,1987,-10.652815268525545
1988_81,1988,-7.145439266312946
1988_81,1989,0.5030259963505259
1988_82,1982,-0.2663122478912783
1988_82,1983,-4.478530289557612
1988_82,1984,-10.599585555146755
1988_82,1985,1.5573660700592822
1988_82,1986,5.998133808033304
1988_82,1987,-6.36705248127988
1988_82,1988,-13.603815400501043
1988_82,1989,-6.414221853269967
1988_83,1982,7.482685873905934
1988_83,1983,-2.5655727323825466
1988_83,1984,-9.746588375142796
1988_83,1985,8.944838267004778
1988_83,1986,4.017966693585984
1988_83,1987,-10.374588452475916
1988_83,1988,-12.615963158490587
1988_83,1989,-2.0202977623301317
1988_84,1982,0.5246438153087648
1988_84,1983,-3.818729382663354
1988_84,1984,-9.818942833086133
1988_84,1985,2.001683692872016
1988_84,1986,7.2902368321044575
1988_84,1987,-5.226519953285654
1988_84,1988,-12.533650107992978
1988_84,1989,-6.231129492339946
1988_86,1982,1.5261433022297541
1988_86,1983,-4.196546834253485
1988_86,1984,-12.536931636302713
1988_86,1985,10.526542871466203
1988_86,1986,2.2528355592724068
1988_86,1987,-10.085412882436554
1988_86,1988,-8.25508320075373
1988_86,1989,1.4716796851735936
1988_9,1982,9.064023051993791
1988_9,1983,-2.4840414848573538
1988_9,1984,1.764812822060897
1988_9,1985,3.3253546616804983
1988_9,1986,7.897186410686836
1988_9,1987,-12.073709956848461
1988_9,1988,-14.224207592007266
1988_9,1989,40.608605574735876
1988_90,1982,-3.4527593782367916
1988_90,1983,-5.4366335621265085
1988_90,1984,-14.777223933882233
1988_90,1985,13.560081388291612
1988_90,1986,2.8880359125674793
1988_90,1987,-9.827638217856604
1988_90,1988,-6.524450238725469
1988_90,1989,2.8385979526868352
1988_92,1982,3.468924399248748
1988_92,1983,0.36882716495609397
1988_92,1984,-9.076641163726622
1988_92,1985,4.7943725015155705
1988_92,1986,2.358735169715859
1988_92,1987,-8.594292331935863
1988_92,1988,-15.723922119846279
1988_92,1989,-4.419377844861933
1988_93,1982,1.3892966386432701
1988_93,1983,-3.5530522882124753
1988_93,1984,-15.206333371030125
1988_93,1985,13.77802996082466
1988_93,1986,0.441226235827988
1988_93,1987,-11.45934392949053
1988_93,1988,-6.254986753929768
1988_93,1989,14.299981537002708
1988_94,1982,3.8034774593490286
1988_94,1983,-5.689694120522879
1988_94,1984,-11.047593193637994
1988_94,1985,-0.3109767850779761
1988_94,1986,6.658015790260058
1988_94,1987,-6.625240283888612
1988_94,1988,-11.353390585209297
1988_94,1989,-11.554260842918037
1988_96,1982,9.628585610238158
1988_96,1983,1.5248411982156966
1988_96,1984,-8.175549383038383
1988_96,1985,9.709854614028268
1988_96,1986,2.3967409640798354
1988_96,1987,-10.396617543762634
1988_96,1988,-13.682873940556995
1988_96,1989,-2.609755376933294
1988_97,1982,2.998737343524801
1988_97,1983,-4.573658221438625
1988_97,1984,-9.68691975320745
1988_97,1985,1.6389815054427537
1988_97,1986,3.8707153906720855
1988_97,1987,-6.991179814895209
1988_97,1988,-11.235774274850238
1988_97,1989,-5.8278939382916155
1988_98,1982,8.702139610834063
1988_98,1983,6.172295261016462
1988_98,1984,-9.638197558155037
1988_98,1985,5.8056711435594
1988_98,1986,1.8319373145741331
1988_98,1987,-8.870033912843123
1988_98,1988,-15.559189311532245
1988_98,1989,-4.795866688775905
1988_99,1982,14.188831127052671
1988_99,1983,3.705219431795848
1988_99,1984,-8.024144548781104
1988_99,1985,7.662671608604242
1988_99,1986,1.962376626611517
1988_99,1987,-9.362239908574699
1988_99,1988,-14.793722702324095
1988_99,1989,-6.048007793545308
1989_1004,1983,0.4533683670258049
1989_1004,1984,-10.211216443753477
1989_1004,1985,11.980927893398842
1989_1004,1986,0.34875231950166113
1989_1004,1987,-8.019855205550598
1989_1004,1988,-13.736565443433747
1989_1004,1989,-15.53249503654942
1989_1004,1990,-1.9891482893468933
1989_1005,1983,-13.020484297843291
1989_1005,1984,-11.306628158919972
1989_1005,1985,14.443838363583515
1989_1005,1986,-0.2476088682137648
1989_1005,1987,-12.27063017582845
1989_1005,1988,-2.022742381507078
1989_1005,1989,-14.713200964749873
1989_1005,1990,-10.840359511271574
1989_1016,1983,-3.7617331726764354
1989_1016,1984,-6.985193390544473
1989_1016,1985,11.413991259889173
1989_1016,1986,-0.6772482238580547
1989_1016,1987,-5.576290034374389
1989_1016,1988,-12.923239052939769
1989_1016,1989,-16.781180884265215
1989_1016,1990,0.570121944366543
1989_1024,1983,-7.325696497796733
1989_1024,1984,-8.394790340675561
1989_1024,1985,14.4905212257574
1989_1024,1986,-0.4094237027937524
1989_1024,1987,-10.086681003447922
1989_1024,1988,-8.96516434318288
1989_1024,1989,-16.028693496182612
1989_1024,1990,-3.175725119275372
1989_1025,1983,-4.604800526602241
1989_1025,1984,-8.987517254171559
1989_1025,1985,5.527492318452299
1989_1025,1986,2.446269515378276
1989_1025,1987,-7.355845878120583
1989_1025,1988,-14.231679008479366
1989_1025,1989,-14.74786997695555
1989_1025,1990,2.744305035889494
1989_1028,1983,-2.833913454027114
1989_1028,1984,-10.187657895432574
1989_1028,1985,13.267519150511108
1989_1028,1986,-0.20026439651117034
1989_1028,1987,-9.46037107282376
1989_1028,1988,-13.256625121311552
1989_1028,1989,-15.791800055354313
1989_1028,1990,-2.4716932666508002
1989_1033,1983,-2.311806901525752
1989_1033,1984,-10.976734945272668
1989_1033,1985,14.049138401455286
1989_1033,1986,-1.3593907240884613
1989_1033,1987,-7.000256838633558
1989_1033,1988,-13.651459376899155
1989_1033,1989,-16.115660636124357
1989_1033,1990,0.48019358835144316
1989_1037,1983,-4.719084692697281
1989_1037,1984,-10.835030987266812
1989_1037,1985,1.8471533508953577
1989_1037,1986,5.185351379647967
1989_1037,1987,-6.079436130526141
1989_1037,1988,-15.105898566273149
1989_1037,1989,-17.11391922256255
1989_1037,1990,-3.972484579032784
1989_1039,1983,-7.10538494740083
1989_1039,1984,-6.117676394899418
1989_1039,1985,4.725776832683034
1989_1039,1986,2.8181356273903675
1989_1039,1987,-15.630444880400708
1989_1039,1988,-10.32643539154265
1989_1039,1989,2.643963538544338
1989_1039,1990,-14.314923464058092
1989_1041,1983,-13.126217220067986
1989_1041,1984,-12.646509497846322
1989_1041,1985,9.825081886537452
1989_1041,1986,-1.2701449083245369
1989_1041,1987,-12.478577733778977
1989_1041,1988,-5.5821110750459475
1989_1041,1989,-12.162717099278586
1989_1041,1990,-9.850533375118285
1989_1047,1983,-6.495482808156107
1989_1047,1984,-9.541467281827257
1989_1047,1985,1.8236464351275952
1989_1047,1986,1.857007296112874
1989_1047,1987,-7.738320875987712
1989_1047,1988,-10.521450023360094
1989_1047,1989,-16.3007048834666
1989_1047,1990,6.664407268425677
1989_1050,1983,-16.13504616267259
1989_1050,1984,-12.915407472786086
1989_1050,1985,15.986403183444153
1989_1050,1986,-2.9634027091723376
1989_1050,1987,-9.348277527713215
1989_1050,1988,-1.551855511795889
1989_1050,1989,-15.542501955030147
1989_1050,1990,-6.4314790815966205
1989_1054,1983,-2.5437554562680242
1989_1054,1984,-8.965395317833366
1989_1054,1985,13.354123677964422
1989_1054,1986,-1.4660194854003856
1989_1054,1987,-5.743253088585161
1989_1054,1988,-12.149763987686333
1989_1054,1989,-15.706039699456825
1989_1054,1990,0.6969573270613673
1989_1069,1983,2.0338719204132625
1989_1069,1984,-9.82436192801225
1989_1069,1985,11.8052076630931
1989_1069,1986,0.015746059957089997
1989_1069,1987,-7.912899479171984
1989_1069,1988,-14.765944926497847
1989_1069,1989,-15.020038116723223
1989_1069,1990,-0.16913035716134886
1989_1071,1983,-12.71814266341421
1989_1071,1984,-9.576675958780298
1989_1071,1985,13.03802805244886
1989_1071,1986,-6.915289411843356
1989_1071,1987,-10.218213347406719
1989_1071,1988,-5.848173356788233
1989_1071,1989,-19.77609570804411
1989_1071,1990,0.35303900666616317
1989_1072,1983,-14.07594851239883
1989_1072,1984,-13.359777990944755
1989_1072,1985,11.032557325843422
1989_1072,1986,-1.1672580437206943
1989_1072,1987,-13.061481165481743
1989_1072,1988,-5.852119836475505
1989_1072,1989,-13.190339181526701
1989_1072,1990,-9.725325784783607
1989_1078,1983,-2.6306052952981327
1989_1078,1984,-8.558494371323684
1989_1078,1985,13.989470125200215
1989_1078,1986,-1.2944696271988114
1989_1078,1987,-5.269597146286846
1989_1078,1988,-12.292132584418473
1989_1078,1989,-15.694411874382231
1989_1078,1990,0.9768694009801528
1989_1081,1983,-10.983384900601127
1989_1081,1984,-14.666127857997
1989_1081,1985,13.334472669492486
1989_1081,1986,3.295129428152346
1989_1081,1987,-9.469157918046823
1989_1081,1988,-7.0051977217410455
1989_1081,1989,-15.881824576748889
1989_1081,1990,-6.155593186521523
1989_1084,1983,2.6788938314593858
1989_1084,1984,-9.121494277450283
1989_1084,1985,16.573492802928694
1989_1084,1986,-1.4806115553395116
1989_1084,1987,-5.901479742498885
1989_1084,1988,-9.316980028612216
1989_1084,1989,-16.116980476778632
1989_1084,1990,0.7672487261575938
1989_1088,1983,-7.2854013796016535
1989_1088,1984,-11.87890107671675
1989_1088,1985,16.077632063972672
1989_1088,1986,1.105987651440042
1989_1088,1987,-9.578891692891153
1989_1088,1988,-11.416820613469893
1989_1088,1989,-15.065411379278109
1989_1088,1990,-6.785986620562158
1989_1100,1983,-3.945535504789622
1989_1100,1984,-3.7705358550711154
1989_1100,1985,15.009941768731844
1989_1100,1986,-2.6346841825390617
1989_1100,1987,-5.013386017536778
1989_1100,1988,-3.3348396433651204
1989_1100,1989,-16.603543631151776
1989_1100,1990,5.163905137383268
1989_1106,1983,-16.487295815737806
1989_1106,1984,-13.545888034330154
1989_1106,1985,16.735798590892085
1989_1106,1986,0.6651045620821421
1989_1106,1987,-10.502104588373571
1989_1106,1988,-4.398035661468552
1989_1106,1989,-17.48823113462731
1989_1106,1990,-9.06966269737624
1989_1107,1983,-5.940590652752277
1989_1107,1984,-6.374047539855726
1989_1107,1985,7.622070435239237
1989_1107,1986,0.0906180706223066
1989_1107,1987,-7.522218506227404
1989_1107,1988,-11.31221082028758
1989_1107,1989,-17.532064778571353
1989_1107,1990,4.781803021990774
1989_1108,1983,-13.30537283812119
1989_1108,1984,-15.5526927341881
1989_1108,1985,13.018375105225365
1989_1108,1986,2.2245005722395383
1989_1108,1987,-10.33492828805149
1989_1108,1988,-7.420015621018017
1989_1108,1989,-10.561105937617212
1989_1108,1990,-8.90224803096395
1989_1109,1983,-10.272650211247443
1989_1109,1984,-9.583811471098729
1989_1109,1985,15.360457056315939
1989_1109,1986,-1.4648731482361403
1989_1109,1987,-11.641825809653662
1989_1109,1988,-8.716090913911062
1989_1109,1989,-14.535805785398315
1989_1109,1990,-5.5885732869627365
1989_1112,1983,-11.215558296162355
1989_1112,1984,-10.512064994215715
1989_1112,1985,8.928138244881152
1989_1112,1986,-0.4804420749284605
1989_1112,1987,-13.578113653843756
1989_1112,1988,-4.544503823765715
1989_1112,1989,-8.583538001023634
1989_1112,1990,-10.71150820948549
1989_1118,1983,-6.358355194161962
1989_1118,1984,-6.729530293907814
1989_1118,1985,5.792881683119357
1989_1118,1986,0.8756877821749272
1989_1118,1987,-7.228496989074023
1989_1118,1988,-9.871799937562125
1989_1118,1989,-17.81171628151037
1989_1118,1990,7.503469689088855
1989_1123,1983,-11.26616632629917
1989_1123,1984,-10.672410660125118
1989_1123,1985,9.247832217046787
1989_1123,1986,-0.6841699458320795
1989_1123,1987,-13.66409489652663
1989_1123,1988,-4.115275840886713
1989_1123,1989,-9.546923561772473
1989_1123,1990,-10.714187977351923
1989_1124,1983,-9.87949464220053
1989_1124,1984,-11.273662290444278
1989_1124,1985,8.309401502157275
1989_1124,1986,4.72745350204855
1989_1124,1987,-10.136356880579465
1989_1124,1988,-9.500580817534148
1989_1124,1989,-10.310944632706436
1989_1124,1990,-15.048684172479161
1989_1131,1983,0.8527840729242436
1989_1131,1984,-10.315683926614236
1989_1131,1985,11.584243954432475
1989_1131,1986,0.3134140057005161
1989_1131,1987,-8.026789150837425
1989_1131,1988,-14.149358840784407
1989_1131,1989,-15.173721715325813
1989_1131,1990,-0.318060924014555
1989_1146,1983,-16.647434840099596
1989_1146,1984,-13.569068384509897
1989_1146,1985,16.423496797170614
1989_1146,1986,-2.052378180069191
1989_1146,1987,-8.825196209053908
1989_1146,1988,-2.056328761948786
1989_1146,1989,-14.315610795652354
1989_1146,1990,-6.161462130291644
1989_1147,1983,-11.633399795262273
1989_1147,1984,-9.374632000450937
1989_1147,1985,11.403905003301942
1989_1147,1986,-1.3480907675247817
1989_1147,1987,-14.136039901134444
1989_1147,1988,-2.58832964424275
1989_1147,1989,-11.225127474430485
1989_1147,1990,-12.521814764009227
1989_1149,1983,-2.1213633221528423
1989_1149,1984,-9.216824633887109
1989_1149,1985,5.721859661882719
1989_1149,1986,2.707398218776101
1989_1149,1987,-8.293223669366347
1989_1149,1988,-15.455357361854695
1989_1149,1989,-15.802766782379246
1989_1149,1990,-0.04548703678432346
1989_1155,1983,-11.729132159597373
1989_1155,1984,-10.485788526235654
1989_1155,1985,8.481878700259015
1989_1155,1986,-0.5023205745735501
1989_1155,1987,-13.729767598181112
1989_1155,1988,-5.106053470522799
1989_1155,1989,-7.7955393665863895
1989_1155,1990,-11.061195944984215
1989_1156,1983,-11.142310823625467
1989_1156,1984,-9.638701856959148
1989_1156,1985,12.085845064432116
1989_1156,1986,-0.9937668590386792
1989_1156,1987,-13.6594534725973
1989_1156,1988,-2.304504782555304
1989_1156,1989,-11.775525660992443
1989_1156,1990,-12.18421690581028
1989_1161,1983,-6.760573628981608
1989_1161,1984,-12.291090285899825
1989_1161,1985,4.4096312647242355
1989_1161,1986,1.150282463255805
1989_1161,1987,-6.030068901443472
1989_1161,1988,-13.615635999916096
1989_1161,1989,-13.844583941770141
1989_1161,1990,-2.853945277093712
1989_1166,1983,-9.641585436859515
1989_1166,1984,-5.982603270519366
1989_1166,1985,1.5065290941203309
1989_1166,1986,1.5793890312497847
1989_1166,1987,-16.667383257580777
1989_1166,1988,-10.11953683431309
1989_1166,1989,4.9531367119719905
1989_1166,1990,-14.649846260478062
1989_1169,1983,-6.873590834852982
1989_1169,1984,-12.346652386526207
1989_1169,1985,15.439608064263197
1989_1169,1986,0.9452716291509194
1989_1169,1987,-9.540774614742173
1989_1169,1988,-12.000071612914335
1989_1169,1989,-15.559083980304893
1989_1169,1990,-6.672765435623601
1989_1186,1983,-5.2150976172954016
1989_1186,1984,-8.409099394570724
1989_1186,1985,14.891806061774878
1989_1186,1986,-0.14476248797528987
1989_1186,1987,-9.0294889267197
1989_1186,1988,-10.132683055156786
1989_1186,1989,-15.848124506276205
1989_1186,1990,-3.541897233377494
1989_1190,1983,-8.892496779228546
1989_1190,1984,-6.619884139414396
1989_1190,1985,3.7929695989553274
1989_1190,1986,2.7657467000635214
1989_1190,1987,-15.335372444893787
1989_1190,1988,-9.8778624364635
1989_1190,1989,2.1575380551355305
1989_1190,1990,-15.3552935464327
1989_1195,1983,-10.815825178441113
1989_1195,1984,-12.60242463795126
1989_1195,1985,5.191621578667905
1989_1195,1986,-0.43269003729211103
1989_1195,1987,-8.903688915927127
1989_1195,1988,-15.995293345865052
1989_1195,1989,-15.537930860387114
1989_1195,1990,0.755073640064628
1989_1213,1983,-15.800086031549231
1989_1213,1984,-11.442270195335325
1989_1213,1985,17.053724867807123
1989_1213,1986,-4.458700126398865
1989_1213,1987,-9.714215388965012
1989_1213,1988,-2.342947519705184
1989_1213,1989,-16.63767677488106
1989_1213,1990,-2.1835514055238137
1989_1219,1983,-3.5543607462156075
1989_1219,1984,-9.336151933152191
1989_1219,1985,5.345369999962069
1989_1219,1986,2.747691595311096
1989_1219,1987,-7.877113947396232
1989_1219,1988,-14.515992213506443
1989_1219,1989,-15.367979162573077
1989_1219,1990,1.2411122030848774
1989_1233,1983,-22.098194253721964
1989_1233,1984,-15.388278159242573
1989_1233,1985,20.369273359162555
1989_1233,1986,0.5914716427278615
1989_1233,1987,-8.626111685690265
1989_1233,1988,-4.1415238995006005
1989_1233,1989,-13.360329552375694
1989_1233,1990,-4.742022238138903
1989_1234,1983,-13.790818001788455
1989_1234,1984,-10.739055458001687
1989_1234,1985,8.110052184020471
1989_1234,1986,2.887152399561978
1989_1234,1987,-10.059228813584994
1989_1234,1988,-8.37547159528807
1989_1234,1989,-16.993656906594595
1989_1234,1990,-8.274070642734483
1989_1236,1983,-8.870221417016033
1989_1236,1984,-7.353626791133197
1989_1236,1985,5.382866992899601
1989_1236,1986,3.041691753247528
1989_1236,1987,-14.283545659016243
1989_1236,1988,-9.422198603764686
1989_1236,1989,0.2640704802190233
1989_1236,1990,-14.8210609221097
1989_1242,1983,-20.12157952090582
1989_1242,1984,-14.83414190160677
1989_1242,1985,19.529451866124635
1989_1242,1986,0.1430832891885497
1989_1242,1987,-8.119977490186631
1989_1242,1988,-3.046412463550999
1989_1242,1989,-13.421027411994018
1989_1242,1990,-4.533477824681326
1989_1243,1983,-4.61993592049319
1989_1243,1984,-7.780553037517886
1989_1243,1985,14.858568567118283
1989_1243,1986,1.043989822678352
1989_1243,1987,-6.335185025536437
1989_1243,1988,-7.209150608132748
1989_1243,1989,-15.477508269203213
1989_1243,1990,4.4746960295684595
1989_1249,1983,-9.586497798560032
1989_1249,1984,-9.97528579949577
1989_1249,1985,7.886217667032343
1989_1249,1986,3.7987388120936636
1989_1249,1987,-8.809059381127984
1989_1249,1988,-13.108385330884154
1989_1249,1989,-12.206224640726914
1989_1249,1990,1.303654853685228
1989_1255,1983,-13.941275305336434
1989_1255,1984,-12.77024463321787
1989_1255,1985,10.418334816817696
1989_1255,1986,3.0253395219929
1989_1255,1987,-10.24310700801935
1989_1255,1988,-6.993520894900299
1989_1255,1989,-16.704992028084018
1989_1255,1990,-6.915111773728194
1989_1264,1983,-7.076076835702799
1989_1264,1984,-7.707038871459638
1989_1264,1985,5.302095963657796
1989_1264,1986,0.7473637924531099
1989_1264,1987,-19.522495025323334
1989_1264,1988,-11.368249820299132
1989_1264,1989,5.604640895797094
1989_1264,1990,-18.94085669866394
1989_1266,1983,-6.853600112014786
1989_1266,1984,-7.9222763889331205
1989_1266,1985,3.8176930970751592
1989_1266,1986,0.8690657372044809
1989_1266,1987,-8.625376996574188
1989_1266,1988,-13.914014262669872
1989_1266,1989,-16.538606603711926
1989_1266,1990,4.70468229541717
1989_1274,1983,-2.244126838992373
1989_1274,1984,-9.632580587447007
1989_1274,1985,14.802392340652096
1989_1274,1986,-1.7646922141225643
1989_1274,1987,-6.3291057434738
1989_1274,1988,-14.208009695314878
1989_1274,1989,-16.41180471407998
1989_1274,1990,-0.05108509109154724
1989_1276,1983,-5.0247341081706125
1989_1276,1984,-11.742110275248088
1989_1276,1985,2.328778346869138
1989_1276,1986,1.617749550241603
1989_1276,1987,-6.621197190306819
1989_1276,1988,-14.931001698218706
1989_1276,1989,-14.528084720152544
1989_1276,1990,-4.834648349742862
1989_1277,1983,-7.819247102815326
1989_1277,1984,-10.482839538512824
1989_1277,1985,0.2826925084663176
1989_1277,1986,3.196837687247296
1989_1277,1987,-7.460098499201457
1989_1277,1988,-9.332257295577188
1989_1277,1989,-18.180415495206013
1989_1277,1990,3.9274057351113916
1989_1285,1983,-11.890570258479979
1989_1285,1984,-12.849342273581653
1989_1285,1985,9.268568959321131
1989_1285,1986,-1.1678558433851194
1989_1285,1987,-7.188255592448499
1989_1285,1988,-13.190397048055871
1989_1285,1989,-12.456699876492095
1989_1285,1990,-3.795061866361626
1989_1291,1983,-3.5980123239894692
1989_1291,1984,-10.440224816719995
1989_1291,1985,12.661769514450052
1989_1291,1986,0.17134814618990765
1989_1291,1987,-8.721152888374325
1989_1291,1988,-12.238889341151847
1989_1291,1989,-16.217156318277045
1989_1291,1990,0.35846677251566633
1989_1302,1983,3.1314006833126706
1989_1302,1984,-5.998204956659506
1989_1302,1985,16.916291364228105
1989_1302,1986,-0.9321587874609106
1989_1302,1987,-5.556554828406931
1989_1302,1988,-11.640259129500857
1989_1302,1989,-16.18204740615844
1989_1302,1990,0.9470383251588508
1989_1303,1983,-18.06296989532809
1989_1303,1984,-11.369783359152825
1989_1303,1985,19.854005870680766
1989_1303,1986,-2.2311219513421676
1989_1303,1987,-7.738234327408452
1989_1303,1988,-4.603133016230091
1989_1303,1989,-14.87768123698938
1989_1303,1990,-0.5427646751382007
1989_1305,1983,-4.828820872848616
1989_1305,1984,-6.182037615639177
1989_1305,1985,12.583363205064886
1989_1305,1986,-1.662564314517966
1989_1305,1987,-3.916177092917136
1989_1305,1988,-13.07304248869527
1989_1305,1989,-17.375392875903117
1989_1305,1990,2.820697910044217
1989_1310,1983,1.6498186146261327
1989_1310,1984,-6.695873026532933
1989_1310,1985,13.331086978378075
1989_1310,1986,-0.018325141735819155
1989_1310,1987,-3.632220904263775
1989_1310,1988,-7.438342011386207
1989_1310,1989,-16.073174294645494
1989_1310,1990,4.658050307812048
1989_1313,1983,-4.726916299601414
1989_1313,1984,-5.386850441859188
1989_1313,1985,15.91742455856879
1989_1313,1986,-0.8063931555768041
1989_1313,1987,-5.311264375184221
1989_1313,1988,-2.6727531999576253
1989_1313,1989,-16.132079371680145
1989_1313,1990,4.934163910790254
1989_1319,1983,1.3443283040261689
1989_1319,1984,-10.27496194843102
1989_1319,1985,11.460856864091186
1989_1319,1986,0.04616038619124533
1989_1319,1987,-8.005086396088032
1989_1319,1988,-14.342886691601423
1989_1319,1989,-15.313637012517946
1989_1319,1990,-0.4682603790579307
1989_1320,1983,-19.50795230916288
1989_1320,1984,-10.98632223495458
1989_1320,1985,20.115365155661404
1989_1320,1986,-0.2974258725505982
1989_1320,1987,-7.905278040840456
1989_1320,1988,-5.866647825876775
1989_1320,1989,-14.503991572801135
1989_1320,1990,-2.5638821210405167
1989_1325,1983,-4.7946831420131515
1989_1325,1984,-5.811868493587805
1989_1325,1985,10.196113183326803
1989_1325,1986,-0.018795061332698815
1989_1325,1987,-5.225741396543618
1989_1325,1988,-11.894109219043784
1989_1325,1989,-16.864463671092498
1989_1325,1990,2.730999250951668
1989_1326,1983,-4.272683572040729
1989_1326,1984,-9.731134924622948
1989_1326,1985,3.9113877295210315
1989_1326,1986,4.068056329328554
1989_1326,1987,-7.145987053607752
1989_1326,1988,-15.027643669874417
1989_1326,1989,-14.708848741052506
1989_1326,1990,-2.54587462184294
1989_1329,1983,-1.440838295209718
1989_1329,1984,-5.966457555428309
1989_1329,1985,14.071219777079415
1989_1329,1986,-0.11157219705322863
1989_1329,1987,-4.374373245698716
1989_1329,1988,-4.628710722790572
1989_1329,1989,-14.90789967625934
1989_1329,1990,4.571226083387431
1989_1337,1983,-13.457760656426805
1989_1337,1984,-12.921028651638936
1989_1337,1985,11.097140003739275
1989_1337,1986,2.789187886017558
1989_1337,1987,-10.411382548387813
1989_1337,1988,-7.235058242617065
1989_1337,1989,-16.58034806349635
1989_1337,1990,-5.633392116787877
1989_1342,1983,-13.648537113660824
1989_1342,1984,-13.044925197861545
1989_1342,1985,11.594671592097214
1989_1342,1986,-0.47480759259897926
1989_1342,1987,-12.135313031131503
1989_1342,1988,-5.515682575000688
1989_1342,1989,-12.352969963847466
1989_1342,1990,-8.710241212789137
1989_1352,1983,-3.4292074514267505
1989_1352,1984,-9.347926316673224
1989_1352,1985,5.316879222829587
1989_1352,1986,2.6093255252112253
1989_1352,1987,-8.369585604343554
1989_1352,1988,-14.875481861093931
1989_1352,1989,-16.19273220374475
1989_1352,1990,1.6101284278353725
1989_1357,1983,-16.456314341483218
1989_1357,1984,-15.298896662403228
1989_1357,1985,15.452640636746148
1989_1357,1986,-0.8026208386239274
1989_1357,1987,-9.727175159936298
1989_1357,1988,-6.215263820306582
1989_1357,1989,-12.481654856807282
1989_1357,1990,-6.015038194388077
1989_1364,1983,-11.20568690621268
1989_1364,1984,-14.325837250854427
1989_1364,1985,14.223196897219369
1989_1364,1986,3.258421216215614
1989_1364,1987,-9.41191254795048
1989_1364,1988,-5.949098027473414
1989_1364,1989,-15.324002174145397
1989_1364,1990,-4.064605872904606
1989_1365,1983,-12.030007164030138
1989_1365,1984,-13.867077137510156
1989_1365,1985,11.340476813620873
1989_1365,1986,0.39912820655207426
1989_1365,1987,-10.497619343293023
1989_1365,1988,-6.212859429836068
1989_1365,1989,-8.312510016500632
1989_1365,1990,-11.901879545645226
1989_1368,1983,-8.34916927665403
1989_1368,1984,-12.54846937158645
1989_1368,1985,11.553566666245937
1989_1368,1986,4.546763140226159
1989_1368,1987,-9.269009368695988
1989_1368,1988,-7.121178982768001
1989_1368,1989,-9.454854832899736
1989_1368,1990,-15.115313736487096
1989_1376,1983,-5.039343950150915
1989_1376,1984,-7.454130594693687
1989_1376,1985,15.089385327769966
1989_1376,1986,1.129305677370115
1989_1376,1987,-6.638533868732771
1989_1376,1988,-7.68885480337284
1989_1376,1989,-15.975077116766093
1989_1376,1990,4.419738799624723
1989_1452,1983,1.6722468522197198
1989_1452,1984,-7.402416895489864
1989_1452,1985,16.722002854686327
1989_1452,1986,-1.1068935441048897
1989_1452,1987,-4.841263569942197
1989_1452,1988,-9.245541175105878
1989_1452,1989,-15.510777815808929
1989_1452,1990,0.793940083589925
1989_1457,1983,-2.7847297387208356
1989_1457,1984,-2.4680403326783584
1989_1457,1985,15.343041886601752
1989_1457,1986,-2.5165020860883165
1989_1457,1987,-3.5094183552909555
1989_1457,1988,-6.027360213392409
1989_1457,1989,-16.814400104503928
1989_1457,1990,4.4312084315673435
1989_1465,1983,1.9728213305375282
1989_1465,1984,-7.568835084412299
1989_1465,1985,16.662884629897068
1989_1465,1986,-0.9446421294197404
1989_1465,1987,-5.297262418572472
1989_1465,1988,-10.234808756505169
1989_1465,1989,-14.833127583002556
1989_1465,1990,0.9249749281234194
1989_789,1983,-11.480785850362489
1989_789,1984,-10.601635786276534
1989_789,1985,12.352090979629503
1989_789,1986,-0.726491122073945
1989_789,1987,-13.0895624906995
1989_789,1988,-3.287019732716839
1989_789,1989,-12.644821196603795
1989_789,1990,-11.194855937423908
1989_798,1983,-0.593635349472511
1989_798,1984,-11.369683327971979
1989_798,1985,15.308394297678042
1989_798,1986,-1.364591084231962
1989_798,1987,-7.494055927302139
1989_798,1988,-13.930548148919073
1989_798,1989,-15.888741656824513
1989_798,1990,-0.05025958013408314
1989_806,1983,-17.055127543459843
1989_806,1984,-12.758474001511223
1989_806,1985,18.05426534670674
1989_806,1986,1.6050731251118524
1989_806,1987,-9.65025544408285
1989_806,1988,-3.958261048629975
1989_806,1989,-17.11793955167018
1989_806,1990,-7.778184786600855
1989_831,1983,-11.408965266993954
1989_831,1984,-10.690613200466899
1989_831,1985,8.766724284492815
1989_831,1986,-0.7962026320345608
1989_831,1987,-13.931971980862693
1989_831,1988,-4.285301064223468
1989_831,1989,-9.300541473267554
1989_831,1990,-11.351349887273532
1989_841,1983,-7.090259700407807
1989_841,1984,-9.117643953338005
1989_841,1985,6.57685546610362
1989_841,1986,2.592088570420787
1989_841,1987,-8.715036229114228
1989_841,1988,-14.235869119941063
1989_841,1989,-15.176623012365958
1989_841,1990,1.9135601470694277
1989_845,1983,-9.141069949514087
1989_845,1984,-7.349233972105734
1989_845,1985,14.476985261407442
1989_845,1986,-3.6370382900227014
1989_845,1987,-8.254852715187244
1989_845,1988,-4.764820110114297
1989_845,1989,-18.87960059603802
1989_845,1990,3.1052577834448796
1989_849,1983,-10.803620612758435
1989_849,1984,-10.276188210135645
1989_849,1985,7.742425068524292
1989_849,1986,4.797917671929926
1989_849,1987,-9.72013332422788
1989_849,1988,-11.004033119633469
1989_849,1989,-12.666966670299663
1989_849,1990,-13.842609175836452
1989_854,1983,-10.914242519834913
1989_854,1984,-9.93850769320215
1989_854,1985,9.845450993102899
1989_854,1986,-0.3238987574313974
1989_854,1987,-13.247456612485827
1989_854,1988,-3.087521956232726
1989_854,1989,-9.49455930405655
1989_854,1990,-10.754227070163049
1989_864,1983,-10.773013552709504
1989_864,1984,-15.97222355849963
1989_864,1985,13.824226054120963
1989_864,1986,-0.21821410517334172
1989_864,1987,-10.158470542992717
1989_864,1988,-8.321724133391482
1989_864,1989,-12.198655080711376
1989_864,1990,-1.9173434445747504
1989_867,1983,-4.707859824601875
1989_867,1984,-6.447213642058638
1989_867,1985,8.008803740532086
1989_867,1986,0.6174124007488153
1989_867,1987,-8.159283169879165
1989_867,1988,-13.799018064465558
1989_867,1989,-16.804303610433706
1989_867,1990,3.653455782046199
1989_869,1983,-7.353268333477589
1989_869,1984,-6.313327099562332
1989_869,1985,16.035721793007827
1989_869,1986,-0.7226214050653536
1989_869,1987,-7.141272505060525
1989_869,1988,-3.94673497531558
1989_869,1989,-16.89349204439839
1989_869,1990,3.860237771352216
1989_871,1983,-4.176733605112273
1989_871,1984,-6.770015805839248
1989_871,1985,9.96027336131183
1989_871,1986,-0.9075907285988194
1989_871,1987,-6.644505844605544
1989_871,1988,-12.908955972991281
1989_871,1989,-17.192895032014267
1989_871,1990,1.4280429273664772
1989_874,1983,-4.598141123179285
1989_874,1984,-11.717787453160788
1989_874,1985,5.505418156107107
1989_874,1986,-0.742556922027469
1989_874,1987,-9.998065553603002
1989_874,1988,-17.43071118743257
1989_874,1989,-18.409640041895063
1989_874,1990,-2.284099717278597
1989_878,1983,-3.901063546782688
1989_878,1984,-8.838675478911542
1989_878,1985,14.223821694339696
1989_878,1986,0.793691672117793
1989_878,1987,-6.56369068231601
1989_878,1988,-7.446958904329648
1989_878,1989,-15.50435245876866
1989_878,1990,4.401944486138513
1989_881,1983,-12.277222540011758
1989_881,1984,-9.158161597087515
1989_881,1985,9.290473546973947
1989_881,1986,2.9348716692870567
1989_881,1987,-8.787463875392193
1989_881,1988,-10.869069773800994
1989_881,1989,-13.946245409288968
1989_881,1990,-12.624489578918325
1989_885,1983,-11.860345744208406
1989_885,1984,-12.876645308924799
1989_885,1985,9.295234020263704
1989_885,1986,3.2605175950426974
1989_885,1987,-9.262789913376283
1989_885,1988,-8.750814637623028
1989_885,1989,-15.283018267451093
1989_885,1990,-15.84371953118512
1989_888,1983,-11.564823755576047
1989_888,1984,-7.409168550757925
1989_888,1985,4.717346432129905
1989_888,1986,1.3854223879088405
1989_888,1987,-14.161440198912004
1989_888,1988,-4.153820456746104
1989_888,1989,-0.8301667401943789
1989_888,1990,-18.058647633244128
1989_894,1983,-5.695542689227367
1989_894,1984,-12.759474263494837
1989_894,1985,14.26318698333806
1989_894,1986,0.7857088872112546
1989_894,1987,-9.565028642850747
1989_894,1988,-13.140771019687827
1989_894,1989,-16.31947287287156
1989_894,1990,-6.304453635257965
1989_905,1983,-12.6840065749584
1989_905,1984,-10.61529446231971
1989_905,1985,9.689263145770356
1989_905,1986,0.8306652973411678
1989_905,1987,-8.923652760863098
1989_905,1988,-13.04637659673182
1989_905,1989,-13.071096118298167
1989_905,1990,-11.067596860981155
1989_920,1983,-11.196133201100944
1989_920,1984,-13.864100671170123
1989_920,1985,13.344517231909622
1989_920,1986,2.8132214481025337
1989_920,1987,-10.109939755131572
1989_920,1988,-6.616264874800771
1989_920,1989,-16.000733220712785
1989_920,1990,-3.7789473294251885
1989_922,1983,2.1956467783740026
1989_922,1984,-5.666310187037191
1989_922,1985,16.460245727789054
1989_922,1986,-0.8099175198173691
1989_922,1987,-5.4321581982427505
1989_922,1988,-11.92154337633076
1989_922,1989,-17.21629620464576
1989_922,1990,1.3883505291587404
1989_926,1983,2.2880492397935948
1989_926,1984,-4.505166900991218
1989_926,1985,15.937633577352301
1989_926,1986,-0.8940137736084655
1989_926,1987,-2.660388947678559
1989_926,1988,-7.664935167767619
1989_926,1989,-17.20841863721611
1989_926,1990,1.8533962685800787
1989_928,1983,-8.722189766418717
1989_928,1984,-5.678661770435046
1989_928,1985,2.629618143655924
1989_928,1986,3.092848347774744
1989_928,1987,-15.275188012311729
1989_928,1988,-8.742305952994549
1989_928,1989,3.656813334763669
1989_928,1990,-16.559871065451308
1989_945,1983,-5.715979563671988
1989_945,1984,-9.191918789339654
1989_945,1985,4.492485799332326
1989_945,1986,2.575043024464127
1989_945,1987,-8.748428986241853
1989_945,1988,-15.53973522551316
1989_945,1989,-15.747345716862947
1989_945,1990,-0.25206518496316266
1989_947,1983,-9.216806283375607
1989_947,1984,-8.853566332408517
1989_947,1985,16.213310338978708
1989_947,1986,-1.0671588174740592
1989_947,1987,-11.1047147076734
1989_947,1988,-9.255072847935919
1989_947,1989,-13.986489245071029
1989_947,1990,-5.302434153651705
1989_948,1983,-12.556723319244995
1989_948,1984,-11.431299396953358
1989_948,1985,10.333493405583217
1989_948,1986,-1.4052917123216488
1989_948,1987,-12.877303319376656
1989_948,1988,-4.78649591448028
1989_948,1989,-12.162414631169696
1989_948,1990,-10.251237656807454
1989_964,1983,-5.852832770993066
1989_964,1984,-9.965624606826717
1989_964,1985,2.399803186632242
1989_964,1986,5.589326191597482
1989_964,1987,-6.238097113902359
1989_964,1988,-13.659014135598106
1989_964,1989,-15.741306461869348
1989_964,1990,0.8001020553186798
1989_965,1983,-9.409753412444548
1989_965,1984,-5.687452000088758
1989_965,1985,1.5125173498150397
1989_965,1986,0.7288951602815553
1989_965,1987,-16.52274659885597
1989_965,1988,-10.241688552206105
1989_965,1989,6.653060098662952
1989_965,1990,-13.080629002313449
1989_985,1983,-12.246852774113984
1989_985,1984,-11.407936404444532
1989_985,1985,10.641565955139278
1989_985,1986,-0.8024948088177162
1989_985,1987,-12.07135218000287
1989_985,1988,-4.657268581353784
1989_985,1989,-11.666510042632586
1989_985,1990,-9.353023018389255
1990_100,1984,-19.130452034532656
1990_100,1985,19.434482984573304
1990_100,1986,-3.1265044061426894
1990_100,1987,-7.059915309777698
1990_100,1988,-4.20470361143562
1990_100,1989,-16.084543537231124
1990_100,1990,-7.756973989063257
1990_100,1991,-3.8925594596695534
1990_11,1984,-1.6817537899350923
1990_11,1985,2.750973711428875
1990_11,1986,1.7224986114121388
1990_11,1987,-6.7550896466406725
1990_11,1988,-13.210214658213955
1990_11,1989,-14.148527378012005
1990_11,1990,1.2625594149077326
1990_11,1991,-5.473120852874846
1990_18,1984,-9.71723427520208
1990_18,1985,8.987196490655787
1990_18,1986,-0.6392065958630754
1990_18,1987,-6.943170763576482
1990_18,1988,-14.751315976785248
1990_18,1989,-12.848798596830179
1990_18,1990,1.0664198730855663
1990_18,1991,-10.232198023684594
1990_19,1984,-9.254130924765942
1990_19,1985,8.504835418967497
1990_19,1986,3.042179678568522
1990_19,1987,-8.982172984960508
1990_19,1988,-6.7301207472570965
1990_19,1989,-15.265494462612333
1990_19,1990,-11.258546805420325
1990_19,1991,-4.294508182537781
1990_21,1984,-5.460373879126322
1990_21,1985,2.120485504071997
1990_21,1986,4.906541773518147
1990_21,1987,-5.25621107934871
1990_21,1988,-15.135510587238443
1990_21,1989,-16.797631103373345
1990_21,1990,-0.6499210542729248
1990_21,1991,-11.453241578077598
1990_22,1984,-15.252553485653264
1990_22,1985,9.910088470924164
1990_22,1986,3.165738466347158
1990_22,1987,-9.264954237346855
1990_22,1988,-7.705601207098518
1990_22,1989,-15.847556295574748
1990_22,1990,-11.865137406362704
1990_22,1991,-4.900858989256024
1990_24,1984,-4.790341881548291
1990_24,1985,4.971834419334818
1990_24,1986,2.1601480222732827
1990_24,1987,-7.225851027699647
1990_24,1988,-14.11186106909979
1990_24,1989,-14.119459291928338
1990_24,1990,1.6062557679035157
1990_24,1991,-12.119276432218081
1990_25,1984,-10.87281949948043
1990_25,1985,9.571165731494888
1990_25,1986,3.300953457912641
1990_25,1987,-9.001571543818486
1990_25,1988,-8.20888088254489
1990_25,1989,-15.734005980545382
1990_25,1990,-8.027340945159743
1990_25,1991,-2.815376017386364
1990_26,1984,-14.549383141367047
1990_26,1985,11.251143645345664
1990_26,1986,4.165152075814741
1990_26,1987,-9.89072375139949
1990_26,1988,-7.664108859681387
1990_26,1989,-10.342890471662116
1990_26,1990,-13.16611569953227
1990_26,1991,-3.2471966924434468
1990_27,1984,-15.444262384988305
1990_27,1985,11.809500830269021
1990_27,1986,4.4421470850258125
1990_27,1987,-9.636403025714722
1990_27,1988,-7.709000322261578
1990_27,1989,-11.119991991830725
1990_27,1990,-11.49880517504713
1990_27,1991,-3.071729515550551
1990_29,1984,-15.366911933013698
1990_29,1985,12.04275947323439
1990_29,1986,-1.044960415903572
1990_29,1987,-13.695997821176306
1990_29,1988,-2.035671084888206
1990_29,1989,-11.839750812180439
1990_29,1990,-13.275211992918145
1990_29,1991,-9.59157343526297
1990_36,1984,-18.426319899939017
1990_36,1985,12.433174405081369
1990_36,1986,0.8372396324020824
1990_36,1987,-10.422019176776297
1990_36,1988,-5.604639858633344
1990_36,1989,-9.698534898381391
1990_36,1990,-11.06586872813637
1990_36,1991,-6.337686150526457
1990_37,1984,-8.221528139334588
1990_37,1985,6.2450034147465106
1990_37,1986,3.136228296976171
1990_37,1987,-8.068318243674117
1990_37,1988,-14.326026575776146
1990_37,1989,-16.108442841873615
1990_37,1990,-0.25008529245625627
1990_37,1991,-12.514136809917371
1990_38,1984,-6.202707832636917
1990_38,1985,-0.5481015687683749
1990_38,1986,7.172612397553344
1990_38,1987,-6.350839741360421
1990_38,1988,-12.079637363508953
1990_38,1989,-18.49535042919267
1990_38,1990,-1.442121836843271
1990_38,1991,-14.09766808526955
1990_39,1984,-15.349803491745819
1990_39,1985,13.428143447428631
1990_39,1986,-0.265110280352296
1990_39,1987,-12.789974941008198
1990_39,1988,-1.8372368739740292
1990_39,1989,-13.621454544829037
1990_39,1990,-12.229063806750132
1990_39,1991,-7.623305506764112
1990_47,1984,-10.695823749942546
1990_47,1985,7.985751238982047
1990_47,1986,1.8833113879999743
1990_47,1987,-9.901110105297656
1990_47,1988,-14.559368815631847
1990_47,1989,-17.459862722192117
1990_47,1990,-4.8469708234062105
1990_47,1991,-10.958842715051588
1990_48,1984,-19.483900414228554
1990_48,1985,14.723220133590502
1990_48,1986,1.9356812384335444
1990_48,1987,-9.926278401702527
1990_48,1988,-7.049853791771412
1990_48,1989,-9.437854574679493
1990_48,1990,-11.726440945661679
1990_48,1991,-7.152608400507665
1990_49,1984,-7.532245425939572
1990_49,1985,1.2609108680961587
1990_49,1986,2.72500629904137
1990_49,1987,-7.283223179903203
1990_49,1988,-9.439565844455927
1990_49,1989,-16.937182590909234
1990_49,1990,1.709991698984141
1990_49,1991,-14.560201187738073
1990_50,1984,-18.91361303199496
1990_50,1985,13.922134490696303
1990_50,1986,1.8884234093331866
1990_50,1987,-10.222116754248184
1990_50,1988,-7.696417236820337
1990_50,1989,-10.768158616989146
1990_50,1990,-10.878595321484772
1990_50,1991,-6.227871083032239
1990_61,1984,-21.359953171873872
1990_61,1985,16.507812718019856
1990_61,1986,1.3888090991892728
1990_61,1987,-11.140278311079788
1990_61,1988,-6.481800208645687
1990_61,1989,-13.359872735642156
1990_61,1990,-12.33623673881525
1990_61,1991,-10.659860773073195
1990_62,1984,-22.0959013561715
1990_62,1985,18.641335504834874
1990_62,1986,1.8424694592161874
1990_62,1987,-9.179795194261954
1990_62,1988,-6.814311519373106
1990_62,1989,-9.68824474576293
1990_62,1990,-12.336838811873506
1990_62,1991,-9.141539002971726
1990_63,1984,-17.990689449194015
1990_63,1985,16.10214879349158
1990_63,1986,-0.9105077199942393
1990_63,1987,-11.054036764149572
1990_63,1988,-9.45414594271928
1990_63,1989,-15.017886683719363
1990_63,1990,-11.824778490825873
1990_63,1991,-6.295699429606093
1990_71,1984,-11.771103095475082
1990_71,1985,11.471347696697647
1990_71,1986,-1.249715065820112
1990_71,1987,-6.15888268650431
1990_71,1988,-12.549169398911038
1990_71,1989,-16.462217908679435
1990_71,1990,-6.052744596775869
1990_71,1991,-13.106246194637254
1990_72,1984,-20.595984348302427
1990_72,1985,21.21680426064572
1990_72,1986,3.1884571022829804
1990_72,1987,-7.593409136937478
1990_72,1988,-5.114733948299743
1990_72,1989,-10.713975354728523
1990_72,1990,-12.299305731065203
1990_72,1991,-7.914670593378331
1990_73,1984,-19.722307834836045
1990_73,1985,19.726647042057483
1990_73,1986,2.396375913995133
1990_73,1987,-9.04400968170641
1990_73,1988,-4.309302627396398
1990_73,1989,-15.229335090687869
1990_73,1990,-13.315068922712683
1990_73,1991,-8.685946488646465
1990_74,1984,-21.447002636586667
1990_74,1985,19.639346525468408
1990_74,1986,1.810774360446742
1990_74,1987,-9.335297998798241
1990_74,1988,-6.342495281657885
1990_74,1989,-12.893882182257867
1990_74,1990,-13.775758371817114
1990_74,1991,-9.370897410476061
1990_75,1984,-22.078696155149263
1990_75,1985,19.999281819561336
1990_75,1986,1.2490236062137992
1990_75,1987,-9.208590854575162
1990_75,1988,-5.527300498991633
1990_75,1989,-12.91789476167831
1990_75,1990,-13.107602923768182
1990_75,1991,-9.106671481769789
1990_79,1984,-10.020937514936893
1990_79,1985,11.025849479116927
1990_79,1986,-0.3515530966146822
1990_79,1987,-5.22432172841977
1990_79,1988,-12.88753931099025
1990_79,1989,-16.950541901338678
1990_79,1990,-5.958442850702805
1990_79,1991,-12.124587329273327
1990_89,1984,-20.49874027110039
1990_89,1985,17.380137208761823
1990_89,1986,-4.133349552444298
1990_89,1987,-9.400595192509476
1990_89,1988,-1.3918700335628102
1990_89,1989,-16.066197701331987
1990_89,1990,-11.382379844604031
1990_89,1991,-3.3150944047661595
1990_9,1984,-5.65411316945128
1990_9,1985,2.6849675422241304
1990_9,1986,1.3404454250302074
1990_9,1987,-16.71388787785361
1990_9,1988,-6.458922528071966
1990_9,1989,6.858934140838417
1990_9,1990,-4.5231490197754844
1990_9,1991,-8.60471581788882
1990_90,1984,-17.682683999452607
1990_90,1985,13.939001151099822
1990_90,1986,0.35406073868233684
1990_90,1987,-6.9994696692407485
1990_90,1988,-9.098151774609251
1990_90,1989,-16.053978338967635
1990_90,1990,-5.888222559701922
1990_90,1991,-3.171381264022589
1990_98,1984,-23.977478069216524
1990_98,1985,17.394190576225856
1990_98,1986,-1.1033139484287762
1990_98,1987,-9.248105977932543
1990_98,1988,-3.547357379873868
1990_98,1989,-16.921415162587355
1990_98,1990,-12.355671483870841
1990_98,1991,-5.182367350839282
1990_99,1984,-22.44009261603069
1990_99,1985,17.561411327831824
1990_99,1986,-1.9059819759911214
1990_99,1987,-7.877804860830338
1990_99,1988,-4.4015160541234915
1990_99,1989,-15.819316811884372
1990_99,1990,-10.919267899648643
1990_99,1991,-4.441318839627926
1991_102,1985,18.485814511054304
1991_102,1986,0.11864067089765395
1991_102,1987,-10.433857730608155
1991_102,1988,-11.44423707184184
1991_102,1989,-15.4056379026799
1991_102,1990,-11.313514995062002
1991_102,1991,-17.74848666291798
1991_102,1992,4.2526290546999554
1991_105,1985,27.990128734261855
1991_105,1986,0.9746402659801857
1991_105,1987,-8.750292055479738
1991_105,1988,-6.285748610737042
1991_105,1989,-11.486031484024041
1991_105,1990,-13.96174197152302
1991_105,1991,-19.490378701677063
1991_105,1992,5.963871858587477
1991_108,1985,28.38086193996753
1991_108,1986,2.6237987889043795
1991_108,1987,-8.871418413209804
1991_108,1988,-4.103909064440733
1991_108,1989,-15.110036719122808
1991_108,1990,-13.371727795601325
1991_108,1991,-18.822243490525576
1991_108,1992,14.322260716425745
1991_109,1985,18.105703607520667
1991_109,1986,-0.3557800777871556
1991_109,1987,-7.364172844773642
1991_109,1988,-14.773167132576413
1991_109,1989,-15.594998116300394
1991_109,1990,-5.8414308821375185
1991_109,1991,-19.110791132370867
1991_109,1992,-0.5837592342411788
1991_119,1985,26.1412963717674
1991_119,1986,-1.2438939615178697
1991_119,1987,-7.35870514895807
1991_119,1988,-4.714282308981819
1991_119,1989,-14.521826556248234
1991_119,1990,-11.886450683149718
1991_119,1991,-14.974524826694875
1991_119,1992,6.924580624850913
1991_120,1985,27.406427234507692
1991_120,1986,-0.27270468236755896
1991_120,1987,-7.313400636335852
1991_120,1988,-5.015459970571594
1991_120,1989,-14.267682832677693
1991_120,1990,-10.561592380623624
1991_120,1991,-15.17393732757322
1991_120,1992,10.815275637946888
1991_131,1985,20.945029522724106
1991_131,1986,-4.5732455865778485
1991_131,1987,-7.503602191217946
1991_131,1988,-1.513924629764631
1991_131,1989,-15.816025979161495
1991_131,1990,-8.107175630902645
1991_131,1991,-13.260837064488276
1991_131,1992,4.362606891000489
1991_2,1985,3.1560021615971485
1991_2,1986,13.19893241738842
1991_2,1987,-11.84194925641791
1991_2,1988,-15.43056782941184
1991_2,1989,12.407289566339463
1991_2,1990,-8.262934156042581
1991_2,1991,-7.299656578667155
1991_2,1992,34.74678533830532
1991_26,1985,-3.6576871655757706
1991_26,1986,-4.003602795633799
1991_26,1987,-12.642785668193921
1991_26,1988,0.19521172202233097
1991_26,1989,5.105934856309541
1991_26,1990,1.702425689321703
1991_26,1991,-21.61495379370895
1991_26,1992,14.926878751914177
1991_44,1985,6.912366113399448
1991_44,1986,1.1095738546176979
1991_44,1987,-15.754203737950114
1991_44,1988,-0.3448581590495247
1991_44,1989,1.6969106695532112
1991_44,1990,-10.092592199079345
1991_44,1991,-23.651195490571777
1991_44,1992,8.172293595016116
1991_55,1985,14.070766748968383
1991_55,1986,3.7440406214011333
1991_55,1987,-9.833541028648616
1991_55,1988,-9.380455313334297
1991_55,1989,-12.56399192972785
1991_55,1990,-13.479444690240229
1991_55,1991,-14.166913330867388
1991_55,1992,-1.5459400980674745
1991_58,1985,14.850135770875628
1991_58,1986,3.091370177444857
1991_58,1987,-9.421975880049066
1991_58,1988,-11.737629056021222
1991_58,1989,-13.32460710987698
1991_58,1990,-9.037631578753226
1991_58,1991,-14.021602375245907
1991_58,1992,-8.290014267465939
1991_59,1985,16.04593709919586
1991_59,1986,5.07568334937439
1991_59,1987,-9.293451257955466
1991_59,1988,-8.211743063842109
1991_59,1989,-9.880683044331557
1991_59,1990,-13.003563603127807
1991_59,1991,-14.23671958531932
1991_59,1992,3.2171077610719663
1991_63,1985,3.7660504038210547
1991_63,1986,1.281717550298466
1991_63,1987,-7.061798413718189
1991_63,1988,-14.017168830030924
1991_63,1989,-14.545913080973705
1991_63,1990,0.96296568120896
1991_63,1991,-13.711036751996915
1991_63,1992,0.9334163047821207
1991_65,1985,8.5245096598612
1991_65,1986,1.2448985868813278
1991_65,1987,-8.101655827396387
1991_65,1988,-14.937357972964625
1991_65,1989,-13.774941485511945
1991_65,1990,0.18804407668937037
1991_65,1991,-14.294369632138263
1991_65,1992,-0.35186689122222603
1991_67,1985,17.276551987939406
1991_67,1986,4.5164065392040085
1991_67,1987,-9.430613305046803
1991_67,1988,-7.11012977841609
1991_67,1989,-8.748814210130687
1991_67,1990,-13.744421804272823
1991_67,1991,-14.685173822602223
1991_67,1992,7.261697625896867
1991_68,1985,11.777530019724892
1991_68,1986,2.6960539428472203
1991_68,1987,-9.94498772191175
1991_68,1988,-13.68299367934218
1991_68,1989,-12.069186733415643
1991_68,1990,-1.0996495742384347
1991_68,1991,-13.687704128919904
1991_68,1992,-1.1413792774507172
1991_70,1985,14.09868323504816
1991_70,1986,-1.3515605135646414
1991_70,1987,-13.980640399340311
1991_70,1988,-1.375449871311324
1991_70,1989,-11.16433701938825
1991_70,1990,-13.620174867147092
1991_70,1991,-23.838523664402583
1991_70,1992,11.169771310282654
1991_73,1985,12.104538180807948
1991_73,1986,-1.6032483521406509
1991_73,1987,-12.618690530875412
1991_73,1988,-6.631629940328879
1991_73,1989,-12.677706927050885
1991_73,1990,-12.204649797572015
1991_73,1991,-22.635732723314714
1991_73,1992,9.574157401643012
1991_79,1985,13.257543954255478
1991_79,1986,1.311840843372522
1991_79,1987,-11.258731377892275
1991_79,1988,-9.11312971859642
1991_79,1989,-17.278621885094143
1991_79,1990,-9.276020178755031
1991_79,1991,-17.083802830955864
1991_79,1992,2.9112106648765184
1991_82,1985,18.61362835361478
1991_82,1986,0.016439575063078138
1991_82,1987,-10.138411430159794
1991_82,1988,-8.194988544720935
1991_82,1989,-12.258673902939725
1991_82,1990,-8.836256651494905
1991_82,1991,-15.71798867967569
1991_82,1992,3.4737495884392144
1991_87,1985,7.736082337410031
1991_87,1986,2.234182966719198
1991_87,1987,-8.312941558568962
1991_87,1988,-14.584445848625307
1991_87,1989,-15.819565254867333
1991_87,1990,-0.01328871974071196
1991_87,1991,-17.10568830236196
1991_87,1992,-5.395691753271659
1991_98,1985,18.23961157486632
1991_98,1986,-0.5855660921620137
1991_98,1987,-10.25110368051752
1991_98,1988,-5.904866347117575
1991_98,1989,-14.054108124964294
1991_98,1990,-12.811094938666935
1991_98,1991,-13.834558491773663
1991_98,1992,0.9926787441639362
1992_16,1986,-14.761236169566047
1992_16,1987,-15.751899235159607
1992_16,1988,0.8765353600722184
1992_16,1989,2.2438640729950925
1992_16,1990,-9.950119026018173
1992_16,1991,-24.41004170382325
1992_16,1992,4.860193807328128
1992_16,1993,20.84423156319891
1992_21,1986,-19.7808654692905
1992_21,1987,-13.817660592639244
1992_21,1988,-3.9288158578357084
1992_21,1989,-7.570256463598111
1992_21,1990,-10.892821868891781
1992_21,1991,-22.90039658249786
1992_21,1992,4.261364058134394
1992_21,1993,20.33421574380205
1992_24,1986,-10.197821889225562
1992_24,1987,-8.297142383165388
1992_24,1988,-8.202841695878151
1992_24,1989,-12.999176382900643
1992_24,1990,-12.792532814166726
1992_24,1991,-14.27763984018
1992_24,1992,1.2619065181022837
1992_24,1993,3.0756367262200834
1992_27,1986,-22.69079218426057
1992_27,1987,-12.88974901260074
1992_27,1988,-5.993932454837696
1992_27,1989,-7.379521153760258
1992_27,1990,-11.999854442881725
1992_27,1991,-21.284274165439367
1992_27,1992,3.0024627948578924
1992_27,1993,19.786288399661345
1992_28,1986,-11.020815900430064
1992_28,1987,-9.4258328026702
1992_28,1988,-9.358075907880298
1992_28,1989,-12.831855771759864
1992_28,1990,-13.414550902074936
1992_28,1991,-15.17471458884595
1992_28,1992,2.166706150776579
1992_28,1993,2.4887908132315273
1992_29,1986,-7.488216746323297
1992_29,1987,-10.89965363256769
1992_29,1988,-10.624422345786764
1992_29,1989,-17.463681122833194
1992_29,1990,-9.296671241139316
1992_29,1991,-16.327194408258972
1992_29,1992,-0.9754077560714892
1992_29,1993,-5.891773016251291
1992_30,1986,-6.9026425278380525
1992_30,1987,-10.265920347536266
1992_30,1988,-8.07736913074539
1992_30,1989,-16.990886353096485
1992_30,1990,-9.019717474174946
1992_30,1991,-15.544472264068034
1992_30,1992,-0.4623578593712428
1992_30,1993,-3.7407011371364485
1992_34,1986,-22.346931904812543
1992_34,1987,-13.563402373606786
1992_34,1988,-1.9334923398357684
1992_34,1989,-12.477379372478552
1992_34,1990,-13.191165201177332
1992_34,1991,-23.063744091910916
1992_34,1992,6.269148118155975
1992_34,1993,22.746518880650722
1992_36,1986,-12.719634282501431
1992_36,1987,-10.66074906363494
1992_36,1988,-8.35299250855176
1992_36,1989,-12.211518166222342
1992_36,1990,-9.61321745451706
1992_36,1991,-14.955967923915901
1992_36,1992,2.806738427221383
1992_36,1993,-0.22087316142574026
1992_40,1986,-15.291746419960162
1992_40,1987,-10.188685239031871
1992_40,1988,-7.377432689530188
1992_40,1989,-10.255571734587877
1992_40,1990,-11.663931772411907
1992_40,1991,-17.799332414334724
1992_40,1992,5.706783539494793
1992_40,1993,3.897039886503703
1992_41,1986,-20.014333201313868
1992_41,1987,-10.351399922650598
1992_41,1988,-6.594538861839228
1992_41,1989,-9.78379861547102
1992_41,1990,-11.423528627075028
1992_41,1991,-19.747036759792053
1992_41,1992,7.077526055281521
1992_41,1993,13.346234921524887
1992_43,1986,-13.222836976982848
1992_43,1987,-9.996493873946775
1992_43,1988,-7.684221411897887
1992_43,1989,-13.247817209406287
1992_43,1990,-8.52586376692593
1992_43,1991,-14.384592667288198
1992_43,1992,3.532194560021034
1992_43,1993,-1.7175606376446004
1992_46,1986,-13.824638026766745
1992_46,1987,-9.669806121594066
1992_46,1988,-7.563016519648613
1992_46,1989,-11.421394833092783
1992_46,1990,-9.626964385017692
1992_46,1991,-16.883078324731255
1992_46,1992,5.644786516798393
1992_46,1993,-0.15378340975584023
1992_49,1986,-11.079736243482207
1992_49,1987,-5.281142938878189
1992_49,1988,-2.2483359126389857
1992_49,1989,-10.413865425860594
1992_49,1990,-8.993713064596234
1992_49,1991,-12.253162051765498
1992_49,1992,6.467810525168989
1992_49,1993,-0.05597930047384381
1992_50,1986,-12.677305784204108
1992_50,1987,-8.71861743938223
1992_50,1988,-5.333054507864885
1992_50,1989,-11.496434386125522
1992_50,1990,-13.610094687960276
1992_50,1991,-17.459261101303653
1992_50,1992,5.8412865781860726
1992_50,1993,-0.9458044065899003
1992_6,1986,-12.967795858765312
1992_6,1987,-11.829563276010475
1992_6,1988,-7.181432171255188
1992_6,1989,12.525053060311071
1992_6,1990,0.8423079934472044
1992_6,1991,-18.512055843476848
1992_6,1992,8.579554592298106
1992_6,1993,26.160859150617103
1992_9,1986,-18.098725706523986
1992_9,1987,-17.850427955131494
1992_9,1988,-11.181744498108722
1992_9,1989,7.306122976149044
1992_9,1990,-8.051189198714875
1992_9,1991,-20.87435880632275
1992_9,1992,1.761108927767034
1992_9,1993,27.49386223722531
1993_10,1987,-25.43806652612643
1993_10,1988,-14.912385465660007
1993_10,1989,-14.894426606098106
1993_10,1990,0.268196277481481
1993_10,1991,-15.324757935957882
1993_10,1992,-1.1747299896643293
1993_10,1993,-14.536858467990086
1993_10,1994,6.187683246944845
1993_11,1987,-30.496224517526823
1993_11,1988,-15.067545368058687
1993_11,1989,-14.71402377617598
1993_11,1990,1.1613376217154654
1993_11,1991,-14.749063557751521
1993_11,1992,-2.996273491905884
1993_11,1993,-17.093507239601546
1993_11,1994,4.038782004730768
1993_13,1987,-29.812389365895744
1993_13,1988,-12.867230482708331
1993_13,1989,-15.088012799085995
1993_13,1990,-6.657526035431061
1993_13,1991,-15.141603702244986
1993_13,1992,-0.7068926616203367
1993_13,1993,-17.430920924817258
1993_13,1994,3.863815390334664
1993_14,1987,-26.363340371558024
1993_14,1988,-8.069895769717663
1993_14,1989,-16.224043501749808
1993_14,1990,-8.360258799433609
1993_14,1991,-16.122168009036276
1993_14,1992,-0.14741632844663824
1993_14,1993,-14.250379404788262
1993_14,1994,3.7629519473128923
1993_15,1987,-30.37734988848207
1993_15,1988,-13.251161848119116
1993_15,1989,-15.177927152597293
1993_15,1990,-4.6732665826377735
1993_15,1991,-13.849325934162048
1993_15,1992,-1.397790583278989
1993_15,1993,-17.40949837988586
1993_15,1994,4.698647036374266
1993_16,1987,-29.926551986183387
1993_16,1988,-13.950798151932034
1993_16,1989,-16.458733328480356
1993_16,1990,-6.449534365473944
1993_16,1991,-14.705994874701979
1993_16,1992,-0.9806359876064391
1993_16,1993,-17.807747763811108
1993_16,1994,4.6889815129289145
1993_26,1987,-20.044175522872507
1993_26,1988,-2.701058369268217
1993_26,1989,-12.750444552649041
1993_26,1990,-11.629184608068229
1993_26,1991,-13.70131475698924
1993_26,1992,5.143339608231268
1993_26,1993,-12.338346181779114
1993_26,1994,13.84170976162336
1993_6,1987,-28.506768168412624
1993_6,1988,-12.445139975027919
1993_6,1989,-13.577013512275158
1993_6,1990,-0.4044313249841629
1993_6,1991,-13.356773150903857
1993_6,1992,-0.018955061800965584
1993_6,1993,-11.430812181361768
1993_6,1994,4.804451721456742
1993_8,1987,-28.820362285023098
1993_8,1988,-13.62688997607693
1993_8,1989,-14.526755731528924
1993_8,1990,1.194583688256845
1993_8,1991,-12.365649387747425
1993_8,1992,-1.978981696804409
1993_8,1993,-12.374815769906212
1993_8,1994,4.274827294603917
1994_10,1988,-15.004075602591408
1994_10,1989,-10.184813894849425
1994_10,1990,1.218999706924934
1994_10,1991,-17.60918472123192
1994_10,1992,-2.8762258285650613
1994_10,1993,-4.401073850474225
1994_10,1994,-2.3633134741387494
1994_10,1995,7.311844069512924
1994_105,1988,-14.681596145207212
1994_105,1989,-14.55095780445526
1994_105,1990,-10.369671547454677
1994_105,1991,-14.814891051971722
1994_105,1992,5.389446327216998
1994_105,1993,-11.512401451806939
1994_105,1994,1.3189890866697649
1994_105,1995,-3.7817585929578534
1994_106,1988,-23.161265189398442
1994_106,1989,-15.636990531223693
1994_106,1990,-6.1927666223895725
1994_106,1991,-13.844636693556629
1994_106,1992,2.307722562203956
1994_106,1993,-14.768498835628067
1994_106,1994,3.1115814449044357
1994_106,1995,-5.398136875394764
1994_109,1988,-19.951400664581147
1994_109,1989,-15.463440406218979
1994_109,1990,-4.487290435089944
1994_109,1991,-13.477473024469406
1994_109,1992,5.425699572485953
1994_109,1993,-16.773646468064527
1994_109,1994,1.9172893727561302
1994_109,1995,-5.092351777594882
1994_110,1988,-17.62648547519131
1994_110,1989,-15.672145209113205
1994_110,1990,-5.932640927743112
1994_110,1991,-15.33249416039682
1994_110,1992,5.300442872723968
1994_110,1993,-20.188408327153613
1994_110,1994,1.5622798788884535
1994_110,1995,-2.0907485286306917
1994_20,1988,-9.873461208550268
1994_20,1989,-1.6602992135473027
1994_20,1990,-9.314195104484394
1994_20,1991,-25.14863106764217
1994_20,1992,4.281864524387417
1994_20,1993,-3.6983556614253357
1994_20,1994,8.51753888533421
1994_20,1995,19.761932359218484
1994_33,1988,-16.36623711347165
1994_33,1989,-3.572176378168619
1994_33,1990,-13.783731028728942
1994_33,1991,-18.78275327680544
1994_33,1992,1.7074479140564893
1994_33,1993,-7.493191881057112
1994_33,1994,8.722146564796526
1994_33,1995,19.890733311958464
1994_36,1988,-12.012180545901431
1994_36,1989,-7.679806849522682
1994_36,1990,-10.718853904961732
1994_36,1991,-22.808712244695048
1994_36,1992,4.463804341942539
1994_36,1993,-5.422120759964037
1994_36,1994,8.44120742257128
1994_36,1995,19.765480974379464
1994_43,1988,-14.542873665062073
1994_43,1989,-14.068191179675472
1994_43,1990,-7.490152685163799
1994_43,1991,-13.573492684804785
1994_43,1992,-0.713762464065009
1994_43,1993,-11.18119502640508
1994_43,1994,0.7005603571661645
1994_43,1995,7.787034789853879
1994_45,1988,-16.12754168127609
1994_45,1989,-5.443564573826451
1994_45,1990,-12.444681403351552
1994_45,1991,-20.618858834138848
1994_45,1992,2.081856706286064
1994_45,1993,-6.793910887506461
1994_45,1994,9.556522967141474
1994_45,1995,20.997392934186692
1994_55,1988,-16.392942345544554
1994_55,1989,-10.237330554588407
1994_55,1990,-12.952332488874466
1994_55,1991,-16.030196575506285
1994_55,1992,2.7801150092767357
1994_55,1993,-11.631731338240265
1994_55,1994,6.31521484645025
1994_55,1995,11.770076794576937
1994_56,1988,-16.712664031198557
1994_56,1989,-13.01064845771289
1994_56,1990,-12.850310724997046
1994_56,1991,-15.44267310714868
1994_56,1992,2.2269795501022345
1994_56,1993,-13.891051257927264
1994_56,1994,0.5512211527165162
1994_56,1995,7.123425989550841
1994_73,1988,-27.853923156697693
1994_73,1989,-16.53951126813276
1994_73,1990,-3.853722379385973
1994_73,1991,-18.564588518924182
1994_73,1992,-6.055058964373694
1994_73,1993,-17.53818671903709
1994_73,1994,1.8430416344689988
1994_73,1995,-1.9653543578680845
1994_79,1988,-17.253527331566595
1994_79,1989,-11.143602546950811
1994_79,1990,-11.896065916006732
1994_79,1991,-17.121220992310864
1994_79,1992,5.99500939666008
1994_79,1993,-13.520912687029659
1994_79,1994,5.909044683951538
1994_79,1995,3.5433303857570557
1994_86,1988,-25.52737156797828
1994_86,1989,-15.123992398785452
1994_86,1990,-5.742150200805827
1994_86,1991,-19.0675062497859
1994_86,1992,-2.093394881638907
1994_86,1993,-15.491044612575534
1994_86,1994,3.6130671120953024
1994_86,1995,-5.455531534212449
1994_87,1988,-28.240094275353222
1994_87,1989,-15.427620404300226
1994_87,1990,-7.582868037327523
1994_87,1991,-16.62696501715696
1994_87,1992,0.7157622557606377
1994_87,1993,-16.59015304520763
1994_87,1994,3.2770200269125382
1994_87,1995,2.240121114331752
1994_94,1988,-26.161876611799233
1994_94,1989,-14.739412136547571
1994_94,1990,-4.731952487400658
1994_94,1991,-16.01306501235218
1994_94,1992,-0.29282852027371103
1994_94,1993,-13.961866870453301
1994_94,1994,2.0731840863624704
1994_94,1995,-6.578572089415471
1995_1007,1989,-25.132558043164945
1995_1007,1990,-11.728406421996008
1995_1007,1991,-15.017323256867043
1995_1007,1992,5.069857476810651
1995_1007,1993,-14.116759165316187
1995_1007,1994,6.040702847768237
1995_1007,1995,-2.67797257625192
1995_1007,1996,7.693156618881959
1995_1009,1989,-24.26471551298064
1995_1009,1990,-11.212798677742818
1995_1009,1991,-17.060834372599924
1995_1009,1992,0.409417618701814
1995_1009,1993,-17.652607603812132
1995_1009,1994,3.298135944406798
1995_1009,1995,-2.368791383127818
1995_1009,1996,-5.273312331809092
1995_1018,1989,-22.58271612318187
1995_1018,1990,-8.907091680293421
1995_1018,1991,-10.970755241797013
1995_1018,1992,5.063906742949617
1995_1018,1993,-11.15923101368499
1995_1018,1994,6.6563728334572785
1995_1018,1995,-1.403734829702189
1995_1018,1996,5.677444718437765
1995_1026,1989,-24.636755219674335
1995_1026,1990,1.2222871476921309
1995_1026,1991,-14.623896833751035
1995_1026,1992,-3.7101174459441673
1995_1026,1993,-17.490556654164124
1995_1026,1994,1.5944233579996174
1995_1026,1995,-12.802230120723443
1995_1026,1996,0.1805944983666258
1995_1031,1989,-26.100663668729958
1995_1031,1990,-11.949799699587352
1995_1031,1991,-17.51050660340705
1995_1031,1992,-0.194584443505445
1995_1031,1993,-18.18046743254591
1995_1031,1994,2.7225565789347868
1995_1031,1995,-3.8875990083790675
1995_1031,1996,-6.514678706369457
1995_1032,1989,-25.97815815498446
1995_1032,1990,-10.828052916229256
1995_1032,1991,-17.248552747412177
1995_1032,1992,0.13828378698706376
1995_1032,1993,-15.350923976710588
1995_1032,1994,2.797940970076857
1995_1032,1995,-4.327165341717454
1995_1032,1996,-4.002016846579741
1995_1033,1989,-28.343305405985152
1995_1033,1990,-12.177249431200929
1995_1033,1991,-19.558042827044606
1995_1033,1992,6.005686784422672
1995_1033,1993,-12.036697729254655
1995_1033,1994,5.260192111552002
1995_1033,1995,-0.9578175164797411
1995_1033,1996,4.451564439251909
1995_1036,1989,-25.104045533549787
1995_1036,1990,-10.73419132138803
1995_1036,1991,-13.759098500485962
1995_1036,1992,2.105583698352401
1995_1036,1993,-13.348530943992143
1995_1036,1994,3.93350887386975
1995_1036,1995,-2.4255238081960613
1995_1036,1996,1.0326781611286093
1995_1041,1989,-27.740555678791708
1995_1041,1990,-8.884038710646582
1995_1041,1991,-13.985155080355414
1995_1041,1992,3.03678719487428
1995_1041,1993,-13.444534742604821
1995_1041,1994,1.9279533277498924
1995_1041,1995,-0.38533824273929557
1995_1041,1996,0.17190343802080293
1995_1045,1989,-25.56156520152777
1995_1045,1990,-4.478914012884384
1995_1045,1991,-16.90964927606837
1995_1045,1992,-5.320669355979852
1995_1045,1993,-17.855144952921517
1995_1045,1994,2.2185739219811054
1995_1045,1995,-8.869629922289468
1995_1045,1996,-2.5815498420861203
1995_1048,1989,-22.864486146288776
1995_1048,1990,1.0899519111896527
1995_1048,1991,-16.015987117652614
1995_1048,1992,-3.3034876102755573
1995_1048,1993,-17.783925650887902
1995_1048,1994,0.6729740033248147
1995_1048,1995,-12.469562737490172
1995_1048,1996,-1.4788810537087769
1995_1053,1989,-23.302796254735508
1995_1053,1990,-0.33068751375247213
1995_1053,1991,-17.599989386103857
1995_1053,1992,-5.161334397319347
1995_1053,1993,-17.917805113934985
1995_1053,1994,2.4250570679048047
1995_1053,1995,-10.63876609464438
1995_1053,1996,-0.7152425520890908
1995_1054,1989,-24.81530661746433
1995_1054,1990,-0.579705247276399
1995_1054,1991,-16.334429799455304
1995_1054,1992,-4.634104160545815
1995_1054,1993,-18.01053287930844
1995_1054,1994,1.7463612435565816
1995_1054,1995,-7.362420885115153
1995_1054,1996,-2.982329953958319
1995_1069,1989,-31.227471526447864
1995_1069,1990,-11.062928569015307
1995_1069,1991,-14.668813091391476
1995_1069,1992,3.4886112922236236
1995_1069,1993,-14.057672410239421
1995_1069,1994,0.37613766579933977
1995_1069,1995,-3.800592034796311
1995_1069,1996,-1.295233336513681
1995_1079,1989,-29.503681631620093
1995_1079,1990,-10.08609881497417
1995_1079,1991,-14.97135173677138
1995_1079,1992,1.8768185825140737
1995_1079,1993,-10.858882500033578
1995_1079,1994,-0.5917497375885267
1995_1079,1995,-7.0404948000605385
1995_1079,1996,-4.685083002108705
1995_1092,1989,-19.879492461129285
1995_1092,1990,1.6702791439682763
1995_1092,1991,-13.849567094185765
1995_1092,1992,-0.45587092671403706
1995_1092,1993,-13.32959171734666
1995_1092,1994,3.147588382634144
1995_1092,1995,-8.531320169188977
1995_1092,1996,-7.414044476524016
1995_1097,1989,-23.978186015742818
1995_1097,1990,-12.796501635433748
1995_1097,1991,-19.740037115445954
1995_1097,1992,2.0121495356302126
1995_1097,1993,-7.047949735014652
1995_1097,1994,9.72051488360833
1995_1097,1995,-2.048122111466705
1995_1097,1996,-0.2190252709929183
1995_1102,1989,-21.937205934529963
1995_1102,1990,0.6941372410143115
1995_1102,1991,-14.073628526392783
1995_1102,1992,-1.9184191810566384
1995_1102,1993,-14.023084709813373
1995_1102,1994,-0.0030558114259875424
1995_1102,1995,-7.597737744187614
1995_1102,1996,-7.714544787985014
1995_1106,1989,-22.13454171391538
1995_1106,1990,1.1113653719783307
1995_1106,1991,-13.744508394612234
1995_1106,1992,-0.7546536045740361
1995_1106,1993,-13.135498975655105
1995_1106,1994,-2.179078077608477
1995_1106,1995,-6.969939638114343
1995_1106,1996,-9.071317932002353
1995_1107,1989,-23.938610965264754
1995_1107,1990,-14.17203460179394
1995_1107,1991,-15.023162998736298
1995_1107,1992,3.3052316130282087
1995_1107,1993,-10.763750297650537
1995_1107,1994,4.446032284343158
1995_1107,1995,-5.29455894841817
1995_1107,1996,-5.176011775424243
1995_1108,1989,-23.423994687957045
1995_1108,1990,-8.149377484969406
1995_1108,1991,-13.571742981444737
1995_1108,1992,-1.8110731949184347
1995_1108,1993,-10.636408098841938
1995_1108,1994,0.1083764967093946
1995_1108,1995,-8.431977001309315
1995_1108,1996,-9.312353909556437
1995_1113,1989,-22.008953281789527
1995_1113,1990,-14.418098481761618
1995_1113,1991,-17.903678969957316
1995_1113,1992,1.7589824153759805
1995_1113,1993,-8.18589062800625
1995_1113,1994,8.203788087904869
1995_1113,1995,-3.874444434144189
1995_1113,1996,-2.787047155456962
1995_1121,1989,-21.107541341700294
1995_1121,1990,1.9737252231000373
1995_1121,1991,-12.226234172296236
1995_1121,1992,0.471078695645376
1995_1121,1993,-10.15611438955226
1995_1121,1994,-2.0330703897715243
1995_1121,1995,-5.330152575061607
1995_1121,1996,-9.442572598674554
1995_1146,1989,-16.598086166829567
1995_1146,1990,3.05240633942282
1995_1146,1991,-15.729314049668242
1995_1146,1992,-1.439136300403072
1995_1146,1993,-5.140233323424636
1995_1146,1994,-0.6055375050925802
1995_1146,1995,-6.106298689142032
1995_1146,1996,-8.749265189540713
1995_1164,1989,-21.114558265111558
1995_1164,1990,-5.754936708054221
1995_1164,1991,-24.78122731855082
1995_1164,1992,6.079329349125332
1995_1164,1993,-4.7422976570602495
1995_1164,1994,9.989095364047925
1995_1164,1995,-4.158393595986358
1995_1164,1996,11.814246290061899
1995_1165,1989,-18.906331890557315
1995_1165,1990,-0.31027254010864286
1995_1165,1991,-11.10612159196108
1995_1165,1992,2.066378638601542
1995_1165,1993,-5.950865772999971
1995_1165,1994,-0.03186680921427568
1995_1165,1995,-8.899129043745063
1995_1165,1996,-8.419155309762065
1995_1180,1989,-14.256035913398405
1995_1180,1990,-9.014781361058194
1995_1180,1991,-23.456344250323156
1995_1180,1992,6.253744991506377
1995_1180,1993,-5.585319102457043
1995_1180,1994,3.4023599580819144
1995_1180,1995,-4.3813453358879055
1995_1180,1996,6.064788884230913
1995_1182,1989,-13.703104077933764
1995_1182,1990,-10.431918169095214
1995_1182,1991,-15.744205841479362
1995_1182,1992,4.334489726575633
1995_1182,1993,-2.6259459039717883
1995_1182,1994,-1.1683884670307023
1995_1182,1995,-7.052743579882576
1995_1182,1996,-1.3497020559607293
1995_1192,1989,-10.217337630422978
1995_1192,1990,-8.995782103686066
1995_1192,1991,-18.8335028952771
1995_1192,1992,5.103474341243
1995_1192,1993,-2.9903800236078304
1995_1192,1994,-1.128675889689955
1995_1192,1995,-6.726754173261068
1995_1192,1996,0.6269354456812379
1995_1203,1989,-20.74510716349161
1995_1203,1990,-10.372293964692107
1995_1203,1991,-17.678266881190314
1995_1203,1992,1.4101468766886518
1995_1203,1993,-1.7473253414656327
1995_1203,1994,-0.2653293387619004
1995_1203,1995,-6.164092116707945
1995_1203,1996,-0.2152342789538551
1995_1205,1989,-9.82422957535828
1995_1205,1990,-2.03845505734891
1995_1205,1991,-17.869500340375303
1995_1205,1992,-2.4619268117905055
1995_1205,1993,-1.9597667862981751
1995_1205,1994,-1.8577699634235676
1995_1205,1995,-4.245080866500753
1995_1205,1996,-6.985042341266888
1995_1210,1989,-20.06119239673038
1995_1210,1990,-9.877816289575966
1995_1210,1991,-19.42308516529151
1995_1210,1992,0.11048487014114805
1995_1210,1993,-1.8061470315968464
1995_1210,1994,0.024629808359318755
1995_1210,1995,-6.746585048681752
1995_1210,1996,0.6517965715477331
1995_1212,1989,-14.58332751573866
1995_1212,1990,-5.354237805142801
1995_1212,1991,-22.313263109145367
1995_1212,1992,4.387747876366535
1995_1212,1993,-4.1919956555926765
1995_1212,1994,4.849135566486571
1995_1212,1995,-1.81583726187346
1995_1212,1996,6.063457206072753
1995_1220,1989,-13.763921992655858
1995_1220,1990,-6.569123759302337
1995_1220,1991,-11.510710657461907
1995_1220,1992,0.5616025244435748
1995_1220,1993,0.46049224391821636
1995_1220,1994,4.166902879690121
1995_1220,1995,-6.858166333158899
1995_1220,1996,-3.2101129139836546
1995_1226,1989,-10.471223665748678
1995_1226,1990,-4.286231065589867
1995_1226,1991,-19.191625036104806
1995_1226,1992,3.9288031592180954
1995_1226,1993,-2.6596054007772008
1995_1226,1994,4.017585359428961
1995_1226,1995,-2.8747991729571187
1995_1226,1996,8.454284782525116
1995_1230,1989,-20.617059339704845
1995_1230,1990,-9.996756085270192
1995_1230,1991,-21.963999565220814
1995_1230,1992,0.7452766808731516
1995_1230,1993,-1.6028440225531722
1995_1230,1994,2.240166616666303
1995_1230,1995,-6.094060264937236
1995_1230,1996,1.9339705074762505
1995_1232,1989,-17.649532073749096
1995_1232,1990,-7.395494275444882
1995_1232,1991,-13.930270380235775
1995_1232,1992,1.3086785893015573
1995_1232,1993,3.2922823804728742
1995_1232,1994,2.2154763496926138
1995_1232,1995,-6.035058463101645
1995_1232,1996,-7.734038849654203
1995_1235,1989,-14.322795619987714
1995_1235,1990,-5.631007619070632
1995_1235,1991,-21.468234085490042
1995_1235,1992,3.1645004339752774
1995_1235,1993,1.3031388925338068
1995_1235,1994,4.223257641423197
1995_1235,1995,-4.792871365655998
1995_1235,1996,5.2214217026843865
1995_1241,1989,-8.720618750688184
1995_1241,1990,-6.683285166487171
1995_1241,1991,-14.10156021150168
1995_1241,1992,1.2291010455453772
1995_1241,1993,4.899922873719966
1995_1241,1994,2.8561263559131245
1995_1241,1995,-3.0096852429625938
1995_1241,1996,-8.198071743142624
1995_1250,1989,-4.731802312619182
1995_1250,1990,-7.436434662623103
1995_1250,1991,-16.968891995095166
1995_1250,1992,2.0589361852965777
1995_1250,1993,3.4319058407421252
1995_1250,1994,-0.9763753900387364
1995_1250,1995,-2.6222751327262417
1995_1250,1996,-11.642952331322547
1995_1255,1989,-3.41115288198241
1995_1255,1990,-8.716447348027568
1995_1255,1991,-15.818268420953208
1995_1255,1992,1.5161600142050655
1995_1255,1993,2.1330751778679526
1995_1255,1994,3.0782187654700492
1995_1255,1995,-0.807819755542612
1995_1255,1996,-11.95211989306522
1995_1267,1989,-8.724804822496568
1995_1267,1990,-7.665480048482681
1995_1267,1991,-17.884725466452043
1995_1267,1992,-1.0946048341271604
1995_1267,1993,6.518354340800987
1995_1267,1994,1.6256215449962375
1995_1267,1995,-11.08928890564325
1995_1267,1996,-2.5305009667262013
1995_1271,1989,-12.84029890266893
1995_1271,1990,-8.257019167678248
1995_1271,1991,-21.80899330412561
1995_1271,1992,-3.538735849548001
1995_1271,1993,3.005860903771626
1995_1271,1994,4.409839349665067
1995_1271,1995,-6.895913159128547
1995_1271,1996,-9.075229712660917
1995_1276,1989,-9.450763296759176
1995_1276,1990,-6.908157419327469
1995_1276,1991,-17.511939025889284
1995_1276,1992,-2.421404639019827
1995_1276,1993,4.1671528244810805
1995_1276,1994,6.497129424665235
1995_1276,1995,-4.813723555105682
1995_1276,1996,-8.490690409353356
1995_1317,1989,-15.622442148344984
1995_1317,1990,-8.053735427414857
1995_1317,1991,-9.654475479609893
1995_1317,1992,0.28655916754234667
1995_1317,1993,6.601356055359973
1995_1317,1994,-1.4961964345089254
1995_1317,1995,-10.318543394451185
1995_1317,1996,8.194008069754805
1995_1322,1989,-7.534151641294339
1995_1322,1990,-8.577165723231287
1995_1322,1991,-16.23666921150496
1995_1322,1992,0.35363222102224334
1995_1322,1993,11.595354695915155
1995_1322,1994,2.929671047170279
1995_1322,1995,-10.692276593634132
1995_1322,1996,19.669114231987834
1995_1327,1989,-16.062020241067238
1995_1327,1990,-8.047587149363792
1995_1327,1991,-6.6977330895155305
1995_1327,1992,-0.43276334527183025
1995_1327,1993,4.708076738262863
1995_1327,1994,4.09710417595618
1995_1327,1995,-10.897680171808098
1995_1327,1996,15.056557709120266
1995_1397,1989,-12.051692868364686
1995_1397,1990,-8.03979493711091
1995_1397,1991,-13.196222611301112
1995_1397,1992,0.43683920967017364
1995_1397,1993,5.9025026507023455
1995_1397,1994,2.0173553761958596
1995_1397,1995,-7.421922538374036
1995_1397,1996,3.0283404310252933
1995_1399,1989,-6.5146606010403705
1995_1399,1990,-6.330023396868554
1995_1399,1991,-13.021969184260344
1995_1399,1992,1.9446846563033582
1995_1399,1993,7.822110238568268
1995_1399,1994,2.805416144319881
1995_1399,1995,-1.3437955885808002
1995_1399,1996,-7.731086105328018
1995_1403,1989,-11.329855823585424
1995_1403,1990,-9.357242123440793
1995_1403,1991,-22.32220452006604
1995_1403,1992,5.365886565088718
1995_1403,1993,-4.8113144121624964
1995_1403,1994,1.619170117482869
1995_1403,1995,-6.090906134453213
1995_1403,1996,3.203249264767398
1995_1404,1989,-19.556689765733157
1995_1404,1990,-8.93515372072619
1995_1404,1991,-15.070428520290326
1995_1404,1992,-1.5941305073987948
1995_1404,1993,-4.550711058738112
1995_1404,1994,-1.2483573884043249
1995_1404,1995,-4.73430219713998
1995_1404,1996,-12.567205336334908
1995_1405,1989,-28.760610576939534
1995_1405,1990,-11.32014996175848
1995_1405,1991,-22.52077021172141
1995_1405,1992,5.336477835208265
1995_1405,1993,-5.528884464046842
1995_1405,1994,7.716447310860631
1995_1405,1995,1.576015186725135
1995_1405,1996,5.355770041030783
1995_1406,1989,-22.077748791231915
1995_1406,1990,-6.4345033283696855
1995_1406,1991,-15.271179500066152
1995_1406,1992,0.07217339592637344
1995_1406,1993,-16.636773118145193
1995_1406,1994,2.4879789391185487
1995_1406,1995,-6.722555153896656
1995_1406,1996,-10.28502659447602
1995_1407,1989,-26.04100007965587
1995_1407,1990,-8.763702945373554
1995_1407,1991,-15.978945584956236
1995_1407,1992,1.2452397138936497
1995_1407,1993,-15.74222794964099
1995_1407,1994,2.0367815219061858
1995_1407,1995,-8.355689705990759
1995_1407,1996,-10.239304031428404
1995_1408,1989,-29.015625908141697
1995_1408,1990,-8.90480719122343
1995_1408,1991,-15.973128572401535
1995_1408,1992,0.5668532899238864
1995_1408,1993,-14.282440636371383
1995_1408,1994,0.6489560027004195
1995_1408,1995,-8.190647911740445
1995_1408,1996,-8.97029807126069
1995_1409,1989,-30.84305754148718
1995_1409,1990,-10.11648744785564
1995_1409,1991,-14.607838310909239
1995_1409,1992,3.2105352700814005
1995_1409,1993,-12.029154786783655
1995_1409,1994,0.030966706540116462
1995_1409,1995,-4.226492546501802
1995_1409,1996,-3.5962023874954925
1995_1410,1989,-31.202530206458146
1995_1410,1990,-13.07663327978471
1995_1410,1991,-20.662446319532407
1995_1410,1992,-3.9200326490924327
1995_1410,1993,-18.91749050558019
1995_1410,1994,-2.028580785856844
1995_1410,1995,-8.424106126681396
1995_1410,1996,-10.628819171512351
1995_1412,1989,-27.05368413492707
1995_1412,1990,-9.853524228726554
1995_1412,1991,-15.471596468020598
1995_1412,1992,0.9705691247516309
1995_1412,1993,-12.954555096824784
1995_1412,1994,3.0584864068830337
1995_1412,1995,-2.349051704199512
1995_1412,1996,-3.9138975686139164
1995_1414,1989,-22.261268560215736
1995_1414,1990,-6.205991350233223
1995_1414,1991,-17.721893514483895
1995_1414,1992,-1.5970926526524958
1995_1414,1993,-16.755776270785727
1995_1414,1994,3.692987014746974
1995_1414,1995,-6.6486145341412355
1995_1414,1996,-5.910278654964274
1995_1415,1989,-22.320860276167966
1995_1415,1990,-4.577469976237687
1995_1415,1991,-14.266323766182545
1995_1415,1992,2.7575565627158802
1995_1415,1993,-16.7284208890906
1995_1415,1994,2.026118793700425
1995_1415,1995,-11.912946643588919
1995_1415,1996,-0.03979601754994775
1995_1416,1989,-22.599593794486303
1995_1416,1990,-4.659591846717503
1995_1416,1991,-14.638128662733473
1995_1416,1992,2.31274514601425
1995_1416,1993,-16.77206441347571
1995_1416,1994,1.8533114211544168
1995_1416,1995,-12.4108649441401
1995_1416,1996,-0.44908911457499767
1995_1417,1989,-25.95203686022054
1995_1417,1990,-8.38389926728554
1995_1417,1991,-17.309224163191256
1995_1417,1992,5.44235667161004
1995_1417,1993,-20.968942787184528
1995_1417,1994,2.352006811622197
1995_1417,1995,-7.862205874023019
1995_1417,1996,3.586779504887217
1995_1418,1989,-24.07575099509827
1995_1418,1990,-6.522460359573695
1995_1418,1991,-15.2393018487632
1995_1418,1992,7.14108122702227
1995_1418,1993,-19.16376995922137
1995_1418,1994,4.194714302055789
1995_1418,1995,-6.166995466260356
1995_1418,1996,5.533574926236753
1995_1419,1989,-21.359047515319926
1995_1419,1990,-5.77107236254614
1995_1419,1991,-15.574515617845426
1995_1419,1992,5.0541302138642505
1995_1419,1993,-19.9397368683502
1995_1419,1994,1.6215505777574364
1995_1419,1995,-8.310445504425067
1995_1419,1996,0.5410179183035198
1995_1420,1989,-21.45636223567308
1995_1420,1990,-6.1688230793685035
1995_1420,1991,-14.25110529954778
1995_1420,1992,4.999615611082501
1995_1420,1993,-18.81402113470115
1995_1420,1994,0.8141645033122552
1995_1420,1995,-11.443625880545326
1995_1420,1996,1.6966122415275564
1995_779,1989,-22.10730835060219
1995_779,1990,-5.70301286613615
1995_779,1991,-5.406084326215392
1995_779,1992,0.9099718784745189
1995_779,1993,-12.720930502082618
1995_779,1994,1.1528642979140453
1995_779,1995,-10.87880867183487
1995_779,1996,1.3896937818127235
1995_807,1989,-20.992396957134215
1995_807,1990,-6.1289077282817885
1995_807,1991,-6.974834639506895
1995_807,1992,2.194243818389196
1995_807,1993,-14.178289350858371
1995_807,1994,1.1133692721589286
1995_807,1995,-12.275789786117357
1995_807,1996,1.7698983890175541
1995_821,1989,-20.8141937322081
1995_821,1990,-5.192282428280216
1995_821,1991,-7.2677251750869045
1995_821,1992,2.5109589705881503
1995_821,1993,-14.074805923309107
1995_821,1994,1.4002555802397005
1995_821,1995,-11.618644432815751
1995_821,1996,1.7827043814814303
1995_824,1989,-21.636782938531333
1995_824,1990,-5.306565232355852
1995_824,1991,-8.824173230501684
1995_824,1992,1.2843469932318363
1995_824,1993,-17.778497513972308
1995_824,1994,-0.5005985205695094
1995_824,1995,-12.434198015167533
1995_824,1996,2.896605085567812
1995_848,1989,-18.522700278579006
1995_848,1990,-4.502075618487271
1995_848,1991,-10.341968840973918
1995_848,1992,3.3719896031384438
1995_848,1993,-17.09535257168408
1995_848,1994,1.535934149019675
1995_848,1995,-10.349052331301232
1995_848,1996,0.8815512624513844
1995_860,1989,-18.287472475507133
1995_860,1990,-5.171943611892898
1995_860,1991,-12.139880621540996
1995_860,1992,2.1108449625576937
1995_860,1993,-17.85091912756151
1995_860,1994,1.3680817188916727
1995_860,1995,-10.466417041208027
1995_860,1996,0.8175156914591462
1995_869,1989,-26.694512479260037
1995_869,1990,-6.148883185901467
1995_869,1991,-11.574995957439697
1995_869,1992,-0.147669025935549
1995_869,1993,-17.12462702301349
1995_869,1994,0.325094513530904
1995_869,1995,-12.303177572821959
1995_869,1996,6.829166738146514
1995_886,1989,-22.364350242882104
1995_886,1990,-7.37935450924338
1995_886,1991,-11.95173692272771
1995_886,1992,2.7563870171536258
1995_886,1993,-14.080303479456205
1995_886,1994,2.8513949617408207
1995_886,1995,-15.798482667032948
1995_886,1996,2.405577649916342
1995_902,1989,-22.83164308809965
1995_902,1990,-7.569112605374445
1995_902,1991,-13.897888551339912
1995_902,1992,2.247542207373749
1995_902,1993,-14.737860673950424
1995_902,1994,3.0315515174057333
1995_902,1995,-16.304505298968078
1995_902,1996,1.374036138700064
1995_906,1989,-24.77395416325458
1995_906,1990,-7.858757932762283
1995_906,1991,-14.585589267394475
1995_906,1992,1.0873305515422274
1995_906,1993,-14.391533862505925
1995_906,1994,4.232239111812273
1995_906,1995,-16.187608231698736
1995_906,1996,-1.3125125095501289
1995_918,1989,-20.80196958812004
1995_918,1990,-6.378489158365795
1995_918,1991,-15.490885769550074
1995_918,1992,4.944335353273882
1995_918,1993,-20.470846938344632
1995_918,1994,0.9654664844292622
1995_918,1995,-9.846910837068657
1995_918,1996,0.2249508515815549
1995_948,1989,-32.785005443534494
1995_948,1990,-14.49366086155292
1995_948,1991,-16.734835130971433
1995_948,1992,2.1158173120237453
1995_948,1993,-15.814202594839621
1995_948,1994,1.7879203428588752
1995_948,1995,-6.170909715686854
1995_948,1996,1.6241421944021255
1995_953,1989,-25.86219616097457
1995_953,1990,-7.536459728212339
1995_953,1991,-15.701585242774769
1995_953,1992,-0.5777636067074706
1995_953,1993,-14.411742490402155
1995_953,1994,4.245867050277213
1995_953,1995,-15.367547509086934
1995_953,1996,-4.218676277972287
1995_955,1989,-22.327978423056397
1995_955,1990,-4.3638639376797075
1995_955,1991,-14.799702074584149
1995_955,1992,1.534020955616784
1995_955,1993,-15.469814858695594
1995_955,1994,2.2318388895059225
1995_955,1995,-12.39083899335
1995_955,1996,-1.2508503984223716
1995_967,1989,-28.816454031898235
1995_967,1990,-17.305539582465425
1995_967,1991,-21.74013173894413
1995_967,1992,-3.720490305832934
1995_967,1993,-23.977765517247892
1995_967,1994,-1.161963538002846
1995_967,1995,-8.863427536617868
1995_967,1996,-3.5142666985754234
1995_968,1989,-20.366084271247352
1995_968,1990,-8.396863708016676
1995_968,1991,-15.586780784835215
1995_968,1992,2.495239174685976
1995_968,1993,-16.595389632206082
1995_968,1994,4.2911830920458796
1995_968,1995,-1.5262876259491147
1995_968,1996,-0.4823680319899168
1995_983,1989,-27.973779045106774
1995_983,1990,-14.23040171871685
1995_983,1991,-16.63315610847386
1995_983,1992,4.62088091529325
1995_983,1993,-14.992604130986217
1995_983,1994,5.364751919318661
1995_983,1995,-4.517371686619451
1995_983,1996,5.293959138986205
1995_988,1989,-21.830722236254356
1995_988,1990,-8.15082254619323
1995_988,1991,-16.013870442177595
1995_988,1992,1.3507060267107793
1995_988,1993,-16.77783898658875
1995_988,1994,3.654781226457466
1995_988,1995,-0.6339143901393763
1995_988,1996,-4.413995740971505
1995_995,1989,-21.134085726050305
1995_995,1990,-4.755666470191411
1995_995,1991,-16.503346738416884
1995_995,1992,-0.47868745950095626
1995_995,1993,-16.083810435994494
1995_995,1994,3.922033834743671
1995_995,1995,-6.030326316582958
1995_995,1996,-6.893051205812583
1995_996,1989,-22.515680517713637
1995_996,1990,-13.122236280798694
1995_996,1991,-15.113607827750775
1995_996,1992,0.6930896306563668
1995_996,1993,-16.49823398385954
1995_996,1994,4.751304234885615
1995_996,1995,-2.3227394856426025
1995_996,1996,0.9970202225513347
1996_357,1990,-12.747008079333474
1996_357,1991,-5.819373739189082
1996_357,1992,1.3354082960156017
1996_357,1993,-13.92246571002866
1996_357,1994,0.15203251605455392
1996_357,1995,-11.986345219017744
1996_357,1996,-4.192064529283807
1996_357,1997,18.347481682018948
1996_359,1990,-11.005291922962021
1996_359,1991,-6.068365956475191
1996_359,1992,0.3860998380050373
1996_359,1993,-12.225204580259808
1996_359,1994,1.473302101903523
1996_359,1995,-9.969202386905758
1996_359,1996,-4.894443188007716
1996_359,1997,16.40081108504564
1996_364,1990,-10.52757705687024
1996_364,1991,-6.057594864177133
1996_364,1992,1.511944906288203
1996_364,1993,-13.064024178121164
1996_364,1994,1.5063545010396797
1996_364,1995,-10.769358256881885
1996_364,1996,-5.079840932384628
1996_364,1997,17.485338312158646
1996_383,1990,-12.661084102648127
1996_383,1991,-9.999753793112957
1996_383,1992,3.2303446884602898
1996_383,1993,-13.030197231124859
1996_383,1994,2.323884745701094
1996_383,1995,-14.586271633723095
1996_383,1996,-0.7327625774301284
1996_383,1997,16.84484519909877
1996_388,1990,-16.309994881294735
1996_388,1991,-12.798584653288314
1996_388,1992,1.018711299005193
1996_388,1993,-16.805021135677645
1996_388,1994,0.7181437270980021
1996_388,1995,-10.316088995099657
1996_388,1996,-4.980815768383235
1996_388,1997,20.54150133738012
1996_391,1990,-12.912372170054017
1996_391,1991,-12.777480845575434
1996_391,1992,2.9649666981741105
1996_391,1993,-15.098023614711424
1996_391,1994,1.793917389175698
1996_391,1995,-15.104004332165426
1996_391,1996,-1.7935639458315056
1996_391,1997,16.80997259601757
1996_394,1990,-15.170339288740282
1996_394,1991,-12.707746213655568
1996_394,1992,1.3330525161492088
1996_394,1993,-17.547506578438874
1996_394,1994,2.843566798325105
1996_394,1995,-9.162787767081154
1996_394,1996,-5.127076180872248
1996_394,1997,22.199028597322947
1996_396,1990,-16.65608603091317
1996_396,1991,-12.553309764334438
1996_396,1992,0.9564045310474073
1996_396,1993,-16.204599061596785
1996_396,1994,-0.28023753917633815
1996_396,1995,-11.325070788622861
1996_396,1996,-4.391676063496671
1996_396,1997,19.791936172047514
1996_411,1990,-23.706288073652992
1996_411,1991,-21.229586300939086
1996_411,1992,1.5047432971562102
1996_411,1993,-27.034700832235217
1996_411,1994,-5.031441517124603
1996_411,1995,-12.24084975494794
1996_411,1996,-18.00093972695748
1996_411,1997,16.55863919037609
1996_414,1990,-12.724196410413967
1996_414,1991,-14.449757703857545
1996_414,1992,0.4877501027729754
1996_414,1993,-13.170810983943484
1996_414,1994,4.502798209674785
1996_414,1995,-14.396531290661144
1996_414,1996,-2.2478235030613503
1996_414,1997,15.847878839321883
1996_427,1990,-10.844195172764413
1996_427,1991,-16.856548257180677
1996_427,1992,-0.07097115966680641
1996_427,1993,-12.643179687973918
1996_427,1994,3.644686400851454
1996_427,1995,-12.845917277492768
1996_427,1996,-4.329948246725762
1996_427,1997,15.79747636097493
1996_429,1990,-17.711143887970746
1996_429,1991,-17.1112527510463
1996_429,1992,7.208218298966847
1996_429,1993,-11.11251998716007
1996_429,1994,2.0686229473084237
1996_429,1995,-3.1364723052038372
1996_429,1996,-1.2409832421628895
1996_429,1997,14.518691464324856
1996_431,1990,-17.15099833383239
1996_431,1991,-17.08684382087821
1996_431,1992,5.722176425452786
1996_431,1993,-12.331506137014282
1996_431,1994,2.646990301780869
1996_431,1995,-2.992208181518457
1996_431,1996,-1.961872564835265
1996_431,1997,18.742453418310852
1996_437,1990,-10.92320561969238
1996_437,1991,-18.99724465877513
1996_437,1992,-3.007920485156756
1996_437,1993,-13.772011293342702
1996_437,1994,4.3734274660412975
1996_437,1995,-12.586619303474427
1996_437,1996,-6.294521321291764
1996_437,1997,16.903813316678615
1996_438,1990,-18.816509402311095
1996_438,1991,-19.212464392470007
1996_438,1992,4.877429114640585
1996_438,1993,-13.669648455906879
1996_438,1994,3.76774136815771
1996_438,1995,-3.405388004158968
1996_438,1996,-3.714359394467548
1996_438,1997,21.5373846977331
1996_442,1990,-9.370520006652871
1996_442,1991,-18.32252118289134
1996_442,1992,-3.669592017603445
1996_442,1993,-13.818892136806786
1996_442,1994,4.848123238283734
1996_442,1995,-13.450764984059274
1996_442,1996,-4.543701759426297
1996_442,1997,13.593472874801247
1996_445,1990,-16.996883996381744
1996_445,1991,-15.29709881292417
1996_445,1992,4.7919209137736996
1996_445,1993,-14.670977759827865
1996_445,1994,6.109922554600344
1996_445,1995,-3.020632807192165
1996_445,1996,-6.703320201373273
1996_445,1997,27.95860660610951
1996_451,1990,-9.657600118978872
1996_451,1991,-19.823720516375282
1996_451,1992,-5.617511297800014
1996_451,1993,-14.144697491600468
1996_451,1994,3.384346014245027
1996_451,1995,-13.809632203873448
1996_451,1996,-7.684780273968015
1996_451,1997,16.905428263810286
1996_454,1990,-16.978135491007066
1996_454,1991,-16.638327735890403
1996_454,1992,4.690111697604528
1996_454,1993,-14.47402243692425
1996_454,1994,5.429010951109899
1996_454,1995,-2.772666429883745
1996_454,1996,-5.640861855821825
1996_454,1997,24.787475847706286
1996_459,1990,-8.33713661245289
1996_459,1991,-19.46121932290169
1996_459,1992,-5.422024187161863
1996_459,1993,-15.463593235252874
1996_459,1994,3.390417174193079
1996_459,1995,-11.004361225137812
1996_459,1996,-8.878505194128316
1996_459,1997,23.457815649977753
1996_460,1990,-11.839377119233903
1996_460,1991,-13.433365095935926
1996_460,1992,1.8595050133985769
1996_460,1993,-15.811634876090624
1996_460,1994,5.088287005864307
1996_460,1995,-1.6105400805834453
1996_460,1996,-11.406014069285314
1996_460,1997,28.18237367672183
1996_464,1990,-14.02179111526853
1996_464,1991,-14.698740331001884
1996_464,1992,1.5751128822742608
1996_464,1993,-13.002178994702703
1996_464,1994,4.887008321663766
1996_464,1995,-2.802896098729313
1996_464,1996,-8.763541019882508
1996_464,1997,27.590492830774146
1996_469,1990,-17.33879682324881
1996_469,1991,-19.220748130976627
1996_469,1992,6.050782226771268
1996_469,1993,-12.257019569243058
1996_469,1994,5.022994836387579
1996_469,1995,-1.1903011883585084
1996_469,1996,-6.482372793526538
1996_469,1997,18.747732373397007
1996_472,1990,-11.950052253408279
1996_472,1991,-15.787386371258448
1996_472,1992,0.5629261255598065
1996_472,1993,-13.537171185796259
1996_472,1994,2.1590618743588124
1996_472,1995,-3.6436238015623488
1996_472,1996,-12.696117909624412
1996_472,1997,27.037092069778474
1996_487,1990,-13.925570894786182
1996_487,1991,-17.468671803940662
1996_487,1992,-0.7989496073456867
1996_487,1993,-15.587477199170129
1996_487,1994,0.8741036402629518
1996_487,1995,-6.375644807714818
1996_487,1996,-17.91674856768112
1996_487,1997,25.025283075198878
1996_490,1990,-15.122632700159146
1996_490,1991,-16.884089361115247
1996_490,1992,0.18786983755488063
1996_490,1993,-16.51227829859671
1996_490,1994,2.6209381553926936
1996_490,1995,-4.6470302123874845
1996_490,1996,-16.003134218888523
1996_490,1997,27.223725978876445
1996_493,1990,-4.378920746313737
1996_493,1991,-17.764092615693006
1996_493,1992,-5.597419245862112
1996_493,1993,-17.39894813022062
1996_493,1994,1.96532702070581
1996_493,1995,-8.547928491073337
1996_493,1996,-9.315628091626559
1996_493,1997,23.682155058744232
1996_494,1990,-15.49252574164986
1996_494,1991,-18.571068752895457
1996_494,1992,5.638224342783278
1996_494,1993,-12.112550274676465
1996_494,1994,5.502949381151486
1996_494,1995,-2.4891053378039985
1996_494,1996,-6.774312304725597
1996_494,1997,15.549890311044578
1996_498,1990,-1.4734614223556213
1996_498,1991,-15.792080512158543
1996_498,1992,-3.441503988112825
1996_498,1993,-17.64457834938711
1996_498,1994,0.7050824405899497
1996_498,1995,-12.705534885726088
1996_498,1996,-4.239126455445724
1996_498,1997,4.740871488816315
1996_499,1990,-12.325876864476806
1996_499,1991,-16.14917033760432
1996_499,1992,-0.34270719442663794
1996_499,1993,-14.333598331548764
1996_499,1994,1.1969462449027415
1996_499,1995,-5.5664493634736045
1996_499,1996,-15.760395840472585
1996_499,1997,26.61258529222003
1996_507,1990,-10.490288321094667
1996_507,1991,-14.730241877192084
1996_507,1992,1.388758107416994
1996_507,1993,-11.317224482752643
1996_507,1994,0.5659416415356388
1996_507,1995,-5.601700578260086
1996_507,1996,-12.955448406961855
1996_507,1997,25.29439016947034
1996_511,1990,0.7580121521281232
1996_511,1991,-16.027807813443783
1996_511,1992,-2.8218623669089844
1996_511,1993,-17.545837328869357
1996_511,1994,0.20191592469263467
1996_511,1995,-10.760457326064126
1996_511,1996,-5.645345541582117
1996_511,1997,4.873380264157046
1996_513,1990,-10.997600632821994
1996_513,1991,-14.891689680833565
1996_513,1992,1.719504044794289
1996_513,1993,-10.780811889819091
1996_513,1994,-0.48812199207586815
1996_513,1995,-7.297450651244053
1996_513,1996,-12.729717839033865
1996_513,1997,24.02582643037636
1996_517,1990,0.46433898517812267
1996_517,1991,-13.353873209668151
1996_517,1992,-1.003607332690634
1996_517,1993,-14.879049085079068
1996_517,1994,1.2294833393538702
1996_517,1995,-7.8965006460147995
1996_517,1996,-4.455497387711845
1996_517,1997,-2.6313826646460727
1996_519,1990,-11.416429957150637
1996_519,1991,-15.310140676313516
1996_519,1992,1.4717897075748974
1996_519,1993,-11.33045657950151
1996_519,1994,-0.9769364895565573
1996_519,1995,-7.177708896757454
1996_519,1996,-12.182543068725792
1996_519,1997,24.724985577541407
1996_525,1990,-11.993075620171743
1996_525,1991,-21.579154721639828
1996_525,1992,5.023374694532449
1996_525,1993,-5.567809747074091
1996_525,1994,9.200500787391222
1996_525,1995,1.0065082145937627
1996_525,1996,1.473430739338454
1996_525,1997,5.7608768232365035
1996_526,1990,5.277428091937266
1996_526,1991,-15.316730691072244
1996_526,1992,-5.048103866361123
1996_526,1993,-15.02201322028622
1996_526,1994,0.548496788460902
1996_526,1995,-9.593191543961279
1996_526,1996,-6.852449624884465
1996_526,1997,-9.686865866197971
1996_528,1990,-10.177890190333844
1996_528,1991,-15.927584622879232
1996_528,1992,0.09089154378666169
1996_528,1993,-10.749277631953582
1996_528,1994,-1.4535205707998962
1996_528,1995,-7.562675990341856
1996_528,1996,-11.828677903940426
1996_528,1997,21.902958094141642
1996_529,1990,3.921294572417594
1996_529,1991,-14.913642611530202
1996_529,1992,-1.9091870387126306
1996_529,1993,-15.241604697319481
1996_529,1994,-1.4766090912009016
1996_529,1995,-6.3630652553397224
1996_529,1996,-9.441939970824615
1996_529,1997,6.5430570070443395
1996_532,1990,-11.526232808504684
1996_532,1991,-14.82710599354717
1996_532,1992,2.7033367321141184
1996_532,1993,-10.850776341428693
1996_532,1994,2.4570640693564934
1996_532,1995,-5.4269871677428485
1996_532,1996,-9.553627612090231
1996_532,1997,16.908927890582273
1996_537,1990,8.960343421930181
1996_537,1991,-14.266351061281497
1996_537,1992,-2.9025722247184
1996_537,1993,-13.437086547678193
1996_537,1994,1.3292792355509329
1996_537,1995,-7.802823278517832
1996_537,1996,-6.092479777192319
1996_537,1997,-7.119980423463728
1996_540,1990,5.096023976709324
1996_540,1991,-14.3401728945907
1996_540,1992,-0.0466277648557926
1996_540,1993,-12.923018088257146
1996_540,1994,-2.1946055673426588
1996_540,1995,-6.952034109184829
1996_540,1996,-8.917962762448656
1996_540,1997,3.044687025714988
1996_544,1990,-14.956016014554296
1996_544,1991,-17.980915117202837
1996_544,1992,2.9062362299199247
1996_544,1993,-8.428078089382053
1996_544,1994,6.818524720046496
1996_544,1995,-4.791387874859213
1996_544,1996,-6.178677436309556
1996_544,1997,14.629764178763333
1996_549,1990,-11.628840431745703
1996_549,1991,-12.845780700200434
1996_549,1992,-2.246436038010748
1996_549,1993,-8.178163917140886
1996_549,1994,-0.6744245399987842
1996_549,1995,-4.871313839034435
1996_549,1996,-11.295545393051214
1996_549,1997,20.083621583219273
1996_551,1990,-12.348335105947324
1996_551,1991,-20.439868702998492
1996_551,1992,3.06926426618073
1996_551,1993,-6.600168162372196
1996_551,1994,4.9782724078279665
1996_551,1995,-3.706097617710812
1996_551,1996,-3.8447989628181016
1996_551,1997,14.17109207241982
1996_558,1990,-5.206366931006692
1996_558,1991,-22.73112433455744
1996_558,1992,4.471090918466401
1996_558,1993,-3.6832884163691766
1996_558,1994,8.920256441338687
1996_558,1995,-2.326100336315075
1996_558,1996,6.364033269695952
1996_558,1997,5.087443251795003
1996_561,1990,-10.759698579643267
1996_561,1991,-18.097933327256218
1996_561,1992,5.30348538075524
1996_561,1993,-7.425073911008604
1996_561,1994,0.6998682858268571
1996_561,1995,-5.7262838668403875
1996_561,1996,-6.278814684795712
1996_561,1997,16.814030494839106
1996_562,1990,-11.550838293896978
1996_562,1991,-13.074945472797845
1996_562,1992,2.2031135846756094
1996_562,1993,-4.810599694486066
1996_562,1994,0.1289903603754071
1996_562,1995,-4.461379269183136
1996_562,1996,-9.903041922738034
1996_562,1997,20.6153261064072
1996_564,1990,-11.39345260577907
1996_564,1991,-13.811285631294501
1996_564,1992,3.768898541928602
1996_564,1993,-5.479083765720638
1996_564,1994,-0.1304557167042919
1996_564,1995,-4.956142010591441
1996_564,1996,-9.308424775753963
1996_564,1997,19.900613309771778
1996_568,1990,-5.999204615564018
1996_568,1991,-23.49346085059528
1996_568,1992,5.939713866306737
1996_568,1993,-5.571983750756519
1996_568,1994,2.9626987838395418
1996_568,1995,-4.8629277497011225
1996_568,1996,-3.7122471954558023
1996_568,1997,11.427149172801764
1996_569,1990,-3.150756819046346
1996_569,1991,-23.203378583830716
1996_569,1992,5.773646657547474
1996_569,1993,-5.290295805587863
1996_569,1994,6.861358088371786
1996_569,1995,-3.1793206929223827
1996_569,1996,0.4171992787615612
1996_569,1997,4.551276368980902
1996_575,1990,-1.8629554761187197
1996_575,1991,-23.412476723058717
1996_575,1992,5.969000453832827
1996_575,1993,-4.703357980209742
1996_575,1994,6.871823977488606
1996_575,1995,-2.9660737761396874
1996_575,1996,-0.16510997386464568
1996_575,1997,3.786506165265757
1996_579,1990,-6.0372642899679985
1996_579,1991,-15.783386861826804
1996_579,1992,1.351663781940232
1996_579,1993,-3.900646926975469
1996_579,1994,0.8720063845271913
1996_579,1995,-5.735426577521527
1996_579,1996,-10.023510412002095
1996_579,1997,25.534502008483575
1996_580,1990,-2.401941997591013
1996_580,1991,-22.508565868063176
1996_580,1992,5.480946793504522
1996_580,1993,-4.962175310919804
1996_580,1994,5.84508100860662
1996_580,1995,-2.074176006666352
1996_580,1996,-1.8552143433077652
1996_580,1997,7.904559795456163
1996_582,1990,-7.28502068027331
1996_582,1991,-16.846628156888197
1996_582,1992,0.9003071370350776
1996_582,1993,-3.5564079725911277
1996_582,1994,-0.41241818788434986
1996_582,1995,-6.077589561709018
1996_582,1996,-10.018862869442602
1996_582,1997,23.912287242360897
1996_583,1990,-0.19061726415976818
1996_583,1991,-23.825336550547615
1996_583,1992,7.858260996399447
1996_583,1993,-1.9284072445745448
1996_583,1994,8.717874091819793
1996_583,1995,-4.0597369074660214
1996_583,1996,2.305609333683171
1996_583,1997,4.7037773293298555
1996_584,1990,-3.110470225349465
1996_584,1991,-22.867959053820147
1996_584,1992,4.742354070576785
1996_584,1993,-4.139245746923603
1996_584,1994,4.130088380473801
1996_584,1995,-3.0025043159330287
1996_584,1996,-5.509311837890331
1996_584,1997,12.943308785710446
1996_585,1990,-0.5691908925853549
1996_585,1991,-21.078186392776367
1996_585,1992,4.18290920130099
1996_585,1993,-1.3127712107780234
1996_585,1994,2.655398616213837
1996_585,1995,-3.669529040621294
1996_585,1996,-6.493795761583943
1996_585,1997,17.116875434124275
1996_586,1990,-1.608157793895687
1996_586,1991,-21.840285378615306
1996_586,1992,4.5397163096628885
1996_586,1993,-3.132850534444619
1996_586,1994,3.717752198027282
1996_586,1995,-2.9227704056862946
1996_586,1996,-6.174708237830676
1996_586,1997,15.387734266817386
1996_587,1990,0.2361655671041376
1996_587,1991,-25.486232456046253
1996_587,1992,10.274434446871085
1996_587,1993,0.20058349493496705
1996_587,1994,9.367565001987314
1996_587,1995,-5.472516957868398
1996_587,1996,5.439912258522838
1996_587,1997,1.5291581032897539
1996_588,1990,1.1879540801681248
1996_588,1991,-13.799146152508037
1996_588,1992,2.315272945341711
1996_588,1993,-2.0178488246963213
1996_588,1994,-0.9870293047099837
1996_588,1995,-6.5019343920677315
1996_588,1996,-9.342329908403867
1996_588,1997,20.09638135853762
1996_590,1990,-3.7650334504936223
1996_590,1991,-20.2451220870602
1996_590,1992,0.6025046070364558
1996_590,1993,-2.2310515287884365
1996_590,1994,1.9807567352375302
1996_590,1995,-5.838465332765952
1996_590,1996,-7.768370629785473
1996_590,1997,24.50650628058788
1996_596,1990,-2.022243129920004
1996_596,1991,-19.929069837267217
1996_596,1992,1.1061532099716347
1996_596,1993,-1.1939031430205442
1996_596,1994,1.8740147178609483
1996_596,1995,-5.611496156766473
1996_596,1996,-6.836006405682085
1996_596,1997,24.732532610194053
1996_597,1990,0.11512921610087037
1996_597,1991,-20.256029461459466
1996_597,1992,1.7213605950948059
1996_597,1993,-0.30852149757712805
1996_597,1994,2.9238319925103595
1996_597,1995,-5.128570329796286
1996_597,1996,-5.234310319027352
1996_597,1997,24.448968439543428
1996_598,1990,3.608113426194931
1996_598,1991,-14.917462013634562
1996_598,1992,3.5109741418391778
1996_598,1993,0.6761985002619539
1996_598,1994,-0.8003467191638745
1996_598,1995,-4.968394489123866
1996_598,1996,-9.034715381566462
1996_598,1997,21.320403760223122
1996_600,1990,1.372241670619307
1996_600,1991,-20.229610597439514
1996_600,1992,3.2630455150264233
1996_600,1993,-0.33438478488419854
1996_600,1994,3.528852942999977
1996_600,1995,-4.508682868965814
1996_600,1996,-4.680171991827694
1996_600,1997,18.634414961992423
1996_602,1990,-3.0201165594168153
1996_602,1991,-21.967218437756028
1996_602,1992,2.0164793754291317
1996_602,1993,-0.6915009226606953
1996_602,1994,4.119427694525505
1996_602,1995,-5.204481992027772
1996_602,1996,-7.303014107790787
1996_602,1997,25.33706079716456
1996_604,1990,4.555317499915648
1996_604,1991,-19.3057764436295
1996_604,1992,5.100644326455918
1996_604,1993,0.20270872437488663
1996_604,1994,3.7806360325533035
1996_604,1995,-3.907237105790679
1996_604,1996,-2.513385775421019
1996_604,1997,22.73417916487904
1996_605,1990,0.07759185573998195
1996_605,1991,-21.44243204697521
1996_605,1992,1.8487705651137867
1996_605,1993,-0.3611472239215005
1996_605,1994,3.5396495728460704
1996_605,1995,-5.066436879653
1996_605,1996,-4.946395291832796
1996_605,1997,24.589282237006024
1996_614,1990,-2.1197757609351187
1996_614,1991,-22.342642455861853
1996_614,1992,1.15808816480169
1996_614,1993,1.1385790050051787
1996_614,1994,4.309896442239547
1996_614,1995,-5.040329839325154
1996_614,1996,-6.222841313813626
1996_614,1997,25.117433524211368
1996_615,1990,1.9068116003383488
1996_615,1991,-21.704027724710713
1996_615,1992,2.3079326399514866
1996_615,1993,1.6069871814386303
1996_615,1994,4.317708584263579
1996_615,1995,-4.739463025398595
1996_615,1996,-3.049133174417268
1996_615,1997,23.110624672065036
1996_616,1990,0.5977399406515289
1996_616,1991,-22.66023760696504
1996_616,1992,1.192201288998713
1996_616,1993,0.43898532195698553
1996_616,1994,3.5071045112420154
1996_616,1995,-5.648719272673212
1996_616,1996,-4.261200721620036
1996_616,1997,22.33379074921974
1996_622,1990,5.222232400137915
1996_622,1991,-22.8974248940994
1996_622,1992,6.288256395351024
1996_622,1993,3.650554595862856
1996_622,1994,9.974732000311299
1996_622,1995,-3.6818078168405166
1996_622,1996,5.654125549222173
1996_622,1997,7.530624070299586
1996_625,1990,1.1819069577458987
1996_625,1991,-21.74325812513483
1996_625,1992,3.9087287452579633
1996_625,1993,4.031360641681069
1996_625,1994,8.963714234570386
1996_625,1995,-4.189812831844418
1996_625,1996,6.359578582121567
1996_625,1997,10.567244954320005
1996_627,1990,-2.402200103404824
1996_627,1991,-22.80662255104384
1996_627,1992,-0.8800831415321682
1996_627,1993,3.0693929190528695
1996_627,1994,2.4109522231503
1996_627,1995,-6.594188620570923
1996_627,1996,-7.07485754288039
1996_627,1997,26.848081470270966
1996_628,1990,-1.3903882380483839
1996_628,1991,-21.736055423195335
1996_628,1992,-1.230131698863812
1996_628,1993,2.744272593964476
1996_628,1994,3.4430528337182866
1996_628,1995,-10.148505850521415
1996_628,1996,-4.568315265438168
1996_628,1997,20.526645133418764
1996_630,1990,6.909755630953638
1996_630,1991,-16.593807935995127
1996_630,1992,8.916646913543957
1996_630,1993,9.6632579426563
1996_630,1994,5.817768654922499
1996_630,1995,-4.232038738980493
1996_630,1996,4.898717865627545
1996_630,1997,29.40449439616803
1996_635,1990,-2.0793429223734115
1996_635,1991,-20.01169838808672
1996_635,1992,-1.3259733262240625
1996_635,1993,4.138248650134796
1996_635,1994,1.3632492799860254
1996_635,1995,-11.128546201543125
1996_635,1996,-6.563122685358759
1996_635,1997,27.943086519990448
1996_639,1990,-2.7996727624883357
1996_639,1991,-20.931972481745287
1996_639,1992,-1.7141999560252303
1996_639,1993,4.706425672624593
1996_639,1994,-0.07518420567740976
1996_639,1995,-11.622936875372963
1996_639,1996,-7.6484497161033955
1996_639,1997,30.01804277965423
1996_640,1990,3.002201052913638
1996_640,1991,-21.877440169046167
1996_640,1992,-2.4943831209852037
1996_640,1993,3.473969435676582
1996_640,1994,4.9135903202262865
1996_640,1995,-5.4121233642118005
1996_640,1996,-8.818453615282719
1996_640,1997,22.468664746353472
1996_644,1990,4.214182455478503
1996_644,1991,-17.89344041357666
1996_644,1992,-1.5932391379172657
1996_644,1993,4.2074709740507155
1996_644,1994,6.831431677292417
1996_644,1995,-4.777135117091858
1996_644,1996,-7.6076101042621564
1996_644,1997,21.48968319974569
1996_646,1990,-1.756372425663852
1996_646,1991,-19.395742265126728
1996_646,1992,-0.8296933444632503
1996_646,1993,7.372709211684409
1996_646,1994,0.5535918801945195
1996_646,1995,-10.224304675666296
1996_646,1996,-5.294024556291276
1996_646,1997,28.516982115050645
1996_650,1990,-1.8645106349169123
1996_650,1991,-19.091331348414396
1996_650,1992,-1.1761848428797144
1996_650,1993,7.989256629214477
1996_650,1994,0.6635762925552982
1996_650,1995,-8.667219719341567
1996_650,1996,-5.415775099304336
1996_650,1997,28.517709947577732
1996_651,1990,0.5164700954405207
1996_651,1991,-18.66490391072816
1996_651,1992,2.5475707301821036
1996_651,1993,11.496819725528654
1996_651,1994,2.4858732932407683
1996_651,1995,-7.910393533982284
1996_651,1996,6.169984563492757
1996_651,1997,7.672840363282904
1996_652,1990,4.4021803002534545
1996_652,1991,-17.497010266624887
1996_652,1992,2.3310530129775113
1996_652,1993,13.149119222782858
1996_652,1994,3.2139330104990496
1996_652,1995,-8.755737206781129
1996_652,1996,6.989037726574348
1996_652,1997,6.850899716651388
1996_654,1990,-2.3811961371240833
1996_654,1991,-18.990843894328318
1996_654,1992,-1.8910549556009562
1996_654,1993,8.983145496350783
1996_654,1994,0.12104423942842946
1996_654,1995,-10.916164502794222
1996_654,1996,-3.3368765982461865
1996_654,1997,25.462007992136556
1996_656,1990,5.5482284377729
1996_656,1991,-13.403678340628458
1996_656,1992,-1.2153771399455267
1996_656,1993,4.959046586779065
1996_656,1994,7.135589443757882
1996_656,1995,-4.497865771132985
1996_656,1996,-7.424423047528279
1996_656,1997,19.418662948504412
1996_657,1990,0.36719024665906985
1996_657,1991,-16.452338762219256
1996_657,1992,5.120013240273709
1996_657,1993,13.711251733974711
1996_657,1994,4.069094259322866
1996_657,1995,-10.553399731996542
1996_657,1996,3.6031181785270956
1996_657,1997,31.154570745425836
1996_659,1990,2.0656097292790867
1996_659,1991,-17.947973331796245
1996_659,1992,0.8646613752987422
1996_659,1993,12.319196477081315
1996_659,1994,-0.1515791925376909
1996_659,1995,-12.578099778931879
1996_659,1996,6.79998470989267
1996_659,1997,7.500700617793638
1996_660,1990,-2.5661848915579992
1996_660,1991,-19.056539561816418
1996_660,1992,-2.3939591317043947
1996_660,1993,8.685113354957805
1996_660,1994,-0.7497125430765103
1996_660,1995,-9.521054537123426
1996_660,1996,-4.496393777217346
1996_660,1997,27.114683830259537
1996_665,1990,-3.322034666045129
1996_665,1991,-16.70942035012735
1996_665,1992,2.2637758225024136
1996_665,1993,13.380930057736407
1996_665,1994,0.10775379912776255
1996_665,1995,-10.003753312972812
1996_665,1996,5.058495991893136
1996_665,1997,26.97951024372307
1996_667,1990,-2.8797532233058427
1996_667,1991,-14.326174404069484
1996_667,1992,-2.7539175026507916
1996_667,1993,10.103465195204612
1996_667,1994,-1.9470965559271936
1996_667,1995,-11.525793178839018
1996_667,1996,-1.5155415824911842
1996_667,1997,25.102925823826276
1996_668,1990,-2.578018120843004
1996_668,1991,-16.14007824168913
1996_668,1992,2.715910090208933
1996_668,1993,13.68920283583524
1996_668,1994,0.7646608294743261
1996_668,1995,-9.564349071397123
1996_668,1996,4.703148815842448
1996_668,1997,27.303889755638174
1996_670,1990,-2.3624005283568477
1996_670,1991,-12.17697729234474
1996_670,1992,-0.09424032606792772
1996_670,1993,7.4565592398715665
1996_670,1994,-0.597636583412898
1996_670,1995,-9.702767667880265
1996_670,1996,0.25571321774787287
1996_670,1997,27.221042110586705
1996_671,1990,-2.6503441963654604
1996_671,1991,-13.144215975668574
1996_671,1992,-1.708729212251667
1996_671,1993,13.727938294056111
1996_671,1994,-1.686948650831579
1996_671,1995,-12.070168941440604
1996_671,1996,0.8179013542825629
1996_671,1997,25.637876361212005
1996_674,1990,-1.9874075404005112
1996_674,1991,-12.890585245125784
1996_674,1992,-1.844392726117747
1996_674,1993,13.248961033481597
1996_674,1994,-1.8311435330338668
1996_674,1995,-12.211160413450783
1996_674,1996,0.6522477759869592
1996_674,1997,25.05595682954443
1996_675,1990,-3.8619191415340617
1996_675,1991,-14.960544394736814
1996_675,1992,-0.5784475970104929
1996_675,1993,13.686532593887462
1996_675,1994,-0.1313908618878458
1996_675,1995,-9.228592690883357
1996_675,1996,7.492035587176177
1996_675,1997,23.880789498443576
1996_678,1990,-5.998994302409999
1996_678,1991,-15.783080590789757
1996_678,1992,-1.096841575629962
1996_678,1993,14.572516028603124
1996_678,1994,-2.2112451166724245
1996_678,1995,-9.853073510516067
1996_678,1996,11.772293790589726
1996_678,1997,21.785127180185412
1996_683,1990,6.80271154110406
1996_683,1991,-10.344237353746843
1996_683,1992,0.17583415708221248
1996_683,1993,6.877756158496569
1996_683,1994,5.625037418393222
1996_683,1995,-10.84022347255061
1996_683,1996,8.792927079350518
1996_683,1997,30.938063757179513
1996_715,1990,2.424561850923289
1996_715,1991,-15.010043124130846
1996_715,1992,-0.04878321203319599
1996_715,1993,6.590115400158883
1996_715,1994,1.8084875092756825
1996_715,1995,-10.716959127683928
1996_715,1996,7.902633185972294
1996_715,1997,32.21127281404944
1996_716,1990,-2.964020923963794
1996_716,1991,-15.825588626108607
1996_716,1992,-1.2507788259644392
1996_716,1993,12.114653428841033
1996_716,1994,-0.19954321909603223
1996_716,1995,-10.562442788887664
1996_716,1996,-0.7483575541322782
1996_716,1997,27.799033421747886
1996_717,1990,-0.014638656170630173
1996_717,1991,-21.326343014443115
1996_717,1992,1.1218286986912673
1996_717,1993,1.3823944663478436
1996_717,1994,4.908218320577263
1996_717,1995,-5.262278766356572
1996_717,1996,-4.321836937401458
1996_717,1997,23.61313396014623
1996_719,1990,1.0195794637039686
1996_719,1991,-21.14233062053332
1996_719,1992,2.121780398967361
1996_719,1993,1.6715332266441691
1996_719,1994,5.233996048885735
1996_719,1995,-4.625787820577295
1996_719,1996,-3.639339932486885
1996_719,1997,24.47370775724009
1996_720,1990,1.3453053911126236
1996_720,1991,-20.15751174688069
1996_720,1992,2.947581725141425
1996_720,1993,0.8801142417094349
1996_720,1994,4.227800733659429
1996_720,1995,-3.9039094231620712
1996_720,1996,-4.3706752932750605
1996_720,1997,22.47973588256111
1996_723,1990,-12.06728957462913
1996_723,1991,-21.90834650759908
1996_723,1992,7.91344506841573
1996_723,1993,-7.039270442395527
1996_723,1994,7.896329666615341
1996_723,1995,1.5696574339273415
1996_723,1996,-0.8817054941703072
1996_723,1997,5.741911723195121
1996_725,1990,-15.456413297927712
1996_725,1991,-17.069702480207965
1996_725,1992,0.07695371899966652
1996_725,1993,-18.184891068515594
1996_725,1994,3.8905253578291075
1996_725,1995,-2.052652263156642
1996_725,1996,-9.252528147354086
1996_725,1997,24.253659001296633
1996_727,1990,-12.29128147881747
1996_727,1991,-15.675218698218783
1996_727,1992,-0.2958564124333458
1996_727,1993,-13.314977284756083
1996_727,1994,4.632150959104369
1996_727,1995,-13.69615693529281
1996_727,1996,-3.3172802099620626
1996_727,1997,15.05942341101174
1997_338,1991,-16.711937626781783
1997_338,1992,-1.871423073372534
1997_338,1993,-4.335119739522578
1997_338,1994,-0.24497924825260498
1997_338,1995,-9.083317691663039
1997_338,1996,-5.052982390520719
1997_338,1997,1.4546143755830379
1997_338,1998,17.423539500440477
1997_431,1991,-39.97977510013514
1997_431,1992,-0.7177735113138516
1997_431,1993,-2.181661018560071
1997_431,1994,-10.292549845613856
1997_431,1995,-21.018561306678006
1997_431,1996,-1.3579475847055182
1997_431,1997,-5.029193536070629
1997_431,1998,-17.61485338356659
1998_561,1992,2.058675360114443
1998_561,1993,-13.073455424115103
1998_561,1994,2.011728136225422
1998_561,1995,-14.760286781844615
1998_561,1996,-0.9198106502483375
1998_561,1997,-1.4409670180873348
1998_561,1998,6.10939717368804
1998_561,1999,-5.222566990260711
1998_566,1992,3.2109530412534
1998_566,1993,-19.10079351298655
1998_566,1994,1.5344132005935076
1998_566,1995,-10.679701855978097
1998_566,1996,-8.514753847949363
1998_566,1997,4.403311917569204
1998_566,1998,-2.020225753253666
1998_566,1999,-2.593135274319701
1998_578,1992,3.942082610301348
1998_578,1993,-19.127724245097138
1998_578,1994,3.0496699419431437
1998_578,1995,-10.315572563359446
1998_578,1996,-8.01802915346913
1998_578,1997,7.402937126070807
1998_578,1998,-3.8986462717490973
1998_578,1999,-0.35504325016571203
1998_581,1992,4.836142254913911
1998_581,1993,-19.977062182727487
1998_581,1994,2.023227890290463
1998_581,1995,-10.645644195894269
1998_581,1996,-8.306397553077582
1998_581,1997,3.0942689633754177
1998_581,1998,-0.20997925290502403
1998_581,1999,-2.3049240606970374
1998_583,1992,-1.1426222264017016
1998_583,1993,-18.40227408269525
1998_583,1994,2.637916572506137
1998_583,1995,-9.425289640814366
1998_583,1996,-5.839609243888973
1998_583,1997,4.131895523405285
1998_583,1998,-7.880948334512058
1998_583,1999,8.694155254493097
1998_588,1992,0.7667982656311503
1998_588,1993,-17.36480499326553
1998_588,1994,3.3309824885085457
1998_588,1995,-7.3165339913546825
1998_588,1996,-6.143175156406186
1998_588,1997,4.65928283990558
1998_588,1998,-7.200177929477872
1998_588,1999,8.224100990322574
1998_593,1992,3.750466435340941
1998_593,1993,-17.595584851623546
1998_593,1994,1.2343979141199186
1998_593,1995,-13.448662864640712
1998_593,1996,-4.442722271517015
1998_593,1997,2.233064013188315
1998_593,1998,1.3111020002377447
1998_593,1999,0.5520803206562206
1998_595,1992,1.2772344172024168
1998_595,1993,-17.537427611497424
1998_595,1994,2.50151219842536
1998_595,1995,-6.972106784277275
1998_595,1996,-7.752520846387088
1998_595,1997,3.460208984640765
1998_595,1998,-8.338122108045019
1998_595,1999,6.829892126434639
1998_597,1992,2.4394987458602215
1998_597,1993,-14.97680835240117
1998_597,1994,2.0290337025013994
1998_597,1995,-6.586418081753237
1998_597,1996,-6.062059963694963
1998_597,1997,1.7528248997801203
1998_597,1998,-10.123426759190876
1998_597,1999,7.895519266664141
1998_605,1992,2.97864668060228
1998_605,1993,-13.32067746548448
1998_605,1994,3.7738061263041422
1998_605,1995,-14.491300599381349
1998_605,1996,-2.0129355314731687
1998_605,1997,2.689974938918004
1998_605,1998,6.8737492272709
1998_605,1999,1.0214096371247934
1998_610,1992,4.303189695038119
1998_610,1993,-12.338346181779114
1998_610,1994,3.5787717784284396
1998_610,1995,-4.209646915846079
1998_610,1996,-5.071512351572913
1998_610,1997,1.8751679245286226
1998_610,1998,-11.356868266095576
1998_610,1999,9.0932501055563
1998_612,1992,2.670973198769368
1998_612,1993,-17.687548117228065
1998_612,1994,1.799930248316245
1998_612,1995,-9.499655762852365
1998_612,1996,-5.8527939930850765
1998_612,1997,4.298240237711894
1998_612,1998,0.024396508123462723
1998_612,1999,-0.5557048623924764
1998_613,1992,-0.09183349852255418
1998_613,1993,-21.497170441520865
1998_613,1994,1.4724874920073396
1998_613,1995,-5.946873860392124
1998_613,1996,-11.63183877837003
1998_613,1997,1.483696960607017
1998_613,1998,-5.220454709734828
1998_613,1999,9.087449000715702
1998_618,1992,2.104426008583437
1998_618,1993,-17.72570793028001
1998_618,1994,3.229676880051731
1998_618,1995,-5.120337233149919
1998_618,1996,-6.647361746561178
1998_618,1997,5.180273339542874
1998_618,1998,-0.5277171577935716
1998_618,1999,0.7286696899209624
1998_619,1992,7.40215202002436
1998_619,1993,-14.148244160952167
1998_619,1994,5.846099565441967
1998_619,1995,-3.229983583088304
1998_619,1996,-6.2721446178463305
1998_619,1997,5.115074652813569
1998_619,1998,-7.532208174914756
1998_619,1999,8.540629119032397
1998_625,1992,4.7318441139833585
1998_625,1993,-11.704071807219549
1998_625,1994,2.3274219837191636
1998_625,1995,-3.282090639773252
1998_625,1996,-1.4963198621188056
1998_625,1997,0.6222688927360286
1998_625,1998,-14.73008934673642
1998_625,1999,4.166555977733625
1998_650,1992,5.3591034566839815
1998_650,1993,-9.797141741705122
1998_650,1994,6.3836208967046275
1998_650,1995,-0.0746249686183423
1998_650,1996,-4.749748752385673
1998_650,1997,0.9923510893484474
1998_650,1998,-22.317186037439537
1998_650,1999,-1.8862736271221543
1998_651,1992,5.0514480674603846
1998_651,1993,-7.541933167600732
1998_651,1994,6.699822803574592
1998_651,1995,1.4140970382449147
1998_651,1996,-2.737702667304506
1998_651,1997,0.9667918046610149
1998_651,1998,-24.15705929398575
1998_651,1999,-2.7143769504512
1998_660,1992,3.5710491562983497
1998_660,1993,-7.011410204214872
1998_660,1994,8.348278520569131
1998_660,1995,0.9851625252194299
1998_660,1996,-1.0265095365844354
1998_660,1997,0.18996741830652533
1998_660,1998,-23.657852629371746
1998_660,1999,-2.567089148018899
1998_663,1992,-0.5835549421267469
1998_663,1993,-10.828502034780108
1998_663,1994,8.318560943526306
1998_663,1995,-3.464017844687256
1998_663,1996,-7.263285858146806
1998_663,1997,0.7667446035873837
1998_663,1998,-18.043023982598374
1998_663,1999,-6.222545047518162
1998_668,1992,-3.3082431845539046
1998_668,1993,-15.564212868749982
1998_668,1994,-1.7252436674146987
1998_668,1995,-8.08808372501061
1998_668,1996,-7.09265953638241
1998_668,1997,-2.192390022796552
1998_668,1998,23.119043695555344
1998_668,1999,-6.104782034261625
1998_674,1992,-0.3162571581617222
1998_674,1993,-9.318777526405894
1998_674,1994,-1.3543857303016722
1998_674,1995,-5.690984600461427
1998_674,1996,-11.373222180657953
1998_674,1997,2.755754803469548
1998_674,1998,-16.87753427373264
1998_674,1999,-4.975161476471315
1998_675,1992,0.6967657209774346
1998_675,1993,-9.624253095582171
1998_675,1994,-0.05692181928497556
1998_675,1995,-5.775397736711529
1998_675,1996,-10.689775480156042
1998_675,1997,1.5749491759750203
1998_675,1998,-17.85155313359448
1998_675,1999,-4.977888358717003
1998_695,1992,2.856739147995476
1998_695,1993,0.7547386668119828
1998_695,1994,1.1467671560069614
1998_695,1995,-4.119616505711938
1998_695,1996,-5.174855279780535
1998_695,1997,-0.16237641650860368
1998_695,1998,-20.729042791292873
1998_695,1999,10.74849160116448
1998_698,1992,1.892309199221457
1998_698,1993,-0.06810348869243477
1998_698,1994,0.8829423853980352
1998_698,1995,-5.167542987473977
1998_698,1996,-5.515123356208815
1998_698,1997,1.104715308560196
1998_698,1998,-21.450921931933593
1998_698,1999,8.54071453996015
1998_714,1992,-1.5110938994360268
1998_714,1993,2.070942532867021
1998_714,1994,4.474044587407255
1998_714,1995,-6.729149202718887
1998_714,1996,-4.0355615865432215
1998_714,1997,3.575933587303933
1998_714,1998,-23.121143986935078
1998_714,1999,1.947000770036643
1998_722,1992,-5.950495285619219
1998_722,1993,-2.2634166137537783
1998_722,1994,-9.200977266857109
1998_722,1995,-13.363757803827845
1998_722,1996,-3.132363939442247
1998_722,1997,-3.6142677803040377
1998_722,1998,-28.213517261058445
1998_722,1999,-10.562775236011621
1998_732,1992,-4.472701676049733
1998_732,1993,11.850267367579198
1998_732,1994,4.900625844295564
1998_732,1995,-10.483082023560648
1998_732,1996,6.627090652125051
1998_732,1997,-6.6495961454707
1998_732,1998,-25.075503268521345
1998_732,1999,8.80977014851959
1998_737,1992,-4.780054270481705
1998_737,1993,15.223060358077658
1998_737,1994,7.925074483560969
1998_737,1995,-11.620079120854117
1998_737,1996,2.696839118130677
1998_737,1997,8.673875457732494
1998_737,1998,-21.824130051306202
1998_737,1999,-2.0198769947844646
1998_741,1992,-7.9508431147042335
1998_741,1993,12.120300767432973
1998_741,1994,0.8497568132960396
1998_741,1995,-10.20436263168965
1998_741,1996,5.549354531722689
1998_741,1997,-5.123504504122779
1998_741,1998,-27.25687117182858
1998_741,1999,5.222176590484419
1998_745,1992,-2.6967023236408587
1998_745,1993,11.66820995742234
1998_745,1994,-6.210822465519151
1998_745,1995,-14.940399176280101
1998_745,1996,14.309547946640954
1998_745,1997,10.100650980374303
1998_745,1998,-19.219857106884223
1998_745,1999,-2.272954968577136
1998_746,1992,-7.267534889936037
1998_746,1993,9.267868531756301
1998_746,1994,-9.934220957315466
1998_746,1995,-18.540250451517228
1998_746,1996,10.35517807505009
1998_746,1997,5.933512950100443
1998_746,1998,-23.50868904667573
1998_746,1999,-5.324547819851917
1998_845,1992,-1.3009167093613994
1998_845,1993,7.475368725931593
1998_845,1994,-9.168366386207692
1998_845,1995,-19.009830304758196
1998_845,1996,16.3237128409858
1998_845,1997,7.553457561578798
1998_845,1998,-24.20432919655903
1998_845,1999,-2.0854513145052835
1998_851,1992,-2.245909790625291
1998_851,1993,18.987271969067763
1998_851,1994,1.7164473534862223
1998_851,1995,-9.162724873080762
1998_851,1996,13.954489316002165
1998_851,1997,6.067336641478019
1998_851,1998,-17.37545251591646
1998_851,1999,6.877170442708339
1998_853,1992,-5.316269292185116
1998_853,1993,9.855457804863427
1998_853,1994,0.8643063264681338
1998_853,1995,-14.253023185773257
1998_853,1996,3.457537228343083
1998_853,1997,7.657828802568516
1998_853,1998,-25.48727780147704
1998_853,1999,0.839218848746252
1998_855,1992,-5.160186044683665
1998_855,1993,14.850657350012638
1998_855,1994,0.1521064928119351
1998_855,1995,-11.826793717498598
1998_855,1996,9.53986423565336
1998_855,1997,-0.10020517033258376
1998_855,1998,-21.888815394584174
1998_855,1999,5.150010607631215
1998_859,1992,6.844367959744893
1998_859,1993,4.622300759253885
1998_859,1994,9.930386170894101
1998_859,1995,-4.0256614461082405
1998_859,1996,3.9551311137922984
1998_859,1997,-8.885118490585883
1998_859,1998,-25.318951732735016
1998_859,1999,6.22898109874612
1998_860,1992,12.136207062100102
1998_860,1993,5.561536957560464
1998_860,1994,7.122282894301016
1998_860,1995,-5.522368021020924
1998_860,1996,4.415130172591205
1998_860,1997,-10.940745259084187
1998_860,1998,-23.779978324699233
1998_860,1999,9.024568797348191
1998_865,1992,1.3503259031467638
1998_865,1993,-9.827091574869149
1998_865,1994,-0.3637119075863839
1998_865,1995,-7.186564153976747
1998_865,1996,-12.988565105173572
1998_865,1997,1.7730887731937368
1998_865,1998,-11.193456474548356
1998_865,1999,-5.163454239450058
1998_866,1992,2.8586333380426887
1998_866,1993,-10.29510173597459
1998_866,1994,4.917967118875089
1998_866,1995,-4.834546837681026
1998_866,1996,-8.345661533656068
1998_866,1997,1.65270115526769
1998_866,1998,-15.331240230297011
1998_866,1999,-6.227047437145147
1998_867,1992,2.919530450058886
1998_867,1993,-12.502029065156107
1998_867,1994,1.0968529096659563
1998_867,1995,-1.0129280075281333
1998_867,1996,-9.245954686490993
1998_867,1997,6.460528862846626
1998_867,1998,-8.198444977311816
1998_867,1999,-6.421130672399926
1998_868,1992,0.9182458915215719
1998_868,1993,-11.80460866667012
1998_868,1994,4.245447523372053
1998_868,1995,-4.659023395025302
1998_868,1996,-7.9665315989282695
1998_868,1997,2.0396027451049528
1998_868,1998,-14.766469573574568
1998_868,1999,-8.458304587527062
1998_869,1992,-6.643830469742771
1998_869,1993,-17.257616563506144
1998_869,1994,-0.7461264406553996
1998_869,1995,-7.375137750251704
1998_869,1996,-9.563200438261552
1998_869,1997,4.361678586490764
1998_869,1998,14.749061457482282
1998_869,1999,-6.666072423657331
1998_870,1992,-1.168886715286885
1998_870,1993,-11.147218835763207
1998_870,1994,0.98568137908742
1998_870,1995,-6.403963384606656
1998_870,1996,-13.641047241037649
1998_870,1997,5.8285907054801
1998_870,1998,-3.9716634569895892
1998_870,1999,-9.710701686382173
1998_872,1992,-0.21483537669278366
1998_872,1993,-11.252339050837401
1998_872,1994,7.041543811607732
1998_872,1995,-3.405304010137703
1998_872,1996,-7.4622290402597935
1998_872,1997,0.8338931207274692
1998_872,1998,-16.62430729022077
1998_872,1999,-6.741629449764058
1998_873,1992,0.660252710763786
1998_873,1993,-12.501208168595648
1998_873,1994,3.02541895130814
1998_873,1995,-4.220841926348277
1998_873,1996,-6.480179054302269
1998_873,1997,3.2253149010846904
1998_873,1998,-13.55400161900466
1998_873,1999,-8.51403087455829
1998_874,1992,-8.217300732524434
1998_874,1993,-18.757335808013554
1998_874,1994,-2.9812957444188597
1998_874,1995,-9.643795855972284
1998_874,1996,-21.155373891381085
1998_874,1997,0.6885694443730941
1998_874,1998,-4.417247634727846
1998_874,1999,-14.205116202651464
1998_880,1992,4.1509613090161315
1998_880,1993,-15.182050947512941
1998_880,1994,5.648438663623615
1998_880,1995,-3.2800043862448245
1998_880,1996,-6.9708200387828
1998_880,1997,4.607043552244929
1998_880,1998,-7.092302602325834
1998_880,1999,4.189289494993574
1998_881,1992,-1.1583495490041054
1998_881,1993,-17.41223918660122
1998_881,1994,3.9023710381389987
1998_881,1995,0.17707530963754436
1998_881,1996,-9.648020697060742
1998_881,1997,6.3031833830601895
1998_881,1998,-0.4861728098926002
1998_881,1999,-2.4850881945049252
1998_882,1992,3.5932065869949397
1998_882,1993,-15.6974203541061
1998_882,1994,5.075622784156043
1998_882,1995,-2.4504311932879834
1998_882,1996,-6.715371282463969
1998_882,1997,5.771041531791137
1998_882,1998,-4.912969007758655
1998_882,1999,4.4265931971692245
1998_883,1992,-3.043984442893442
1998_883,1993,-13.90779390570137
1998_883,1994,4.035916334910103
1998_883,1995,-11.450886407542948
1998_883,1996,-6.126246354191888
1998_883,1997,5.973734992188175
1998_883,1998,6.284674972040269
1998_883,1999,-4.2841688614790465
1998_884,1992,1.4786899997434975
1998_884,1993,-16.150325608802913
1998_884,1994,4.325388898072197
1998_884,1995,-1.0287901008474727
1998_884,1996,-7.488014199289313
1998_884,1997,6.599246528561906
1998_884,1998,0.5030066738836295
1998_884,1999,-1.3951736623784121
1998_885,1992,-2.031690336103304
1998_885,1993,-15.083029160256125
1998_885,1994,4.868257042323826
1998_885,1995,-14.642957458325457
1998_885,1996,-4.685389089857172
1998_885,1997,2.274955190924524
1998_885,1998,8.519162560570443
1998_885,1999,-7.983742833188996
1998_889,1992,2.321715259990713
1998_889,1993,-14.538163012104102
1998_889,1994,1.897583810425824
1998_889,1995,-6.778830926321365
1998_889,1996,-5.540808017585793
1998_889,1997,1.4811490914189935
1998_889,1998,-10.844827406943187
1998_889,1999,7.755252531906788
1998_890,1992,3.846274674567059
1998_890,1993,-16.22634636464371
1998_890,1994,2.095006166578613
1998_890,1995,-14.404471731781307
1998_890,1996,-3.381541254262564
1998_890,1997,2.383794386007542
1998_890,1998,3.095847688114661
1998_890,1999,-0.06046378405144352
1998_891,1992,4.013706514389435
1998_891,1993,-17.121678330289043
1998_891,1994,2.080726696630364
1998_891,1995,-13.349990473761375
1998_891,1996,-5.302101627614892
1998_891,1997,1.5658895423027428
1998_891,1998,2.0611322798034757
1998_891,1999,-0.8440439752012316
1998_892,1992,3.264638358285098
1998_892,1993,-16.486078425799956
1998_892,1994,3.386899619216475
1998_892,1995,-5.914416630257513
1998_892,1996,-7.986389120437713
1998_892,1997,3.870113076311274
1998_892,1998,-7.475991534976295
1998_892,1999,8.161998929409231
1998_893,1992,3.162604188499319
1998_893,1993,-18.657029165620592
1998_893,1994,0.4070676170745771
1998_893,1995,-12.92571048400365
1998_893,1996,-4.55449063910635
1998_893,1997,2.2665103223527816
1998_893,1998,-0.5999169512196095
1998_893,1999,1.3038980741574264
1998_894,1992,0.9903820363469136
1998_894,1993,-16.031635365086967
1998_894,1994,1.5258546371759112
1998_894,1995,-7.216690049262996
1998_894,1996,-6.413029654014095
1998_894,1997,1.4700072268596074
1998_894,1998,-9.076251559510938
1998_894,1999,7.951693406594539
1998_895,1992,2.0018762239830066
1998_895,1993,-16.191847421476677
1998_895,1994,2.520342780774558
1998_895,1995,-6.483608982091824
1998_895,1996,-6.943273200196902
1998_895,1997,2.9278733365141605
1998_895,1998,-8.07675701600312
1998_895,1999,8.098862071474477
1998_896,1992,2.968247807520853
1998_896,1993,-17.611434261554734
1998_896,1994,0.7712768174932346
1998_896,1995,-14.45637125830091
1998_896,1996,-4.127210446115642
1998_896,1997,2.658322772048179
1998_896,1998,1.4903031604906485
1998_896,1999,0.32580475693206806
1998_899,1992,6.362795846270467
1998_899,1993,-16.232211088709104
1998_899,1994,5.823739153842549
1998_899,1995,-4.001712147923075
1998_899,1996,-9.478983083365614
1998_899,1997,4.666032029619513
1998_899,1998,-6.219168393229059
1998_899,1999,8.67635195656332
1998_901,1992,7.802680232501758
1998_901,1993,-13.23788218370032
1998_901,1994,6.192075187280877
1998_901,1995,-2.0904474862929283
1998_901,1996,-4.727732290405497
1998_901,1997,2.918047577960426
1998_901,1998,-12.836733310941533
1998_901,1999,0.3750210135867128
1999_386,1993,-26.148353236933392
1999_386,1994,0.14303196719468048
1999_386,1995,-9.001456742269097
1999_386,1996,-4.659186903701356
1999_386,1997,-0.6285574213207283
1999_386,1998,-16.318928691577934
1999_386,1999,-6.991766555668227
1999_386,2000,13.095062429143814
1999_389,1993,-27.95715773255102
1999_389,1994,1.0967270205932202
1999_389,1995,-8.037784630756663
1999_389,1996,-4.385115367638744
1999_389,1997,0.5948428870908812
1999_389,1998,-12.303803701836593
1999_389,1999,-4.142891525267181
1999_389,2000,16.452737083394133
1999_390,1993,-26.570136213004275
1999_390,1994,1.3377995185285008
1999_390,1995,-6.898414436526501
1999_390,1996,-3.8057074295574798
1999_390,1997,0.21371331025585386
1999_390,1998,-13.047640641749979
1999_390,1999,-5.4056399772102806
1999_390,2000,15.556379306680373
1999_391,1993,-25.831435424655833
1999_391,1994,3.802199222526155
1999_391,1995,-6.619307756669509
1999_391,1996,-7.720283563925595
1999_391,1997,4.832363123423526
1999_391,1998,-2.4671518077599175
1999_391,1999,-4.985559910754564
1999_391,2000,11.238548212475493
1999_406,1993,-14.61166593744839
1999_406,1994,3.226586942698375
1999_406,1995,-12.488695284989921
1999_406,1996,-6.114005064472654
1999_406,1997,4.749415876876083
1999_406,1998,8.167345565402341
1999_406,1999,-7.1618480106258255
1999_406,2000,0.13743674070307535
1999_429,1993,-22.98588716317917
1999_429,1994,0.5341526466044287
1999_429,1995,-4.17177723775876
1999_429,1996,-8.196790145232951
1999_429,1997,4.921472544843154
1999_429,1998,-12.91015520256335
1999_429,1999,-7.029531248822155
1999_429,2000,19.557899956753612
1999_430,1993,-24.44883687163217
1999_430,1994,8.838243388421416
1999_430,1995,-3.0461327687507755
1999_430,1996,-5.898719061988704
1999_430,1997,0.4945259281852863
1999_430,1998,-21.58403996850026
1999_430,1999,-6.648421771656314
1999_430,2000,20.84913066265286
1999_433,1993,-19.18232336455453
1999_433,1994,-0.40258898249816194
1999_433,1995,-8.936737273473073
1999_433,1996,-15.6492378346391
1999_433,1997,4.058687173163411
1999_433,1998,-4.347969405938872
1999_433,1999,-12.74681381910041
1999_433,2000,6.979604864092108
1999_434,1993,-19.142285625826073
1999_434,1994,-0.8992843028510707
1999_434,1995,-7.800968218732922
1999_434,1996,-12.98996245400656
1999_434,1997,4.6891923269049975
1999_434,1998,-9.030782839117938
1999_434,1999,-8.043553518168673
1999_434,2000,13.023578512531628
1999_435,1993,-19.659667775985945
1999_435,1994,-1.319535400148439
1999_435,1995,-7.398005171737
1999_435,1996,-11.918552415855737
1999_435,1997,4.519522743907543
1999_435,1998,-12.450739507685741
1999_435,1999,-6.257044441336909
1999_435,2000,17.280374260560638
1999_437,1993,-24.169858448699163
1999_437,1994,1.5613426987817693
1999_437,1995,-5.018535806460831
1999_437,1996,-9.113088615397967
1999_437,1997,2.6268569528251695
1999_437,1998,-14.506811913936
1999_437,1999,-7.274132520212184
1999_437,2000,21.721260534203417
1999_444,1993,-24.873463072822283
1999_444,1994,5.886329551286
1999_444,1995,-5.362755625772631
1999_444,1996,-8.325308548204513
1999_444,1997,0.9830506361643229
1999_444,1998,-16.234027254921788
1999_444,1999,-5.616046792537169
1999_444,2000,29.445815078197285
1999_453,1993,-20.248985931450427
1999_453,1994,-0.7740172512197994
1999_453,1995,-5.215905088561727
1999_453,1996,-13.80459252218536
1999_453,1997,-0.30167029488321145
1999_453,1998,-14.769949488645741
1999_453,1999,-3.77479959787127
1999_453,2000,21.966756818844196
1999_455,1993,-17.77066795757757
1999_455,1994,-1.20389579147691
1999_455,1995,-5.886409645278131
1999_455,1996,-12.515015559407145
1999_455,1997,-1.1290761315575157
1999_455,1998,-11.72157841707678
1999_455,1999,-2.6859340118968404
1999_455,2000,17.92621600723956
1999_465,1993,-17.450157293765145
1999_465,1994,11.333152654709854
1999_465,1995,-6.529792072145514
1999_465,1996,3.7638381037332103
1999_465,1997,-4.919502759627815
1999_465,1998,-25.864950158613794
1999_465,1999,-0.050015650868260174
1999_465,2000,7.38598257024488
1999_698,1993,-2.8764483117931667
1999_698,1994,1.0047851797172977
1999_698,1995,-10.058470365679607
1999_698,1996,-0.9981200278180472
1999_698,1997,9.325599422452441
1999_698,1998,-25.981781611555377
1999_698,1999,-7.422331995295562
1999_698,2000,5.092599866748204
1999_700,1993,-26.349473212376957
1999_700,1994,9.189128478086028
1999_700,1995,0.6540536579219177
1999_700,1996,0.4410365337378668
1999_700,1997,0.7477796252461092
1999_700,1998,-23.23864234387241
1999_700,1999,-7.652361974411065
1999_700,2000,22.22406102442579
1999_702,1993,-23.205901588749178
1999_702,1994,4.223650959398912
1999_702,1995,-2.2450206010224423
1999_702,1996,-9.345298779600654
1999_702,1997,5.508991447214975
1999_702,1998,-1.7662442891909464
1999_702,1999,-10.48998756527036
1999_702,2000,10.077815105916192
1999_705,1993,-28.73969913845453
1999_705,1994,2.158645018177206
1999_705,1995,-2.1470827572592466
1999_705,1996,-1.9993633480277724
1999_705,1997,-0.8535810386403471
1999_705,1998,-17.670253076531534
1999_705,1999,-7.599618456898554
1999_705,2000,11.152085853890402
1999_712,1993,-27.920489790827194
1999_712,1994,2.1205371834331785
1999_712,1995,-8.23287377393588
1999_712,1996,-6.323941964928571
1999_712,1997,3.1532996612090103
1999_712,1998,-8.478331453117974
1999_712,1999,-5.164763359156492
1999_712,2000,19.433877945217056
1999_714,1993,-25.87303452222373
1999_714,1994,3.5322054139775214
1999_714,1995,-9.798639239820078
1999_714,1996,-3.757909112872854
1999_714,1997,5.293594693374591
1999_714,1998,-7.067562489005586
1999_714,1999,-3.1634389917099184
1999_714,2000,19.773839955691187
2000_335,1994,-2.7801516284724452
2000_335,1995,1.8777286421805777
2000_335,1996,-0.438690733101699
2000_335,1997,-2.641873865349889
2000_335,1998,-20.927803264347414
2000_335,1999,-5.68967133903267
2000_335,2000,1.8188988421774053
2000_335,2001,-18.028946353315995
2000_371,1994,-0.8635271083055603
2000_371,1995,-4.9108213893318355
2000_371,1996,-10.09522290477461
2000_371,1997,8.259449303532737
2000_371,1998,-11.160176949686672
2000_371,1999,-7.274311944116216
2000_371,2000,11.790955511573067
2000_371,2001,0.4891611150526732
2000_386,1994,-9.558633782755889
2000_386,1995,-8.66562362550483
2000_386,1996,-7.814731040591879
2000_386,1997,-2.4414908971028004
2000_386,1998,22.25207977786413
2000_386,1999,-11.18339407522779
2000_386,2000,3.3796007128556567
2000_386,2001,18.322671020188697
2000_532,1994,-2.023658124920771
2000_532,1995,-2.228743586053994
2000_532,1996,8.849096096454849
2000_532,1997,5.680139049326317
2000_532,1998,-14.05606006299991
2000_532,1999,1.3939304710132507
2000_532,2000,0.9526020501734157
2000_532,2001,7.588975356993434
2000_539,1994,2.3030076131096515
2000_539,1995,-3.3786998991439177
2000_539,1996,-11.99902905700523
2000_539,1997,5.956980062780385
2000_539,1998,-2.810111271758521
2000_539,1999,-11.130012434769748
2000_539,2000,6.095866587026232
2000_539,2001,2.6206137694036116
2000_540,1994,0.1764708117525231
2000_540,1995,-2.3734779896222666
2000_540,1996,-5.010762793734835
2000_540,1997,2.63501707463109
2000_540,1998,-13.119763814270868
2000_540,1999,-6.338929135313189
2000_540,2000,10.679199635720343
2000_540,2001,-12.230775501484768
2000_542,1994,0.0606194900319364
2000_542,1995,-8.961446094980891
2000_542,1996,-6.235363488421531
2000_542,1997,4.844581181307066
2000_542,1998,1.3264812756446165
2000_542,1999,-8.832208221860759
2000_542,2000,0.4139454180767501
2000_542,2001,17.645231151396228
2001_265,1995,-6.970053196410872
2001_265,1996,-4.802679408189287
2001_265,1997,0.8488524658145202
2001_265,1998,-13.601221550675584
2001_265,1999,-4.541137118210886
2001_265,2000,7.171126266432405
2001_265,2001,-16.93849378640417
2001_265,2002,17.182213153295812
2001_284,1995,-10.743966192762716
2001_284,1996,-9.553245200228542
2001_284,1997,8.195739022503687
2001_284,1998,5.244649836702322
2001_284,1999,-11.688242953833631
2001_284,2000,1.3412425152332144
2001_284,2001,6.724852340548165
2001_284,2002,8.409560779124016
2001_288,1995,-5.476538314660796
2001_288,1996,-9.316335643250293
2001_288,1997,6.3901479060873285
2001_288,1998,-8.268825934071115
2001_288,1999,-8.478889299921013
2001_288,2000,11.744170794082445
2001_288,2001,-4.541084376111473
2001_288,2002,13.10897764664569
2001_314,1995,-18.44611007641586
2001_314,1996,2.0624887472543296
2001_314,1997,-4.507973692063286
2001_314,1998,-25.65420737353503
2001_314,1999,-3.764623235735924
2001_314,2000,4.356716258337414
2001_314,2001,-3.504456952086971
2001_314,2002,11.715873603842416
2001_354,1995,-7.3492632984285775
2001_354,1996,-4.781442118911555
2001_354,1997,0.41061381041724526
2001_354,1998,-13.003199187384475
2001_354,1999,-4.692272244589674
2001_354,2000,7.928945934580543
2001_354,2001,-16.23694566096703
2001_354,2002,20.174640187363803
2001_357,1995,-12.808809658871565
2001_357,1996,12.23434280304729
2001_357,1997,8.93799065084317
2001_357,1998,-11.420223111161249
2001_357,1999,3.9888300574007487
2001_357,2000,4.757057335067275
2001_357,2001,9.73502127372729
2001_357,2002,-1.392690417071875
2001_361,1995,-18.077276721461594
2001_361,1996,1.2593759340809767
2001_361,1997,-1.8916556799358908
2001_361,1998,-24.3730703513543
2001_361,1999,-3.737741692456908
2001_361,2000,6.785068233740103
2001_361,2001,-1.6682703961487
2001_361,2002,13.188627663236485
2001_362,1995,-18.9640935501936
2001_362,1996,4.633083268355601
2001_362,1997,-1.2282714185816335
2001_362,1998,-24.92291057762623
2001_362,1999,-3.713483343888067
2001_362,2000,7.614123742794713
2001_362,2001,-4.630683381420063
2001_362,2002,12.686074073317013
2001_363,1995,-18.298876940503735
2001_363,1996,-1.7122072775028307
2001_363,1997,1.1443815994434143
2001_363,1998,-21.1519135234195
2001_363,1999,-4.501157605357839
2001_363,2000,9.265653479111428
2001_363,2001,-2.679665836817962
2001_363,2002,17.917852049885624
2001_364,1995,-13.878937000231206
2001_364,1996,-6.629787826273394
2001_364,1997,-5.262336608664188
2001_364,1998,23.925945862384225
2001_364,1999,-9.471624291447487
2001_364,2000,2.1281030217927097
2001_364,2001,11.377466246678068
2001_364,2002,-7.52449239245122
2001_365,1995,-11.47778256221533
2001_365,1996,-1.8751150121311648
2001_365,1997,-0.21942985738552542
2001_365,1998,-23.663931763599635
2001_365,1999,-9.234482768885293
2001_365,2000,6.633832324979363
2001_365,2001,-8.739148431164248
2001_365,2002,17.23284332751892
2001_366,1995,-12.034757515977562
2001_366,1996,-13.309021394145764
2001_366,1997,6.264068030364418
2001_366,1998,6.364472060584217
2001_366,1999,-15.674181627872876
2001_366,2000,2.1314650787879477
2001_366,2001,5.054005513949587
2001_366,2002,13.194603744778652
2001_367,1995,-10.512690421268472
2001_367,1996,-5.085007801452165
2001_367,1997,-1.605937765120209
2001_367,1998,18.85515928491878
2001_367,1999,-8.96789914871682
2001_367,2000,0.4883500772612213
2001_367,2001,14.781475809986071
2001_367,2002,-10.205615826199534
2001_369,1995,-8.252791939318259
2001_369,1996,-3.799835007479732
2001_369,1997,0.6809634988852468
2001_369,1998,-22.258326718580008
2001_369,1999,-8.857063102087354
2001_369,2000,7.405267748506408
2001_369,2001,-9.553984999029305
2001_369,2002,17.634620041256888
2001_371,1995,-20.30874768623061
2001_371,1996,-3.964315727997611
2001_371,1997,2.772822163551298
2001_371,1998,6.447687272962335
2001_371,1999,-6.8224045827476845
2001_371,2000,1.6501357736795559
2001_371,2001,5.637407838510971
2001_371,2002,2.051243708298911
2001_372,1995,-5.538577673847348
2001_372,1996,-5.375725171422143
2001_372,1997,2.7363731159989633
2001_372,1998,-14.575008864471075
2001_372,1999,-6.193661559528786
2001_372,2000,11.092040595534002
2001_372,2001,-12.389922341316186
2001_372,2002,13.693427443438015
2001_373,1995,-14.03182331421449
2001_373,1996,-11.132569402149466
2001_373,1997,-5.38669420007304
2001_373,1998,-28.326213750071123
2001_373,1999,-16.20108971404795
2001_373,2000,-1.1918926041587017
2001_373,2001,-18.301858043730007
2001_373,2002,9.552690382522002
2001_374,1995,-13.670267970960191
2001_374,1996,-7.060767317191178
2001_374,1997,8.153592230619475
2001_374,1998,6.306660049043078
2001_374,1999,-8.15610547835818
2001_374,2000,2.5547290205635647
2001_374,2001,6.381336445590233
2001_374,2002,-0.592968355421759
2001_376,1995,-12.706641047830264
2001_376,1996,-6.4828658900762335
2001_376,1997,4.20576856791458
2001_376,1998,-0.6806894581172399
2001_376,1999,-8.315454447315368
2001_376,2000,1.5794590330296299
2001_376,2001,1.917392445601621
2001_376,2002,12.098904575212734
2001_377,1995,-6.807772697592987
2001_377,1996,-5.451049777056677
2001_377,1997,0.8542619369929719
2001_377,1998,-13.21474888350251
2001_377,1999,-4.657586631800396
2001_377,2000,7.19756838670693
2001_377,2001,-16.721016971769014
2001_377,2002,18.25998332300413
2001_379,1995,-11.854222102951097
2001_379,1996,-4.703196540836974
2001_379,1997,0.17280341499347904
2001_379,1998,-12.421162915775392
2001_379,1999,-4.457361900161257
2001_379,2000,8.97188861774258
2001_379,2001,-12.93196934025157
2001_379,2002,23.86928637031508
2001_380,1995,-18.120761873133695
2001_380,1996,-6.066668761911575
2001_380,1997,1.7070430678924626
2001_380,1998,1.3321540588127287
2001_380,1999,-9.318829012333142
2001_380,2000,0.37358822004713943
2001_380,2001,2.3532533956942885
2001_380,2002,7.434086435483212
2001_381,1995,-18.685816404704575
2001_381,1996,-6.394199749899723
2001_381,1997,0.24369057010323183
2001_381,1998,2.7767418087385543
2001_381,1999,-10.869686208064806
2001_381,2000,0.4388606870828274
2001_381,2001,1.454793213913824
2001_381,2002,5.371490893443679
2001_382,1995,-16.4319779836022
2001_382,1996,-6.437057198289602
2001_382,1997,2.138608588843072
2001_382,1998,2.6049962824768635
2001_382,1999,-10.046053913006855
2001_382,2000,1.5051960793112162
2001_382,2001,0.9140572899161133
2001_382,2002,6.357076352382557
2001_384,1995,-16.67144463281056
2001_384,1996,-6.9258959095808335
2001_384,1997,1.0320389123153622
2001_384,1998,2.3030760148388203
2001_384,1999,-10.988400458870665
2001_384,2000,0.5312932837930736
2001_384,2001,0.02544871138539051
2001_384,2002,4.774106096097052
2002_448,1996,-10.452750776743587
2002_448,1997,3.6056950221491206
2002_448,1998,-5.4084265027186165
2002_448,1999,-8.690105864175992
2002_448,2000,2.8007233614977096
2002_448,2001,-5.174763050977165
2002_448,2002,-3.9492350416225293
2002_448,2003,10.029722341096942
2002_454,1996,-12.272378230042422
2002_454,1997,-0.7814940609969909
2002_454,1998,2.76705694076872
2002_454,1999,-12.011006219483184
2002_454,2000,-0.19664372458484655
2002_454,2001,0.6816085268772767
2002_454,2002,-0.4614758815750169
2002_454,2003,18.503575192743536
2002_462,1996,-11.240759551889113
2002_462,1997,5.35786659578558
2002_462,1998,-6.7339745564602795
2002_462,1999,-5.070169562312998
2002_462,2000,5.273167376319065
2002_462,2001,-6.1687787356991555
2002_462,2002,-2.1068407964149514
2002_462,2003,11.26603693981132
2002_465,1996,0.1987707721409464
2002_465,1997,-0.4260654811438016
2002_465,1998,6.294433358366072
2002_465,1999,-10.932905139895121
2002_465,2000,2.3735761003123224
2002_465,2001,6.676536346052655
2002_465,2002,-0.8310360902378543
2002_465,2003,15.548804325897276
2002_467,1996,-12.833847837760919
2002_467,1997,1.9657636475032483
2002_467,1998,2.977029666637479
2002_467,1999,-9.907116609161047
2002_467,2000,1.4851726696542638
2002_467,2001,1.2651429741123377
2002_467,2002,-0.46134369764236166
2002_467,2003,19.672590433520273
2002_512,1996,-11.71449106747352
2002_512,1997,-1.6027953691833876
2002_512,1998,-14.457900401107487
2002_512,1999,-6.3194593921056965
2002_512,2000,5.0296224654322685
2002_512,2001,-18.13721988307599
2002_512,2002,-3.515451433092045
2002_512,2003,20.657626947884943
2002_513,1996,-8.083945964388473
2002_513,1997,1.8381590213703032
2002_513,1998,2.5502123234774223
2002_513,1999,-9.567960653810957
2002_513,2000,-0.9286041499439447
2002_513,2001,4.347129939395341
2002_513,2002,1.038224352867901
2002_513,2003,17.44631034186283
2002_517,1996,-8.611380024067033
2002_517,1997,2.329974972616057
2002_517,1998,0.2965526819089466
2002_517,1999,-9.064823661238018
2002_517,2000,-1.5027707000474908
2002_517,2001,3.942220037086392
2002_517,2002,-1.126970495297929
2002_517,2003,19.266771172607157
2002_536,1996,-11.388543221652297
2002_536,1997,5.170891163430579
2002_536,1998,-0.9235744327971842
2002_536,1999,-8.092640408185462
2002_536,2000,2.77125690724129
2002_536,2001,-0.6142687104449465
2002_536,2002,-1.2037614661417269
2002_536,2003,14.63723856505975
2002_545,1996,-9.808354746992478
2002_545,1997,-1.3512566338365337
2002_545,1998,-14.508186922610948
2002_545,1999,-6.004911794319381
2002_545,2000,6.1036791206732195
2002_545,2001,-18.062933208135277
2002_545,2002,-6.252311483001104
2002_545,2003,21.370008302406365
2002_550,1996,-11.074200733063964
2002_550,1997,0.8173498257668825
2002_550,1998,-13.906415207957588
2002_550,1999,-4.401066594472616
2002_550,2000,7.1414536986301576
2002_550,2001,-17.10236848049761
2002_550,2002,-4.207734097517423
2002_550,2003,22.16256162242643
2002_559,1996,-4.408648426627894
2002_559,1997,4.167951056245374
2002_559,1998,9.74681444866817
2002_559,1999,-8.006893810900918
2002_559,2000,4.137870251261167
2002_559,2001,5.590299454805486
2002_559,2002,-7.549833796626891
2002_559,2003,19.565926466664667
2002_563,1996,-1.9538196896571307
2002_563,1997,3.1148661646576996
2002_563,1998,11.102844974843324
2002_563,1999,-8.201000402713207
2002_563,2000,5.859427556253944
2002_563,2001,5.785537300403927
2002_563,2002,-5.659566554940347
2002_563,2003,19.998360266854775
2002_570,1996,-6.754666023854381
2002_570,1997,5.463939101633265
2002_570,1998,5.699067870707715
2002_570,1999,-7.73263776998127
2002_570,2000,2.690604199773069
2002_570,2001,6.0855263916134446
2002_570,2002,-2.3287416191976917
2002_570,2003,12.450966489890437
2002_575,1996,-8.746395204007486
2002_575,1997,9.600660960558718
2002_575,1998,7.2225879347625925
2002_575,1999,-8.792852511551104
2002_575,2000,2.7982805737330687
2002_575,2001,6.5727978738595
2002_575,2002,-5.576668801814178
2002_575,2003,13.59712396877211
2002_579,1996,-15.391220029671985
2002_579,1997,5.089634881348452
2002_579,1998,-2.7157040371623427
2002_579,1999,-10.436914355999754
2002_579,2000,6.843367896419398
2002_579,2001,-4.0041833223062975
2002_579,2002,-1.4456763049667007
2002_579,2003,12.798208681041867
2002_584,1996,-5.761335836265234
2002_584,1997,5.754472916631822
2002_584,1998,10.123062850337488
2002_584,1999,-10.917957760864676
2002_584,2000,5.654787189075031
2002_584,2001,5.987987644560321
2002_584,2002,-0.8959576836128313
2002_584,2003,17.736050651738122
2002_599,1996,-13.412367574866034
2002_599,1997,8.944397176312288
2002_599,1998,7.188848707668515
2002_599,1999,-12.398539957314199
2002_599,2000,3.7353206286775538
2002_599,2001,5.584344687832778
2002_599,2002,1.8462078687599532
2002_599,2003,16.268378806199667
2002_618,1996,-2.3942121472056273
2002_618,1997,0.2384763504609436
2002_618,1998,-24.25233731254669
2002_618,1999,-4.212119568113483
2002_618,2000,5.225821307555151
2002_618,2001,0.9093703757642247
2002_618,2002,1.2324672639313963
2002_618,2003,15.962104964575422
2002_623,1996,-14.436505541205943
2002_623,1997,3.0911675748456395
2002_623,1998,17.00552361473607
2002_623,1999,-11.914910628507249
2002_623,2000,2.5875768571585156
2002_623,2001,3.346950236409078
2002_623,2002,0.4366793918675113
2002_623,2003,14.882363913050472
2002_641,1996,-9.845079965266994
2002_641,1997,2.569917054502238
2002_641,1998,7.743200396052893
2002_641,1999,-11.535973086619856
2002_641,2000,7.779524932253966
2002_641,2001,6.03573569328407
2002_641,2002,-3.4132096273631665
2002_641,2003,21.1887397012375
2002_645,1996,1.3057039619530062
2002_645,1997,-0.5304590666039743
2002_645,1998,-25.142513034580304
2002_645,1999,-2.864581717079089
2002_645,2000,7.660417277044796
2002_645,2001,-6.189967519414657
2002_645,2002,0.1632757670069959
2002_645,2003,6.809403404707235
2002_655,1996,-4.017780642229413
2002_655,1997,0.3935883146738887
2002_655,1998,6.986017081737498
2002_655,1999,-10.799008552580377
2002_655,2000,10.83933744978079
2002_655,2001,8.80210158502885
2002_655,2002,-4.176255162989162
2002_655,2003,10.543864709063453
2002_664,1996,-9.911585901245274
2002_664,1997,-0.5097723019873163
2002_664,1998,-21.695054378539933
2002_664,1999,-5.239658117827484
2002_664,2000,8.649236825523387
2002_664,2001,1.5297412384318012
2002_664,2002,2.404448306349332
2002_664,2003,-1.638428242840476
2002_665,1996,-0.23916227577563834
2002_665,1997,3.0245980609072247
2002_665,1998,10.238410313105648
2002_665,1999,-7.515813878752758
2002_665,2000,13.072897395245592
2002_665,2001,8.801075674163355
2002_665,2002,-5.300025705509694
2002_665,2003,7.079626181129106
2002_675,1996,-0.7232820709928853
2002_675,1997,0.8307238169502748
2002_675,1998,5.128386648080244
2002_675,1999,-6.030658560566974
2002_675,2000,8.99112376689488
2002_675,2001,7.0920542325039575
2002_675,2002,-5.800734882349661
2002_675,2003,5.8465983352294115
2002_686,1996,3.2059302180233016
2002_686,1997,1.54419607193683
2002_686,1998,-21.015819074109086
2002_686,1999,-3.6974379491621256
2002_686,2000,6.744620047607024
2002_686,2001,-7.780566821803504
2002_686,2002,-3.2374106006767156
2002_686,2003,24.27115238959787
2002_689,1996,3.8259298570976887
2002_689,1997,7.960569989733448
2002_689,1998,-24.558916185982827
2002_689,1999,-3.3944460376369947
2002_689,2000,-4.522546202064611
2002_689,2001,-7.188731311375318
2002_689,2002,-18.184992122710703
2002_689,2003,2.94208676354521
2002_691,1996,5.736234769552998
2002_691,1997,4.237466093884712
2002_691,1998,-25.438824592979277
2002_691,1999,1.6265320410213253
2002_691,2000,-7.149724826083568
2002_691,2001,-3.931280020755686
2002_691,2002,-18.92054569729282
2002_691,2003,-4.820696245502131
2002_714,1996,0.6033925768381917
2002_714,1997,6.632181431763503
2002_714,1998,-25.44183159964288
2002_714,1999,-7.928568435073146
2002_714,2000,6.595477501860283
2002_714,2001,-3.38097739067013
2002_714,2002,-2.9872306214035738
2002_714,2003,-11.034056753785938
2002_716,1996,-1.5974960560335976
2002_716,1997,4.678135525721305
2002_716,1998,-11.14061668860424
2002_716,1999,-6.455320639915231
2002_716,2000,2.188190287195256
2002_716,2001,11.842354078897031
2002_716,2002,3.4902728522071045
2002_716,2003,-9.184691829729081
2002_723,1996,-18.521703169502555
2002_723,1997,3.3135502017602385
2002_723,1998,-8.525048570347971
2002_723,1999,-9.411642829488954
2002_723,2000,5.917026383286167
2002_723,2001,1.4273810755392116
2002_723,2002,6.935579499905773
2002_723,2003,16.52316857650938
2002_727,1996,-14.14983404556426
2002_727,1997,8.19498297329764
2002_727,1998,6.406588371393536
2002_727,1999,-13.426660115420328
2002_727,2000,2.49560285099478
2002_727,2001,4.507290930966782
2002_727,2002,1.2198387988794845
2002_727,2003,13.479802702243585
2002_730,1996,-13.919707472627385
2002_730,1997,3.7071884434589357
2002_730,1998,-7.838703512946663
2002_730,1999,-4.893571061691183
2002_730,2000,8.96090306094561
2002_730,2001,-8.901440410958081
2002_730,2002,1.3179453602492643
2002_730,2003,15.434132504066776
2002_731,1996,-16.151626548819127
2002_731,1997,5.644089727432141
2002_731,1998,-1.9712848842469979
2002_731,1999,-4.556300809729503
2002_731,2000,5.351390753872013
2002_731,2001,1.3218082534172595
2002_731,2002,-1.9135351437463193
2002_731,2003,19.82853365976968
2002_733,1996,-27.3570041379623
2002_733,1997,-3.213770135444014
2002_733,1998,-9.061672475229349
2002_733,1999,-10.890181848997608
2002_733,2000,1.029802938817608
2002_733,2001,-6.189178810696544
2002_733,2002,-8.102455685718414
2002_733,2003,17.06267604223395
2002_734,1996,-11.432573560785029
2002_734,1997,2.3519136735256194
2002_734,1998,-10.123051949505694
2002_734,1999,-4.649870705131061
2002_734,2000,9.560784891552435
2002_734,2001,-9.915143787265173
2002_734,2002,-0.3632163518415492
2002_734,2003,11.026210740274028
2002_735,1996,-11.725193666945986
2002_735,1997,3.4924827443155473
2002_735,1998,-8.698831951108074
2002_735,1999,-4.420086010929885
2002_735,2000,9.153373190991916
2002_735,2001,-8.950621329195831
2002_735,2002,-0.31824342285350876
2002_735,2003,12.292753996773557
2002_737,1996,-12.733291437114643
2002_737,1997,7.906014719905884
2002_737,1998,-5.094182156272755
2002_737,1999,-5.9374413593876865
2002_737,2000,4.451002240897213
2002_737,2001,-3.5350498985926904
2002_737,2002,-2.5167266397403445
2002_737,2003,13.041280904122464
2002_738,1996,-11.324101776206188
2002_738,1997,5.656152380203228
2002_738,1998,-4.669180270115547
2002_738,1999,-9.192812573463327
2002_738,2000,2.9268270256576536
2002_738,2001,-4.792852492120833
2002_738,2002,-4.8061288566384475
2002_738,2003,13.843299734453407
2002_742,1996,-14.455085003609126
2002_742,1997,3.6670337517689515
2002_742,1998,-7.802891787355648
2002_742,1999,-4.981944668821318
2002_742,2000,8.699724700918619
2002_742,2001,-9.249383152336756
2002_742,2002,0.9674401182191534
2002_742,2003,15.351908623914875
2003_1440,1997,-14.658037833330281
2003_1440,1998,4.636473001897916
2003_1440,1999,-15.999003834208866
2003_1440,2000,0.050384335013928215
2003_1440,2001,2.6361682221786857
2003_1440,2002,-2.088397343650339
2003_1440,2003,-7.486396006148634
2003_1440,2004,-19.46373925332133
2003_441,1997,-13.026909662696125
2003_441,1998,4.55777932266873
2003_441,1999,-15.569563371776438
2003_441,2000,-0.5328256161893853
2003_441,2001,1.5370368651707718
2003_441,2002,0.47247470774963557
2003_441,2003,-6.291462865677919
2003_441,2004,-21.60339254354792
2003_466,1997,-7.791433009406084
2003_466,1998,0.7558130321299107
2003_466,1999,-11.786188962838096
2003_466,2000,-0.345765065329104
2003_466,2001,-4.81938231201876
2003_466,2002,-3.072379178598824
2003_466,2003,-8.940124088001697
2003_466,2004,-17.23877683274742
2003_468,1997,-15.278955483637114
2003_468,1998,4.56057627325057
2003_468,1999,-13.674788819060089
2003_468,2000,0.849900262679629
2003_468,2001,3.5312482942571
2003_468,2002,-0.2484266803994899
2003_468,2003,-6.984640369922857
2003_468,2004,-19.358465376480826
2003_469,1997,-14.385388092753844
2003_469,1998,4.407174673044218
2003_469,1999,-13.661701057926663
2003_469,2000,0.4449599072559174
2003_469,2001,2.8075605476428662
2003_469,2002,1.1597650172520975
2003_469,2003,-6.465752836240317
2003_469,2004,-20.791231386520273
2003_485,1997,-14.774083346625828
2003_485,1998,5.945600894513259
2003_485,1999,-12.753276128979124
2003_485,2000,2.2327048175217747
2003_485,2001,5.472390592506475
2003_485,2002,0.6584717651102862
2003_485,2003,-7.94756423200151
2003_485,2004,-13.428736928660959
2003_501,1997,-12.32945793335755
2003_501,1998,2.9346307727816594
2003_501,1999,-11.299680220931208
2003_501,2000,0.3169078917971622
2003_501,2001,1.1981242006254231
2003_501,2002,-0.2606588963175156
2003_501,2003,-6.454422391528966
2003_501,2004,-17.753683073946494
2003_518,1997,-12.133044414383429
2003_518,1998,3.078202724165561
2003_518,1999,-10.794738937380712
2003_518,2000,0.6599023556867986
2003_518,2001,2.9726014225310826
2003_518,2002,0.5905882707394573
2003_518,2003,-7.522771452681686
2003_518,2004,-14.591953877506404
2003_532,1997,-11.191651778683593
2003_532,1998,-9.59161746035152
2003_532,1999,-9.245057260520609
2003_532,2000,2.4627223034284285
2003_532,2001,-8.457401243474669
2003_532,2002,-3.92947635541883
2003_532,2003,-11.603076811483433
2003_532,2004,-9.02029980082735
2003_537,1997,-4.957274321452722
2003_537,1998,-2.167480419720057
2003_537,1999,-7.506720064611461
2003_537,2000,3.175858573887775
2003_537,2001,0.29061379562200784
2003_537,2002,-2.5104523146428392
2003_537,2003,-6.638075784646503
2003_537,2004,-8.402505728903128
2003_542,1997,-9.444142194751166
2003_542,1998,2.701834403609393
2003_542,1999,-8.997120497981587
2003_542,2000,-0.39736148782243913
2003_542,2001,4.677649517752567
2003_542,2002,1.1870682670731583
2003_542,2003,-6.955504646138151
2003_542,2004,-8.737700875511115
2003_569,1997,-5.684241393080557
2003_569,1998,-1.1104499656674147
2003_569,1999,-7.386651106785332
2003_569,2000,3.4118328659883885
2003_569,2001,-0.6070856019312997
2003_569,2002,-1.1174366916037701
2003_569,2003,-8.91515286358829
2003_569,2004,-5.150673551935849
2003_585,1997,-5.434234030558741
2003_585,1998,8.693058185897145
2003_585,1999,-8.432361295086771
2003_585,2000,2.77154463937813
2003_585,2001,4.91495368969758
2003_585,2002,-9.146338377216292
2003_585,2003,-4.235625459772881
2003_585,2004,-0.5157919266749275
2003_635,1997,2.9939379870753924
2003_635,1998,11.525684443884801
2003_635,1999,-10.801961735737306
2003_635,2000,5.007150613139612
2003_635,2001,6.329810803462062
2003_635,2002,-1.6023993539467025
2003_635,2003,-2.290659048226092
2003_635,2004,11.094127494499467
2003_666,1997,-0.08093990901818009
2003_666,1998,5.7705606728203795
2003_666,1999,-14.489356511821386
2003_666,2000,1.3743648754419115
2003_666,2001,5.422440479823141
2003_666,2002,0.9859787806976694
2003_666,2003,-4.499680240961155
2003_666,2004,11.757786223455174
2003_671,1997,-5.202997542450478
2003_671,1998,-22.740141756048146
2003_671,1999,-9.33737366567433
2003_671,2000,6.988481721516731
2003_671,2001,-9.242901941913006
2003_671,2002,-0.03997072008530189
2003_671,2003,-4.377784984624973
2003_671,2004,-4.82650013441653
2003_692,1997,-4.7978575188538155
2003_692,1998,2.637502070059281
2003_692,1999,-13.937624660561497
2003_692,2000,2.5202562738766487
2003_692,2001,5.216567628544518
2003_692,2002,1.2743626839992632
2003_692,2003,-1.5588048482740522
2003_692,2004,8.860213102098573
2003_708,1997,-6.024864793993566
2003_708,1998,-5.152480073698049
2003_708,1999,-8.907790151161853
2003_708,2000,3.5690756583453265
2003_708,2001,7.064052189260958
2003_708,2002,3.053654269242106
2003_708,2003,-2.52262614590092
2003_708,2004,7.563711482600718
2003_713,1997,-13.400743971282136
2003_713,1998,-12.871798401485998
2003_713,1999,-2.5153315107549847
2003_713,2000,6.854509929565952
2003_713,2001,5.625885526682623
2003_713,2002,0.7700888588355296
2003_713,2003,-6.705247220406494
2003_713,2004,3.9861716205402082
2003_717,1997,-8.453286321304168
2003_717,1998,-22.047238181935274
2003_717,1999,-5.396482263873615
2003_717,2000,8.370328820595654
2003_717,2001,-3.5749904953337386
2003_717,2002,1.0252643155575143
2003_717,2003,-12.890355432274276
2003_717,2004,11.011107043728334
2003_728,1997,-1.5276793148995356
2003_728,1998,-24.35217663913639
2003_728,1999,-4.010786238089827
2003_728,2000,8.709868128701126
2003_728,2001,-5.586913552380129
2003_728,2002,0.06314236261990658
2003_728,2003,-8.734417489331728
2003_728,2004,1.0653523632616981
2003_735,1997,-12.263771061994559
2003_735,1998,-8.093310131796384
2003_735,1999,-4.988351254806383
2003_735,2000,4.106688521296333
2003_735,2001,8.768939577088036
2003_735,2002,-0.6421199837941304
2003_735,2003,-5.82238775820246
2003_735,2004,1.0333639986423833
2003_750,1997,-7.457395742418896
2003_750,1998,4.234874532625988
2003_750,1999,-10.627300742642536
2003_750,2000,9.26890729646451
2003_750,2001,7.901633382545069
2003_750,2002,-3.608640276564126
2003_750,2003,0.20022286353720986
2003_750,2004,0.869714799150357
2003_782,1997,-14.567586234569365
2003_782,1998,-22.598638052619958
2003_782,1999,1.784214145655584
2003_782,2000,6.640522626455248
2003_782,2001,0.3105798994915124
2003_782,2002,0.1719952017846751
2003_782,2003,-10.993596040689285
2003_782,2004,8.625949757112304
2003_807,1997,-15.934265633734231
2003_807,1998,-24.01604617769441
2003_807,1999,-3.990035858316123
2003_807,2000,1.3763689394880636
2003_807,2001,-5.121465957110586
2003_807,2002,-2.5086817459326127
2003_807,2003,2.065850389599752
2003_807,2004,15.386230825559503
2003_814,1997,-12.434508311569356
2003_814,1998,-25.71293571490487
2003_814,1999,0.8917055924202018
2003_814,2000,1.8074801791018136
2003_814,2001,-8.247898707622811
2003_814,2002,-2.501728613879384
2003_814,2003,4.691977371585646
2003_814,2004,12.8196256672319
2003_815,1997,0.5400241909857072
2003_815,1998,-5.100820397532093
2003_815,1999,-3.5793815059924774
2003_815,2000,2.8055645982824156
2003_815,2001,11.595842672297644
2003_815,2002,-0.9272918091479703
2003_815,2003,-2.7333881244036085
2003_815,2004,-3.0785510441427903
2003_883,1997,-1.183512569485907
2003_883,1998,-14.270509977377998
2003_883,1999,-3.8537020787941256
2003_883,2000,2.6478110030053976
2003_883,2001,11.376990841514237
2003_883,2002,5.223392320941692
2003_883,2003,-12.432133542699523
2003_883,2004,-6.798063438526154
2003_887,1997,-2.694609534130307
2003_887,1998,-24.114331733002015
2003_887,1999,-3.864342466667402
2003_887,2000,4.194348364403588
2003_887,2001,-2.1685939491654973
2003_887,2002,3.068873665852964
2003_887,2003,-9.894024113559949
2003_887,2004,-3.061723217573295
2003_888,1997,-3.246983480547995
2003_888,1998,20.99588921989109
2003_888,1999,-9.05590624296232
2003_888,2000,2.9242183792299152
2003_888,2001,12.097288878634386
2003_888,2002,-5.088608738798269
2003_888,2003,-1.2688141186107542
2003_888,2004,-5.061436542961749
2003_889,1997,-6.899523686605044
2003_889,1998,-21.651290481665438
2003_889,1999,-8.301840684520895
2003_889,2000,7.547110246733287
2003_889,2001,-10.20693291350028
2003_889,2002,-0.24624367467745856
2003_889,2003,-4.0146873450333365
2003_889,2004,-7.448066693721832
2003_891,1997,-11.098690056347644
2003_891,1998,-15.373733218011262
2003_891,1999,-6.0742484632471525
2003_891,2000,6.390049155545252
2003_891,2001,-17.293755772759713
2003_891,2002,-7.132850888674374
2003_891,2003,-5.358351809179627
2003_891,2004,-14.02241316401288
2003_892,1997,-9.406029346072188
2003_892,1998,-5.855328832984469
2003_892,1999,-5.7493948872655265
2003_892,2000,7.097563937428899
2003_892,2001,-6.231680930698604
2003_892,2002,-0.6732240969508355
2003_892,2003,-10.777057139649914
2003_892,2004,-6.786195670321109
2003_893,1997,-13.403963282068819
2003_893,1998,-12.963776600977058
2003_893,1999,-4.735825866868804
2003_893,2000,7.297966327631285
2003_893,2001,-17.180387216001094
2003_893,2002,-3.1660906894503498
2003_893,2003,-7.335849374550549
2003_893,2004,-13.43606233500085
2003_894,1997,-8.908257410211153
2003_894,1998,10.910676139233997
2003_894,1999,-8.683227290765245
2003_894,2000,1.2790073726703568
2003_894,2001,6.703148125464367
2003_894,2002,-5.674568423735347
2003_894,2003,-4.14442976499643
2003_894,2004,1.3799891321335451
2003_895,1997,-11.60720566918839
2003_895,1998,-6.45681864772132
2003_895,1999,-7.322772107094777
2003_895,2000,4.694579351781443
2003_895,2001,-4.688881802647548
2003_895,2002,-2.0873000943979894
2003_895,2003,-10.025521877679703
2003_895,2004,-6.393600701222121
2003_896,1997,-12.471443785490132
2003_896,1998,4.037840133754055
2003_896,1999,-9.492392942771778
2003_896,2000,-0.1630556033198213
2003_896,2001,4.510515681899585
2003_896,2002,1.4572003564911935
2003_896,2003,-8.636191458304742
2003_896,2004,-9.80547397798079
2003_898,1997,-6.386628150929283
2003_898,1998,-4.566747339338587
2003_898,1999,-9.604191624615623
2003_898,2000,2.798523652221048
2003_898,2001,-5.210171283842016
2003_898,2002,-4.9704130632485795
2003_898,2003,-9.633057926076324
2003_898,2004,-8.746309369495226
2005_1001,1999,-5.16561754655703
2005_1001,2000,-5.503317350260765
2005_1001,2001,0.41499841670513976
2005_1001,2002,-11.33874124196251
2005_1001,2003,-8.098392475008916
2005_1001,2004,-6.818445463091265
2005_1001,2005,-5.021481602401452
2005_1001,2006,-0.6937815901372446
2005_463,1999,-11.166951412364117
2005_463,2000,12.54778187838547
2005_463,2001,-0.09007695455758835
2005_463,2002,1.9290099054499652
2005_463,2003,-10.626334531439817
2005_463,2004,14.628865536487965
2005_463,2005,7.760959217280647
2005_463,2006,1.9075054248844752
2005_472,1999,-7.909619563633391
2005_472,2000,6.734402144548892
2005_472,2001,-1.326004200655851
2005_472,2002,1.2172630679300553
2005_472,2003,-6.95603609606606
2005_472,2004,11.84596796299553
2005_472,2005,4.942085591314722
2005_472,2006,-3.090747190368591
2005_488,1999,-12.709939648412705
2005_488,2000,4.9231207390477545
2005_488,2001,-2.3472367180997438
2005_488,2002,3.1051277521339635
2005_488,2003,-0.04079150540163804
2005_488,2004,9.601091070630227
2005_488,2005,1.2640855523447208
2005_488,2006,-10.041006218547292
2005_492,1999,-6.478592708779962
2005_492,2000,5.697365804257394
2005_492,2001,-0.37553672572694846
2005_492,2002,1.7172441962345413
2005_492,2003,-7.3127795800873345
2005_492,2004,10.268153581774433
2005_492,2005,5.714119025407945
2005_492,2006,1.1538440477398182
2005_493,1999,-12.082035312517297
2005_493,2000,7.495088105475204
2005_493,2001,-0.7343997764060693
2005_493,2002,4.419336985642491
2005_493,2003,-4.198144500237875
2005_493,2004,9.753656819819449
2005_493,2005,4.647841975085568
2005_493,2006,-7.208662602293915
2005_502,1999,-10.746946020733592
2005_502,2000,4.932146885954176
2005_502,2001,-3.9030694458750177
2005_502,2002,-0.9624893689108257
2005_502,2003,-6.100408874847051
2005_502,2004,4.200610965662238
2005_502,2005,2.967081374418425
2005_502,2006,-0.8346911822321246
2005_511,1999,-22.120898125733117
2005_511,2000,-0.07894932519498117
2005_511,2001,-9.782440565298701
2005_511,2002,-9.899772597437194
2005_511,2003,-14.899333461863781
2005_511,2004,-5.3259637266906115
2005_511,2005,-8.397698678852285
2005_511,2006,-3.562252482151706
2005_515,1999,-10.989516672322537
2005_515,2000,6.15176825444113
2005_515,2001,-3.2780087720469555
2005_515,2002,-4.834349584374987
2005_515,2003,-10.49317614487532
2005_515,2004,5.861426711358194
2005_515,2005,-4.23229835588385
2005_515,2006,-4.540009178900805
2005_530,1999,-3.974635644430548
2005_530,2000,-5.304885622728891
2005_530,2001,1.2924156818644696
2005_530,2002,-8.80363631082272
2005_530,2003,-8.74829727393196
2005_530,2004,-6.899378755756545
2005_530,2005,-1.8335978776275514
2005_530,2006,2.3206379640296397
2006_503,2000,-1.3476938683014583
2006_503,2001,-7.372308750386044
2006_503,2002,-0.5259060715893167
2006_503,2003,-9.67796558070821
2006_503,2004,5.24019554949197
2006_503,2005,1.2855007114476844
2006_503,2006,-9.81398728143092
2006_503,2007,15.044912498314805
2006_580,2000,1.5028010940059542
2006_580,2001,10.95225410676354
2006_580,2002,-2.455205904115371
2006_580,2003,-0.2076427122092485
2006_580,2004,15.959894496512204
2006_580,2005,8.72173958497099
2006_580,2006,-12.73333813933854
2006_580,2007,11.032696391331044
2006_583,2000,3.211472098493715
2006_583,2001,6.075199668289124
2006_583,2002,0.7399272439419265
2006_583,2003,-0.18896745169576512
2006_583,2004,17.40566763672501
2006_583,2005,6.526897897762993
2006_583,2006,-15.162720679552976
2006_583,2007,15.193352231252295
2006_588,2000,2.511004947622997
2006_588,2001,5.1209682974863995
2006_588,2002,1.2416852500596818
2006_588,2003,-1.3626815724614427
2006_588,2004,18.92704562159744
2006_588,2005,5.6239844659418665
2006_588,2006,-15.105976455720409
2006_588,2007,17.18935573345903
2006_599,2000,0.5942936088821236
2006_599,2001,9.73502189652673
2006_599,2002,-3.1114478474763048
2006_599,2003,-1.3803111914500772
2006_599,2004,13.273359339439386
2006_599,2005,9.298259730211099
2006_599,2006,-14.548818529451637
2006_599,2007,13.995405362313814
2006_604,2000,2.2734145865202526
2006_604,2001,12.74247855781285
2006_604,2002,-4.953520740834361
2006_604,2003,-0.5021800743709252
2006_604,2004,12.329628662225813
2006_604,2005,12.613167317750246
2006_604,2006,-13.377635522144082
2006_604,2007,15.11310531341529
2006_614,2000,-3.5631012395490536
2006_614,2001,-7.4439969319200765
2006_614,2002,3.626041108036666
2006_614,2003,-9.272845400146302
2006_614,2004,9.585363511212316
2006_614,2005,11.883431502472254
2006_614,2006,-10.922703689841333
2006_614,2007,9.44743246882463
2006_617,2000,3.404731163684533
2006_617,2001,9.350208611257992
2006_617,2002,-5.508008452867706
2006_617,2003,-4.084133733435531
2006_617,2004,7.736153868365449
2006_617,2005,16.215654098058526
2006_617,2006,-14.260965844347012
2006_617,2007,10.845756770462707
2006_622,2000,3.28729532237866
2006_622,2001,13.213679767097155
2006_622,2002,-5.680016235464495
2006_622,2003,-1.6825405140174812
2006_622,2004,8.456561658223439
2006_622,2005,16.9022298597837
2006_622,2006,-14.078009571149524
2006_622,2007,10.835172932064562
2006_624,2000,-2.3707912007816025
2006_624,2001,6.944982530616564
2006_624,2002,4.437082756878784
2006_624,2003,-2.8059793582572112
2006_624,2004,16.456587278665
2006_624,2005,10.233614487531346
2006_624,2006,-15.841800611919668
2006_624,2007,9.702443786099327
2006_659,2000,-8.780091893907544
2006_659,2001,-8.152402590598212
2006_659,2002,-6.724242607292893
2006_659,2003,-6.857657164139006
2006_659,2004,-1.7919763020196868
2006_659,2005,0.06284302096371874
2006_659,2006,-18.813448404395135
2006_659,2007,-16.368531395195692
2006_665,2000,4.497857868433583
2006_665,2001,-5.467164781244317
2006_665,2002,-5.059719298299468
2006_665,2003,-10.692184745012447
2006_665,2004,-0.9671453803624713
2006_665,2005,-0.7005492026413904
2006_665,2006,-14.086371962282856
2006_665,2007,-16.289541045020524
2006_671,2000,1.6121395090502761
2006_671,2001,-11.16253085995461
2006_671,2002,-6.393955754113769
2006_671,2003,1.215899707246715
2006_671,2004,3.059397179262414
2006_671,2005,-6.152037880280805
2006_671,2006,-13.597883058639914
2006_671,2007,-30.733274846183132
2006_676,2000,4.694912364472402
2006_676,2001,-2.7186566308962337
2006_676,2002,-0.6097214417368306
2006_676,2003,-10.328668208360583
2006_676,2004,4.360272026474203
2006_676,2005,-2.081741752331473
2006_676,2006,-9.833136389036165
2006_676,2007,-14.934174903514668
2006_677,2000,8.868648974679928
2006_677,2001,-3.730147508597966
2006_677,2002,-3.330205200287826
2006_677,2003,-12.725313668311893
2006_677,2004,3.312453588629724
2006_677,2005,-3.4330400364823177
2006_677,2006,-13.758061238430772
2006_677,2007,-13.965693734875495
2006_680,2000,9.419039369367374
2006_680,2001,-1.4329934342386454
2006_680,2002,-3.0478581915747553
2006_680,2003,-10.78793001208731
2006_680,2004,3.7041860921037943
2006_680,2005,-2.3424259591843444
2006_680,2006,-9.095359979389027
2006_680,2007,-14.505580373866177
2006_681,2000,2.7889500223640584
2006_681,2001,-10.00225759853001
2006_681,2002,-5.758578983577194
2006_681,2003,4.358825907405174
2006_681,2004,4.969401083551211
2006_681,2005,-5.040764762127451
2006_681,2006,-11.82602105250625
2006_681,2007,-31.01217438204946
2006_682,2000,10.690881770437684
2006_682,2001,1.350076944416159
2006_682,2002,-2.7123893860969246
2006_682,2003,-8.085323044765229
2006_682,2004,4.166049348585203
2006_682,2005,-0.5431393922324782
2006_682,2006,-5.376181933994229
2006_682,2007,-14.796046516160905
2006_686,2000,8.583281409603982
2006_686,2001,1.2939993070706575
2006_686,2002,-6.413793079713201
2006_686,2003,-8.201936708025666
2006_686,2004,2.677350764751484
2006_686,2005,-2.57242947122473
2006_686,2006,-5.945105888944508
2006_686,2007,-16.556694813967848
2006_687,2000,4.525555446522796
2006_687,2001,-9.603840399499438
2006_687,2002,-5.481449436829078
2006_687,2003,2.473868478791268
2006_687,2004,4.313998914125734
2006_687,2005,-4.549144729836532
2006_687,2006,-12.090027852218304
2006_687,2007,-27.384839080377457
2006_688,2000,9.136599183690516
2006_688,2001,0.9474161422414712
2006_688,2002,-6.123754798540012
2006_688,2003,-8.631914865324928
2006_688,2004,3.2912190393840945
2006_688,2005,-2.8460258903142304
2006_688,2006,-5.998744079415277
2006_688,2007,-16.22207414151824
2006_690,2000,2.119313092017277
2006_690,2001,-3.716755385725579
2006_690,2002,-3.6823103713564094
2006_690,2003,-9.67784267709761
2006_690,2004,3.3800846266335576
2006_690,2005,-2.942956363453007
2006_690,2006,-9.62449186761014
2006_690,2007,-16.137973955590855
2006_692,2000,9.338421874842746
2006_692,2001,-3.1875657320707496
2006_692,2002,-6.461473397913671
2006_692,2003,-11.327679042343588
2006_692,2004,4.414383233738303
2006_692,2005,-4.403722048974392
2006_692,2006,-8.000394508851821
2006_692,2007,-17.076801791521063
2006_693,2000,1.7714898502713754
2006_693,2001,-3.5222035244184995
2006_693,2002,-3.3442104389021217
2006_693,2003,-8.905383133516056
2006_693,2004,3.309424420636644
2006_693,2005,-2.128719127393899
2006_693,2006,-9.302574533077264
2006_693,2007,-15.449512354575097
2006_696,2000,3.037810762057329
2006_696,2001,-3.05427609193725
2006_696,2002,-3.5848598663689857
2006_696,2003,-9.094942664368679
2006_696,2004,4.2050087892073345
2006_696,2005,-2.638182512102285
2006_696,2006,-8.851943137434583
2006_696,2007,-16.003029550039038
2006_698,2000,5.509031658401118
2006_698,2001,-8.108955276152335
2006_698,2002,-3.9137622536872025
2006_698,2003,1.3284432483273363
2006_698,2004,5.914268542116524
2006_698,2005,-3.7598658181357982
2006_698,2006,-10.054876215307514
2006_698,2007,-30.14274357572854
2006_699,2000,10.102036875519968
2006_699,2001,-1.8772854071192775
2006_699,2002,-12.537761618776
2006_699,2003,-8.58649082378445
2006_699,2004,3.4074835150706093
2006_699,2005,-4.253560599617117
2006_699,2006,-3.895184420643709
2006_699,2007,-23.042300891611468
2006_700,2000,8.246777753010614
2006_700,2001,-2.198035347447268
2006_700,2002,-12.298568066380268
2006_700,2003,-6.302900967698714
2006_700,2004,4.804177600112591
2006_700,2005,-2.6705285014418743
2006_700,2006,-8.59739209206852
2006_700,2007,-24.33719993003396
2006_701,2000,6.712730377077615
2006_701,2001,-9.43704011625074
2006_701,2002,-5.428466253697695
2006_701,2003,-4.217544018883387
2006_701,2004,4.180127081596523
2006_701,2005,-3.160152189336658
2006_701,2006,-10.928393134984155
2006_701,2007,-28.174278285646217
2006_702,2000,5.193943799239088
2006_702,2001,-8.213718502120466
2006_702,2002,-4.5745524584018185
2006_702,2003,-0.29360342015809887
2006_702,2004,5.368329734499344
2006_702,2005,-3.521051866953128
2006_702,2006,-9.4957773145425
2006_702,2007,-30.343534050345852
2006_703,2000,-2.1673877537805066
2006_703,2001,-11.698885688322898
2006_703,2002,-5.98785921257942
2006_703,2003,-0.5554160644814914
2006_703,2004,2.110664808732037
2006_703,2005,-6.549346906412936
2006_703,2006,-11.05406331605586
2006_703,2007,-32.970481903779714
2006_708,2000,14.629932228288725
2006_708,2001,-2.7324076139005933
2006_708,2002,-15.458948389740504
2006_708,2003,-7.699095178833592
2006_708,2004,5.162235397616118
2006_708,2005,-2.439307018326614
2006_708,2006,-1.6969539794433803
2006_708,2007,-29.211931775054182
2006_709,2000,14.416598522214732
2006_709,2001,-1.791853090093909
2006_709,2002,-13.74407860320468
2006_709,2003,-6.039550280418925
2006_709,2004,6.745498142511622
2006_709,2005,-1.6769291750373643
2006_709,2006,-3.7067308125421756
2006_709,2007,-29.136784921152138
2006_710,2000,2.66713392989779
2006_710,2001,-1.740613758187661
2006_710,2002,3.093224371668567
2006_710,2003,8.155727373513391
2006_710,2004,9.503163502951187
2006_710,2005,4.729359692559297
2006_710,2006,3.559824867003344
2006_710,2007,-20.981543660691045
2006_714,2000,11.84161248866833
2006_714,2001,-5.204803495540794
2006_714,2002,-15.982238790797126
2006_714,2003,-8.211353166327847
2006_714,2004,4.899943404263381
2006_714,2005,-3.6123094495846595
2006_714,2006,-3.606755492400706
2006_714,2007,-27.67692741161482
2006_718,2000,-12.731887401571376
2006_718,2001,-0.48811976011594166
2006_718,2002,-11.70912048186519
2006_718,2003,-9.068020133672546
2006_718,2004,-7.775332094968044
2006_718,2005,-5.245906193109689
2006_718,2006,-23.468028238659496
2006_718,2007,-23.140441742435353
2006_723,2000,5.8157509208392355
2006_723,2001,-10.307139127888123
2006_723,2002,-4.6216758109755425
2006_723,2003,0.4244173290391983
2006_723,2004,4.550043156971708
2006_723,2005,-2.45148149246957
2006_723,2006,-13.010380578276653
2006_723,2007,-23.23174303131335
2006_724,2000,7.417743749563923
2006_724,2001,-9.83615473990922
2006_724,2002,-5.197114528054622
2006_724,2003,-4.4652286508037005
2006_724,2004,4.4522547939638
2006_724,2005,-3.243005690301207
2006_724,2006,-11.670974933155428
2006_724,2007,-27.532318430263025
2006_725,2000,8.295420015761023
2006_725,2001,-9.874364750181876
2006_725,2002,-8.060053831058143
2006_725,2003,-6.032761306212067
2006_725,2004,6.288079863919826
2006_725,2005,-2.3758484149445267
2006_725,2006,-15.13443559480499
2006_725,2007,-23.89300629556522
2006_729,2000,2.0919474032713135
2006_729,2001,5.568631137944473
2006_729,2002,1.064470769115852
2006_729,2003,-0.33179571785635414
2006_729,2004,16.82526733608337
2006_729,2005,8.292360263040921
2006_729,2006,-13.774497617041368
2006_729,2007,19.01382148743311
2006_742,2000,-12.274638507665179
2006_742,2001,1.7514751848184051
2006_742,2002,-9.029280579501936
2006_742,2003,-10.336528682501141
2006_742,2004,-7.231621170151253
2006_742,2005,-1.893412170750845
2006_742,2006,-23.279287115081683
2006_742,2007,-23.78926728867253
2006_743,2000,-12.779136525998712
2006_743,2001,-1.6446694703483555
2006_743,2002,-13.792564693444016
2006_743,2003,-8.971900134144208
2006_743,2004,-7.356985610881776
2006_743,2005,-7.413070191895315
2006_743,2006,-23.24625537085072
2006_743,2007,-22.7162816445853
2006_744,2000,-11.591653346556367
2006_744,2001,-1.2729938369220075
2006_744,2002,-13.584486417124657
2006_744,2003,-7.570703911887578
2006_744,2004,-5.950693679124366
2006_744,2005,-7.2959109635433075
2006_744,2006,-21.822664892027607
2006_744,2007,-21.3312219691417
2006_745,2000,-12.786016391916757
2006_745,2001,-1.574112385064333
2006_745,2002,-13.692027007034616
2006_745,2003,-8.99271731792988
2006_745,2004,-7.402805406400904
2006_745,2005,-7.317060999095001
2006_745,2006,-23.27895902162319
2006_745,2007,-22.74269824721909
2006_746,2000,-13.186619284487188
2006_746,2001,0.0552296851632299
2006_746,2002,-11.32545920602
2006_746,2003,-9.695752785560389
2006_746,2004,-8.811579794975502
2006_746,2005,-5.158375308181802
2006_746,2006,-24.411398449112067
2006_746,2007,-23.772992798654943
2006_747,2000,5.8745833022783005
2006_747,2001,-3.206232802804968
2006_747,2002,-3.790614217634058
2006_747,2003,-13.454181813856144
2006_747,2004,0.2215004885953243
2006_747,2005,-3.4294503936805136
2006_747,2006,-13.360779258825177
2006_747,2007,-15.55581469279698
2006_748,2000,5.8745833022783005
2006_748,2001,-3.206232802804968
2006_748,2002,-3.790614217634058
2006_748,2003,-13.454181813856144
2006_748,2004,0.2215004885953243
2006_748,2005,-3.4294503936805136
2006_748,2006,-13.360779258825177
2006_748,2007,-15.55581469279698
2006_749,2000,11.725290331123057
2006_749,2001,-3.6751014054904636
2006_749,2002,-14.736449940412188
2006_749,2003,-8.500113868373862
2006_749,2004,4.407334279120017
2006_749,2005,-3.931590531893851
2006_749,2006,-3.1063787086807353
2006_749,2007,-26.509597182426802
2006_750,2000,7.858090082442423
2006_750,2001,-3.552145538426057
2006_750,2002,-8.240969370856705
2006_750,2003,-3.554566690322909
2006_750,2004,7.168547440661498
2006_750,2005,-0.375217907010704
2006_750,2006,-11.935552882783645
2006_750,2007,-19.37034662776997
2006_751,2000,0.5022027757790986
2006_751,2001,-8.583467509448708
2006_751,2002,-6.962722376773031
2006_751,2003,-13.208080883093702
2006_751,2004,-3.942368163681355
2006_751,2005,-0.8789648564797131
2006_751,2006,-17.21848543437131
2006_751,2007,-19.04525094668274
2006_870,2000,0.42920473463587633
2006_870,2001,-4.159055465887229
2006_870,2002,1.420760681745764
2006_870,2003,7.173481391872564
2006_870,2004,7.820032502030064
2006_870,2005,1.9669795252920323
2006_870,2006,0.6730558205877948
2006_870,2007,-23.290910915973484
2006_871,2000,-3.1889686049305968
2006_871,2001,-12.514439947095662
2006_871,2002,-6.505883102958731
2006_871,2003,-0.8736713948844018
2006_871,2004,1.5099465471692912
2006_871,2005,-7.500493242885859
2006_871,2006,-11.81941811315331
2006_871,2007,-33.57428345949679
2006_872,2000,8.365359220929923
2006_872,2001,-7.28880534980092
2006_872,2002,-5.226452931221185
2006_872,2003,-3.3919091355540005
2006_872,2004,5.414072902267918
2006_872,2005,-1.085111163302334
2006_872,2006,-9.583028329817644
2006_872,2007,-26.900359850015583
2006_873,2000,3.7084374946460423
2006_873,2001,-9.851134909203047
2006_873,2002,-5.614600403621298
2006_873,2003,0.593522684621932
2006_873,2004,4.041971580544568
2006_873,2005,-5.30127153452278
2006_873,2006,-11.601581640972709
2006_873,2007,-29.99458107794816
2006_874,2000,10.204350618499673
2006_874,2001,-4.1171030818743075
2006_874,2002,-10.522311532229272
2006_874,2003,-8.913034771777562
2006_874,2004,5.850173112946689
2006_874,2005,-4.689259237726806
2006_874,2006,-6.054633628026003
2006_874,2007,-20.79525713285965
2006_877,2000,8.090457986256206
2006_877,2001,-11.090880974022374
2006_877,2002,-6.747871232434718
2006_877,2003,-5.059021724260053
2006_877,2004,6.254785789604199
2006_877,2005,-2.749617868879838
2006_877,2006,-15.326352219450934
2006_877,2007,-23.021279408837124
2006_878,2000,3.9106657366741606
2006_878,2001,-9.077949617118692
2006_878,2002,-4.552781998573297
2006_878,2003,1.5846981797465
2006_878,2004,4.783544000861647
2006_878,2005,-3.523642221554661
2006_878,2006,-13.576298229448144
2006_878,2007,-25.039853522827222
2006_879,2000,-2.3840426906058494
2006_879,2001,-7.889594345173703
2006_879,2002,-10.811111573674461
2006_879,2003,-9.095126032244584
2006_879,2004,-2.932762687102876
2006_879,2005,-3.8450261281788904
2006_879,2006,-16.927546366789084
2006_879,2007,-17.402125275073683
2006_880,2000,4.558827117752437
2006_880,2001,-10.437430832317329
2006_880,2002,-4.384150046259372
2006_880,2003,-0.4895110476177891
2006_880,2004,4.996076072944319
2006_880,2005,0.33819564953160963
2006_880,2006,-19.431018397778647
2006_880,2007,-18.79115039474225
2006_882,2000,-2.1054587486263054
2006_882,2001,-8.003224901790587
2006_882,2002,-7.956672614057475
2006_882,2003,-12.335589977047475
2006_882,2004,-3.230163714451077
2006_882,2005,-6.12297444574746
2006_882,2006,-16.31657516219808
2006_882,2007,-17.47650936834769
2006_885,2000,17.707373470394526
2006_885,2001,7.498717544841618
2006_885,2002,-8.52950274994352
2006_885,2003,0.046975623157916147
2006_885,2004,7.914783168783376
2006_885,2005,12.342108273122344
2006_885,2006,-20.53734410713196
2006_885,2007,-3.0365124300970736
2006_888,2000,5.349691291228411
2006_888,2001,3.482433476798008
2006_888,2002,0.9803347815558503
2006_888,2003,-2.1296503584904745
2006_888,2004,17.191801125689295
2006_888,2005,5.093772550031232
2006_888,2006,-12.174333144135447
2006_888,2007,15.648394300925395
2006_891,2000,2.4866499203097527
2006_891,2001,7.702534509927517
2006_891,2002,-1.9222146859214149
2006_891,2003,-2.4199678519932664
2006_891,2004,16.548013336869644
2006_891,2005,6.8348111662962765
2006_891,2006,-13.232765534394622
2006_891,2007,10.532466926560424
2006_892,2000,2.8852476248038292
2006_892,2001,-10.906102241665538
2006_892,2002,-1.9544203551299641
2006_892,2003,-5.763997634809832
2006_892,2004,9.404720993375442
2006_892,2005,7.102534720515063
2006_892,2006,-9.807944416864652
2006_892,2007,15.9942466705399
2006_893,2000,2.4451324925486353
2006_893,2001,5.831941784469339
2006_893,2002,-1.379630325635467
2006_893,2003,-7.1001671067406775
2006_893,2004,13.524662652925713
2006_893,2005,1.0812685409515954
2006_893,2006,-11.651362165679757
2006_893,2007,14.801121071967497
2006_896,2000,-5.095749806706671
2006_896,2001,-5.539980191008669
2006_896,2002,-2.938398482759107
2006_896,2003,-10.876620266040822
2006_896,2004,3.107803401573639
2006_896,2005,0.4451643328974484
2006_896,2006,-11.621615852294669
2006_896,2007,15.985779131128277
2007_273,2001,1.2157403288767807
2007_273,2002,-0.10745656598309831
2007_273,2003,-4.795895483961933
2007_273,2004,3.579048320205166
2007_273,2005,8.837924376352012
2007_273,2006,-3.704559826511763
2007_273,2007,5.559798804397375
2007_273,2008,15.240719270076601
2007_380,2001,-0.9277256864878954
2007_380,2002,-16.52595193937466
2007_380,2003,-5.22454274582627
2007_380,2004,5.580609011621952
2007_380,2005,-1.9341951540118931
2007_380,2006,-5.232156937034875
2007_380,2007,-17.539484399116844
2007_380,2008,11.702757414154307
2007_492,2001,-4.45538298207929
2007_492,2002,-16.40981633649233
2007_492,2003,-8.460821771946376
2007_492,2004,4.316790977155817
2007_492,2005,-4.143327548761799
2007_492,2006,-5.9291677865908285
2007_492,2007,-19.37638639926647
2007_492,2008,9.207289613656718
2007_993,2001,-8.582274166597626
2007_993,2002,1.7887942737790443
2007_993,2003,-1.7263692255991223
2007_993,2004,5.856561760843557
2007_993,2005,3.074542459472937
2007_993,2006,-12.5355201505387
2007_993,2007,-0.18232315903482524
2007_993,2008,24.770798829087063
2008_291,2002,-6.659139870180815
2008_291,2003,-3.677752464852528
2008_291,2004,8.180788307453945
2008_291,2005,6.815004143717798
2008_291,2006,-5.2114859056189955
2008_291,2007,1.535764490985765
2008_291,2008,1.717538348526836
2008_291,2009,13.239539912068414
2008_315,2002,-3.5297454857158193
2008_315,2003,-5.382103165788997
2008_315,2004,9.548098788163612
2008_315,2005,5.119207237356797
2008_315,2006,-16.82435393392723
2008_315,2007,-3.4247103095898868
2008_315,2008,21.27985832902637
2008_315,2009,-8.99899409210549
2009_1217,2003,-21.617836846150308
2009_1217,2004,7.400507520044713
2009_1217,2005,8.894974848691744
2009_1217,2006,-2.696476336063892
2009_1217,2007,-2.514354671666741
2009_1217,2008,17.91567569926287
2009_1217,2009,7.554502650806373
2009_1217,2010,4.0684824683475185
2009_1236,2003,-23.21300405130499
2009_1236,2004,6.560432080423617
2009_1236,2005,5.428173122003099
2009_1236,2006,-14.734285810689281
2009_1236,2007,-1.171216456938082
2009_1236,2008,21.52422909299546
2009_1236,2009,1.0761140554713169
2009_1236,2010,5.70011905719935
2009_1239,2003,-28.621177909422304
2009_1239,2004,2.728374984980593
2009_1239,2005,1.8847143046642525
2009_1239,2006,-7.943279288265157
2009_1239,2007,-7.379680454760931
2009_1239,2008,15.98419239689622
2009_1239,2009,3.8936236758880955
2009_1239,2010,-4.403316227891904
2009_1240,2003,-28.59249051328431
2009_1240,2004,5.560161005452858
2009_1240,2005,2.2128680522220847
2009_1240,2006,-10.045865167581832
2009_1240,2007,-6.115532151094889
2009_1240,2008,12.951248520063752
2009_1240,2009,2.5025069854250725
2009_1240,2010,-2.917684316610015
2009_1241,2003,-33.757003094520414
2009_1241,2004,1.4864859171927598
2009_1241,2005,-0.991099972877123
2009_1241,2006,-13.751241833747963
2009_1241,2007,-9.532772014545422
2009_1241,2008,7.511023551108722
2009_1241,2009,-0.998825892148132
2009_1241,2010,-8.759798101329306
2009_1242,2003,-28.49300056290309
2009_1242,2004,4.681189553915626
2009_1242,2005,-0.350005803161667
2009_1242,2006,-10.100253675903417
2009_1242,2007,-2.9036941479189893
2009_1242,2008,9.901371100172968
2009_1242,2009,7.000235844232791
2009_1242,2010,-11.011927963961956
2009_1244,2003,-25.141190120214528
2009_1244,2004,-1.03634578069844
2009_1244,2005,-3.2890588329669868
2009_1244,2006,-6.9931319170658774
2009_1244,2007,0.9335387048931049
2009_1244,2008,5.558087139960583
2009_1244,2009,2.8377315419607143
2009_1244,2010,-22.86559541064512
2009_320,2003,-24.848450996269467
2009_320,2004,-4.468564225373278
2009_320,2005,1.0195922148724488
2009_320,2006,-5.559687450905358
2009_320,2007,0.48290613797445064
2009_320,2008,3.0592989854020622
2009_320,2009,2.4618159932570562
2009_320,2010,-24.597310275359078
2009_367,2003,-31.725301500978365
2009_367,2004,-0.20671279697262493
2009_367,2005,-1.0300185202953596
2009_367,2006,-11.545016928910456
2009_367,2007,-11.420589275743934
2009_367,2008,11.985583205589096
2009_367,2009,-0.31757546984252016
2009_367,2010,-5.780382740467981
2009_410,2003,-20.512671331425473
2009_410,2004,16.698616174009782
2009_410,2005,2.005912607117441
2009_410,2006,-9.494836579572427
2009_410,2007,0.4986322448036411
2009_410,2008,0.7999490422968932
2009_410,2009,3.9329928357130615
2009_410,2010,-14.554496657995355
2009_430,2003,-21.41523853089466
2009_430,2004,13.363002812331104
2009_430,2005,10.80104570588015
2009_430,2006,-14.450753271441277
2009_430,2007,1.5964282274747024
2009_430,2008,4.401428256189916
2009_430,2009,-0.9032625797521785
2009_430,2010,-5.85679018460377
2009_438,2003,-26.4239312044966
2009_438,2004,11.692255347923277
2009_438,2005,11.878618303220625
2009_438,2006,-14.256951710746224
2009_438,2007,0.605600592027816
2009_438,2008,20.44221040792577
2009_438,2009,3.1725356131381592
2009_438,2010,9.078297651533285
2009_443,2003,-14.81534832635033
2009_443,2004,17.039197798853017
2009_443,2005,9.946852920559095
2009_443,2006,-16.65719053122808
2009_443,2007,-0.7350523164247017
2009_443,2008,8.720453691962954
2009_443,2009,3.02806162023564
2009_443,2010,8.902329207537628
2009_448,2003,-14.934490466809162
2009_448,2004,10.653573008874817
2009_448,2005,10.80880312089824
2009_448,2006,-14.545108952895205
2009_448,2007,-4.283792572682924
2009_448,2008,4.08298729848681
2009_448,2009,3.7079568678492993
2009_448,2010,3.9473287797707215
2010_475,2004,-1.2608361073392282
2010_475,2005,0.7051838904344111
2010_475,2006,-4.074330017358613
2010_475,2007,1.32162047530482
2010_475,2008,6.3649270977685335
2010_475,2009,2.8292836613186445
2010_475,2010,-16.534051240005812
2010_475,2011,21.029781128722185
2010_487,2004,5.235778242801467
2010_487,2005,-2.915115334546454
2010_487,2006,-7.3896461907283415
2010_487,2007,0.9926051748943389
2010_487,2008,4.5413913661705045
2010_487,2009,2.113311166898138
2010_487,2010,-17.466605178269692
2010_487,2011,16.83347574527337
2010_531,2004,15.797918977589749
2010_531,2005,9.088574863332214
2010_531,2006,-11.48301841622064
2010_531,2007,-3.655065082202855
2010_531,2008,9.276761429517586
2010_531,2009,-0.4341856949643888
2010_531,2010,-13.055496204890957
2010_531,2011,5.054386017262398
2010_532,2004,10.318377416653465
2010_532,2005,12.140053004630895
2010_532,2006,-14.024727464333884
2010_532,2007,-7.535823843307568
2010_532,2008,22.900673874194354
2010_532,2009,1.1184078856037865
2010_532,2010,-13.287291644348002
2010_532,2011,-4.269335848900127
2010_546,2004,15.913095567388726
2010_546,2005,13.197868190489594
2010_546,2006,-15.3424273206496
2010_546,2007,-2.4451535139416527
2010_546,2008,5.203753562280727
2010_546,2009,8.928266146731628
2010_546,2010,-4.3582216102551525
2010_546,2011,14.060287637673634
2010_876,2004,17.23451854075402
2010_876,2005,11.093727977201732
2010_876,2006,-14.473920706104394
2010_876,2007,-3.495561360652635
2010_876,2008,3.755985019859254
2010_876,2009,6.256334492038479
2010_876,2010,-5.160444017580757
2010_876,2011,6.986485870538732
2010_877,2004,19.20070274813009
2010_877,2005,14.001814708075925
2010_877,2006,-10.265140902032845
2010_877,2007,2.6313727839480165
2010_877,2008,19.205007147761282
2010_877,2009,6.319035146264876
2010_877,2010,-10.50115417990113
2010_877,2011,-3.8522661288058524
2010_882,2004,-1.3745102682658512
2010_882,2005,2.2111511016006387
2010_882,2006,-6.892603362619108
2010_882,2007,2.3149786184921006
2010_882,2008,8.591237333320931
2010_882,2009,2.3171187971732103
2010_882,2010,-14.471285342917911
2010_882,2011,24.98123261820903
2010_883,2004,17.86971842012561
2010_883,2005,9.537176729196924
2010_883,2006,-11.996545208052508
2010_883,2007,-2.2835711753597976
2010_883,2008,11.810256136943922
2010_883,2009,1.460527549945039
2010_883,2010,-11.42325828396473
2010_883,2011,2.963403442572551
2011_314,2005,-11.541435820032655
2011_314,2006,-3.4747842718923643
2011_314,2007,0.9933114386399531
2011_314,2008,6.345951515972114
2011_314,2009,1.7940076883796197
2011_314,2010,-16.074727136406135
2011_314,2011,-2.802861616231349
2011_314,2012,-5.99256745908828
2011_323,2005,-15.212412120424446
2011_323,2006,-8.78610733747851
2011_323,2007,-2.592250455578031
2011_323,2008,7.558467388525277
2011_323,2009,5.176791421342718
2011_323,2010,-16.168459505179342
2011_323,2011,-4.460352795109309
2011_323,2012,-11.385844499258706
2011_356,2005,-14.188057167552843
2011_356,2006,-11.915460529809446
2011_356,2007,-0.819415481118322
2011_356,2008,1.544054475601422
2011_356,2009,2.1511979966084147
2011_356,2010,-18.180280737351005
2011_356,2011,-9.436362141281782
2011_356,2012,-18.747155249202624
2011_360,2005,-16.38334602094556
2011_360,2006,-9.598831036532024
2011_360,2007,-4.277005337572952
2011_360,2008,6.7476307583927015
2011_360,2009,4.319212384032589
2011_360,2010,-14.456269921570732
2011_360,2011,-8.189588220310396
2011_360,2012,-17.475234860027744
2011_366,2005,-19.045173050500036
2011_366,2006,-10.240173731547939
2011_366,2007,-6.635278349761151
2011_366,2008,11.161058108823765
2011_366,2009,2.0697827831682845
2011_366,2010,-12.814336063512195
2011_366,2011,-8.603406954798283
2011_366,2012,-19.166579386513813
2011_368,2005,4.498392615321502
2011_368,2006,-9.511045850513833
2011_368,2007,-0.09617331965606606
2011_368,2008,1.7755707499513063
2011_368,2009,11.425113967823728
2011_368,2010,-11.678068487994198
2011_368,2011,-4.837944881586739
2011_368,2012,-15.666686843166056
2011_373,2005,-7.5153398288508155
2011_373,2006,-6.219148305919629
2011_373,2007,-2.0165748092465754
2011_373,2008,8.240411209831366
2011_373,2009,4.941875101780248
2011_373,2010,-11.445538823760943
2011_373,2011,-5.112118639458532
2011_373,2012,-13.586176584301423
2011_374,2005,-17.055137163517475
2011_374,2006,-8.912782998622706
2011_374,2007,-5.20064990326281
2011_374,2008,11.610815127450948
2011_374,2009,0.9088899578977419
2011_374,2010,-15.289681516074994
2011_374,2011,-9.118851677469229
2011_374,2012,-22.191451176848126
2011_375,2005,4.617427299345776
2011_375,2006,-11.090504556814809
2011_375,2007,-0.16888780244889764
2011_375,2008,2.7088033143863144
2011_375,2009,13.558229684235519
2011_375,2010,-10.39025644721601
2011_375,2011,-4.976202069529177
2011_375,2012,-10.813645375579949
2011_377,2005,-25.68365586017467
2011_377,2006,-11.404567564918652
2011_377,2007,-7.606614660706342
2011_377,2008,16.925855448452765
2011_377,2009,1.485097145653097
2011_377,2010,-13.864163746845954
2011_377,2011,-5.321797002410305
2011_377,2012,-21.716493012583328
2011_379,2005,-7.289306429981359
2011_379,2006,-11.268707900580589
2011_379,2007,2.0375675602285406
2011_379,2008,1.0396732581325567
2011_379,2009,12.8763991132697
2011_379,2010,-14.796189222524662
2011_379,2011,-8.625428876898445
2011_379,2012,-17.825115220936684
2011_399,2005,-7.597397882795103
2011_399,2006,-16.79007469551912
2011_399,2007,0.91095359157343
2011_399,2008,2.5457318201068735
2011_399,2009,12.333686093224822
2011_399,2010,-11.660576517755674
2011_399,2011,-8.410229951684935
2011_399,2012,-6.412770141561316
2011_411,2005,-7.625496624034123
2011_411,2006,-13.312238874699373
2011_411,2007,1.6655099113834417
2011_411,2008,4.4904514070623
2011_411,2009,9.245952614511493
2011_411,2010,-10.476875761456773
2011_411,2011,-7.847944174155491
2011_411,2012,-7.896899857294477
2011_423,2005,-11.455501637120829
2011_423,2006,-10.644054354106636
2011_423,2007,-3.507106900119327
2011_423,2008,2.3128802983293957
2011_423,2009,1.2553545092321388
2011_423,2010,-13.023784686425843
2011_423,2011,-10.317607881208227
2011_423,2012,-11.700399123598421
2011_432,2005,-6.103585136662788
2011_432,2006,-12.152307637426475
2011_432,2007,0.7681586588269139
2011_432,2008,5.317812087229732
2011_432,2009,5.307969963378604
2011_432,2010,-10.525052156891777
2011_432,2011,-8.077998185293973
2011_432,2012,-9.47977821955659
2011_433,2005,-10.512057308637244
2011_433,2006,-11.395058735481237
2011_433,2007,-3.8168521770061523
2011_433,2008,16.055337192563353
2011_433,2009,3.5944866146965544
2011_433,2010,-14.019665284753245
2011_433,2011,-14.46249072088276
2011_433,2012,-23.422041783414915
2011_438,2005,-4.9061853041605215
2011_438,2006,-10.18005715116235
2011_438,2007,-0.622770531875485
2011_438,2008,19.93651288046209
2011_438,2009,4.885433284057705
2011_438,2010,-12.708917450868823
2011_438,2011,-14.028507034322978
2011_438,2012,-17.815704147319057
2011_446,2005,6.6995443168438635
2011_446,2006,-15.07715524829508
2011_446,2007,2.482134161669736
2011_446,2008,8.159783051851571
2011_446,2009,19.04563829940332
2011_446,2010,-6.521578355274592
2011_446,2011,-3.777117761750032
2011_446,2012,-10.225049194711639
2011_453,2005,-3.7203696995522786
2011_453,2006,-10.496248766705717
2011_453,2007,1.1157325649530858
2011_453,2008,17.693844238357485
2011_453,2009,5.718602445898017
2011_453,2010,-10.170921598317983
2011_453,2011,-14.958431600488197
2011_453,2012,-17.981786055129437
2011_454,2005,-12.236796785750398
2011_454,2006,-13.279361077378406
2011_454,2007,-3.0265022268567843
2011_454,2008,3.667642834479503
2011_454,2009,0.49251481404816183
2011_454,2010,-10.982828054484974
2011_454,2011,-8.38607516127122
2011_454,2012,-16.221469812423134
2011_455,2005,0.319612383138698
2011_455,2006,-14.209685762723886
2011_455,2007,3.161689440716477
2011_455,2008,5.998745705007828
2011_455,2009,10.150834494006899
2011_455,2010,-6.772916088001548
2011_455,2011,-5.813624554544947
2011_455,2012,-12.098945610823467
2011_472,2005,-12.427780787976387
2011_472,2006,-18.618817799235373
2011_472,2007,-0.38978073476703773
2011_472,2008,11.310983047918947
2011_472,2009,2.981301684651123
2011_472,2010,-0.42909007488687934
2011_472,2011,-7.355673730116924
2011_472,2012,-14.242147175407798
2011_483,2005,-10.159716871531955
2011_483,2006,-12.813077750166459
2011_483,2007,-3.623931956896166
2011_483,2008,3.7354841940800725
2011_483,2009,3.310881204824432
2011_483,2010,-5.262552766196145
2011_483,2011,-9.603901856412763
2011_483,2012,-24.864942268565308
2011_504,2005,-11.48290181914616
2011_504,2006,-19.790746658714045
2011_504,2007,-3.7793469215461433
2011_504,2008,20.150638276885765
2011_504,2009,3.873100368706807
2011_504,2010,3.3951441441819
2011_504,2011,-8.08061140467011
2011_504,2012,-17.791943176199986
2011_507,2005,-15.398188068403012
2011_507,2006,-17.325765357673436
2011_507,2007,-1.6440005616894169
2011_507,2008,20.786208157040637
2011_507,2009,6.290211786552979
2011_507,2010,-0.26199878975097174
2011_507,2011,-14.057254660800504
2011_507,2012,-18.93667792747859
2011_513,2005,-11.87909271278709
2011_513,2006,-19.52748538157812
2011_513,2007,-2.427225307873872
2011_513,2008,7.546639908182975
2011_513,2009,3.329593124693119
2011_513,2010,2.5158345643126734
2011_513,2011,-9.576111709468742
2011_513,2012,-23.6654280238263
2011_542,2005,-16.284609445153546
2011_542,2006,-15.605280308476756
2011_542,2007,-1.6967263933868406
2011_542,2008,25.181201864439032
2011_542,2009,6.821975670385814
2011_542,2010,-3.044875999259555
2011_542,2011,-6.9806821706551645
2011_542,2012,-17.538607911221888
2011_551,2005,-16.816501719464792
2011_551,2006,-16.935701304018927
2011_551,2007,-3.4849971577778454
2011_551,2008,22.71232270251322
2011_551,2009,5.106117982063158
2011_551,2010,-4.8172590128649455
2011_551,2011,-7.4826942082493595
2011_551,2012,-19.069092320809283
2011_557,2005,-13.046200304375773
2011_557,2006,-19.609257223112774
2011_557,2007,-5.607545028490406
2011_557,2008,18.9156677963359
2011_557,2009,3.682792837088527
2011_557,2010,-2.505384486607443
2011_557,2011,-8.500016130694577
2011_557,2012,-20.54380578498893
2011_565,2005,-27.640369496232218
2011_565,2006,-17.609207212556747
2011_565,2007,-11.761690846794453
2011_565,2008,23.1979041574334
2011_565,2009,-4.67836372145084
2011_565,2010,-17.705688826678124
2011_565,2011,-14.171393425055854
2011_565,2012,-19.821704223192377
2011_568,2005,-26.12978578950786
2011_568,2006,-10.910368487160397
2011_568,2007,-9.33046568635059
2011_568,2008,19.51357625889607
2011_568,2009,-4.866138484511549
2011_568,2010,-18.374639950212924
2011_568,2011,-6.87103799629836
2011_568,2012,-18.192290081279662
2011_599,2005,-12.273870195235334
2011_599,2006,-16.83050096369182
2011_599,2007,-1.1534108376405843
2011_599,2008,5.22319716860176
2011_599,2009,1.9747787744773477
2011_599,2010,-5.04847251985198
2011_599,2011,-7.651944550437542
2011_599,2012,-22.09038945324089
2011_604,2005,1.6668012792316833
2011_604,2006,-14.359887783428164
2011_604,2007,5.1128407212228355
2011_604,2008,9.01933279837459
2011_604,2009,14.539134076064975
2011_604,2010,-7.617570977993334
2011_604,2011,-5.409722248719195
2011_604,2012,-5.369180479048752
2011_605,2005,-7.128037552099678
2011_605,2006,-12.818570831071872
2011_605,2007,1.9279899074781959
2011_605,2008,17.902184069822482
2011_605,2009,7.515267083527765
2011_605,2010,-7.064051723266921
2011_605,2011,-15.02103844932772
2011_605,2012,-17.299093277872093
2011_606,2005,-4.328320226679463
2011_606,2006,-10.027346272029659
2011_606,2007,0.07562643557938505
2011_606,2008,19.21102220585222
2011_606,2009,5.252971051814753
2011_606,2010,-11.811351802786804
2011_606,2011,-14.175648262944618
2011_606,2012,-17.82018826199149
2011_723,2005,-17.469075574455925
2011_723,2006,-22.52806237337599
2011_723,2007,-17.515590991237623
2011_723,2008,11.443704481650713
2011_723,2009,4.403163675559331
2011_723,2010,-13.357811983778666
2011_723,2011,-1.4704661261535108
2011_723,2012,-30.541649758380505
2011_724,2005,-17.787911407580598
2011_724,2006,-24.411398449112067
2011_724,2007,-18.931121897528094
2011_724,2008,10.109692391137534
2011_724,2009,1.5550915505055576
2011_724,2010,-14.774995061806111
2011_724,2011,-2.8431590744865054
2011_724,2012,-32.38510151805169
2011_726,2005,-11.867180809826106
2011_726,2006,-16.64328804912141
2011_726,2007,-4.289267900885723
2011_726,2008,5.175056875959573
2011_726,2009,2.280202254184949
2011_726,2010,-4.756426525613598
2011_726,2011,-9.09796550604982
2011_726,2012,-26.266847822988034
2011_727,2005,-29.952045453449404
2011_727,2006,-9.024276623623322
2011_727,2007,-12.004655780709031
2011_727,2008,17.964028985056675
2011_727,2009,-9.015028036230264
2011_727,2010,-21.95170665246128
2011_727,2011,-8.356116453531927
2011_727,2012,-22.26696751529698
2011_728,2005,-2.6598626561827996
2011_728,2006,-18.638745120668137
2011_728,2007,-1.425513313608145
2011_728,2008,11.468247000483352
2011_728,2009,7.660040056958324
2011_728,2010,-2.7077745870400896
2011_728,2011,-7.267298158842866
2011_728,2012,-34.71791853651486
2011_730,2005,-15.555415623820469
2011_730,2006,-17.683713825976564
2011_730,2007,-3.3699452333820665
2011_730,2008,23.24538388547542
2011_730,2009,1.7819731949377904
2011_730,2010,-8.533038021006243
2011_730,2011,-10.369528613520513
2011_730,2012,-22.48275088691896
2011_731,2005,-9.421595358746385
2011_731,2006,-14.817029003685855
2011_731,2007,1.1811915381535865
2011_731,2008,18.09438768725452
2011_731,2009,7.277456657358864
2011_731,2010,-3.8943138567810998
2011_731,2011,-14.842117725772923
2011_731,2012,-18.732243321804685
2011_733,2005,0.5096905392099583
2011_733,2006,-15.704403766034195
2011_733,2007,4.049870702080875
2011_733,2008,11.824827053561727
2011_733,2009,15.673437446057592
2011_733,2010,-9.32030783457992
2011_733,2011,-5.421528447721993
2011_733,2012,-1.4220180363092658
2011_736,2005,0.4740915132323314
2011_736,2006,-14.874465268651575
2011_736,2007,1.5428962984945802
2011_736,2008,8.90034707951743
2011_736,2009,16.65571486186893
2011_736,2010,-8.645176700885425
2011_736,2011,-5.788841137179788
2011_736,2012,-2.6200640978641316
2011_737,2005,5.987555532430641
2011_737,2006,-13.214299972171396
2011_737,2007,-0.4313535329925884
2011_737,2008,11.51069173235384
2011_737,2009,18.646758606129094
2011_737,2010,-6.616906726830727
2011_737,2011,-3.819697933708048
2011_737,2012,0.7495525261086705
2011_740,2005,-9.797618134380695
2011_740,2006,-13.90618477091975
2011_740,2007,-3.1806471447994844
2011_740,2008,4.174765714416009
2011_740,2009,2.5989786860702186
2011_740,2010,-9.841758431719947
2011_740,2011,-8.16481025311077
2011_740,2012,-17.0731399371799
2011_741,2005,-10.260347170347885
2011_741,2006,-12.334964173707284
2011_741,2007,-3.3905501080324556
2011_741,2008,3.5567140155940447
2011_741,2009,3.7956817538342538
2011_741,2010,-6.178945973109499
2011_741,2011,-7.861813903924356
2011_741,2012,-23.523193336365278
2011_742,2005,-13.147389519792162
2011_742,2006,-15.045757894098971
2011_742,2007,-3.5215193871289188
2011_742,2008,3.7780182082194833
2011_742,2009,1.8942094202186492
2011_742,2010,-8.21374084892309
2011_742,2011,-7.6454342097075765
2011_742,2012,-23.058674691447553
2012_1047,2006,-29.64795543040617
2012_1047,2007,-1.4389140651801011
2012_1047,2008,22.794351330323476
2012_1047,2009,6.738014914486236
2012_1047,2010,-1.557940491953867
2012_1047,2011,-13.312116915358644
2012_1047,2012,-11.140817617445895
2012_1047,2013,-6.966816765300654
2012_1050,2006,-29.08782920118876
2012_1050,2007,0.9767553669100929
2012_1050,2008,17.498897639868677
2012_1050,2009,3.957704203884125
2012_1050,2010,-10.278037593173602
2012_1050,2011,-18.405773379039903
2012_1050,2012,-12.10700021915522
2012_1050,2013,-2.1020811961001074
2012_1051,2006,-29.597779713641447
2012_1051,2007,-3.123430995471318
2012_1051,2008,22.765864737332027
2012_1051,2009,6.351275219324691
2012_1051,2010,-2.520127269779031
2012_1051,2011,-10.358619167249945
2012_1051,2012,-12.948887943461576
2012_1051,2013,-10.578724870402267
2012_1053,2006,-25.190699867052054
2012_1053,2007,2.2355174103540825
2012_1053,2008,18.288869261488518
2012_1053,2009,6.665808858768915
2012_1053,2010,-8.679931103896948
2012_1053,2011,-14.42891748990379
2012_1053,2012,-11.965098559651933
2012_1053,2013,8.808580226484695
2012_1054,2006,-18.875796990876147
2012_1054,2007,-2.6150919165710818
2012_1054,2008,3.5348367775856686
2012_1054,2009,-0.7332270199182899
2012_1054,2010,-11.703492839069328
2012_1054,2011,-8.501916084533166
2012_1054,2012,-14.969437369989413
2012_1054,2013,9.385132781402701
2012_1055,2006,-18.00342551799849
2012_1055,2007,0.007763028610243102
2012_1055,2008,3.7384931642557517
2012_1055,2009,-1.4632644841373832
2012_1055,2010,-11.922640884566896
2012_1055,2011,-9.673367412997157
2012_1055,2012,-14.869008127647186
2012_1055,2013,15.374158746001049
2012_1056,2006,-16.899089833107734
2012_1056,2007,4.943078913033363
2012_1056,2008,10.504572215882126
2012_1056,2009,14.660047332114928
2012_1056,2010,-8.028149190836961
2012_1056,2011,-4.976173398302003
2012_1056,2012,-7.5589255507119475
2012_1056,2013,17.216026773633654
2012_1057,2006,-16.00559150180385
2012_1057,2007,-3.8095770781557654
2012_1057,2008,15.976545053108495
2012_1057,2009,3.79680506626692
2012_1057,2010,-13.583028920850198
2012_1057,2011,-12.440575074165146
2012_1057,2012,-14.39743236690075
2012_1057,2013,23.307043507896946
2012_1058,2006,-15.976324038513619
2012_1058,2007,2.264456756623911
2012_1058,2008,6.321744756397297
2012_1058,2009,15.871386691599918
2012_1058,2010,-8.214231893835235
2012_1058,2011,-5.901352318379616
2012_1058,2012,-7.474068132147354
2012_1058,2013,20.374921348779726
2012_1059,2006,-15.962739689270393
2012_1059,2007,0.83341268268
2012_1059,2008,1.7718689188035388
2012_1059,2009,9.86625534195099
2012_1059,2010,-14.68235527965698
2012_1059,2011,-8.170045284023951
2012_1059,2012,-11.504313823948356
2012_1059,2013,15.532016464592663
2012_1060,2006,-6.915368529786171
2012_1060,2007,-0.6667766659839222
2012_1060,2008,15.36470860079907
2012_1060,2009,2.4025536720794647
2012_1060,2010,-10.838948267036855
2012_1060,2011,-4.167202927232028
2012_1060,2012,-12.748567576601245
2012_1060,2013,25.672812944844644
2012_1061,2006,-11.814099855854739
2012_1061,2007,0.2731945193497462
2012_1061,2008,0.8025424174456072
2012_1061,2009,7.480497582841245
2012_1061,2010,-12.325522664860053
2012_1061,2011,-4.402370458320464
2012_1061,2012,-11.415420992786311
2012_1061,2013,7.738393542894829
2012_1062,2006,-14.783390521233402
2012_1062,2007,0.7078803953355101
2012_1062,2008,4.718524283362511
2012_1062,2009,2.0498521912954666
2012_1062,2010,-17.08893909735825
2012_1062,2011,-6.205801244297409
2012_1062,2012,-10.423753304459696
2012_1062,2013,12.151248598502521
2012_604,2006,-7.786394206112464
2012_604,2007,-3.711862438036329
2012_604,2008,11.513194985058158
2012_604,2009,4.394862556446768
2012_604,2010,-12.263552592428878
2012_604,2011,-3.2442759431501145
2012_604,2012,-11.791068196191114
2012_604,2013,19.228747517662516
2012_634,2006,-15.87598328353223
2012_634,2007,0.6085418311522623
2012_634,2008,2.1239803542556106
2012_634,2009,12.93368294521977
2012_634,2010,-11.457219410983834
2012_634,2011,-5.327232342658427
2012_634,2012,-9.279394848409117
2012_634,2013,8.891981784700224
2012_653,2006,-14.386548591088712
2012_653,2007,0.43856735393133306
2012_653,2008,7.061558235407465
2012_653,2009,15.673371756752509
2012_653,2010,-8.1004057977807
2012_653,2011,-5.03437306307181
2012_653,2012,-6.857663076425787
2012_653,2013,15.694006335886911
2012_654,2006,-16.739288021499505
2012_654,2007,2.4691982733491975
2012_654,2008,5.382098897191393
2012_654,2009,15.136840875901896
2012_654,2010,-8.62614518896786
2012_654,2011,-6.131258123457752
2012_654,2012,-8.046147291892638
2012_654,2013,19.99327236695573
2012_655,2006,-13.171817940579354
2012_655,2007,3.1255592151364233
2012_655,2008,2.4132153694037846
2012_655,2009,6.578267449599234
2012_655,2010,-14.766048215359708
2012_655,2011,-7.607175116896989
2012_655,2012,-8.977467372630677
2012_655,2013,20.386872284739148
2012_660,2006,-13.649380284330606
2012_660,2007,0.5542516604284605
2012_660,2008,11.240006295167424
2012_660,2009,17.870149305839366
2012_660,2010,-7.523889074390229
2012_660,2011,-4.492516692690874
2012_660,2012,-5.203445366797015
2012_660,2013,19.807493148360248
2012_662,2006,-16.24525926796097
2012_662,2007,3.5206797017600606
2012_662,2008,5.326305317884148
2012_662,2009,13.04549857934519
2012_662,2010,-9.677939298354774
2012_662,2011,-6.4080032491759376
2012_662,2012,-8.80981638103973
2012_662,2013,20.654971134373163
2012_665,2006,-15.557927645561419
2012_665,2007,2.67936270564905
2012_665,2008,8.738366297875134
2012_665,2009,16.691460686857848
2012_665,2010,-8.281078664574158
2012_665,2011,-5.295072168181135
2012_665,2012,-7.035206003267658
2012_665,2013,20.869383522365688
2012_667,2006,-16.639618509066494
2012_667,2007,2.986323876659815
2012_667,2008,6.759375930650591
2012_667,2009,14.64955701024536
2012_667,2010,-9.165370698368996
2012_667,2011,-6.1546129848806
2012_667,2012,-8.159726374171646
2012_667,2013,20.26009539877558
2012_671,2006,-10.484580326218122
2012_671,2007,0.29400145264701055
2012_671,2008,1.2490027917028899
2012_671,2009,-1.3899349003489236
2012_671,2010,-13.728636636631665
2012_671,2011,-8.353581638914454
2012_671,2012,-13.618820436664194
2012_671,2013,18.216840393082393
2012_672,2006,-16.086101293687104
2012_672,2007,2.2112610474537484
2012_672,2008,10.98142131496843
2012_672,2009,16.86981150810616
2012_672,2010,-7.977253022781395
2012_672,2011,-5.078950454975879
2012_672,2012,-6.477759077371757
2012_672,2013,19.984057520708184
2012_685,2006,-15.906902470231406
2012_685,2007,-3.2043892524696744
2012_685,2008,3.923248685590021
2012_685,2009,-0.16799699709416446
2012_685,2010,-13.054184029441858
2012_685,2011,-7.922022061581685
2012_685,2012,-12.845066357273891
2012_685,2013,8.790162643801953
2012_686,2006,-16.42028085485162
2012_686,2007,-3.012426054013069
2012_686,2008,3.065193882313981
2012_686,2009,-1.4190877914303617
2012_686,2010,-12.736923676880332
2012_686,2011,-8.464732288736771
2012_686,2012,-14.325770602603754
2012_686,2013,12.326642253070702
2012_697,2006,-28.496572261658603
2012_697,2007,1.83178378113404
2012_697,2008,17.82723558548986
2012_697,2009,5.64196030458707
2012_697,2010,-10.461012523629654
2012_697,2011,-15.542415202168257
2012_697,2012,-13.129762568080778
2012_697,2013,6.20039963908375
2012_699,2006,-22.630770366678643
2012_699,2007,-2.0167107403320235
2012_699,2008,23.070058435482952
2012_699,2009,1.9637329402562245
2012_699,2010,-10.25277011723921
2012_699,2011,-16.176449375875226
2012_699,2012,-12.343565230147766
2012_699,2013,-3.369051322572447
2012_704,2006,-27.21605039922773
2012_704,2007,-1.555566912930928
2012_704,2008,6.608033566342415
2012_704,2009,2.084806068540375
2012_704,2010,-3.564576329741348
2012_704,2011,-7.48204210235993
2012_704,2012,-17.492891347893167
2012_704,2013,6.365629640520487
2012_721,2006,-22.65359632675512
2012_721,2007,-0.5152296197979727
2012_721,2008,22.88734488171534
2012_721,2009,-4.3130778766151865
2012_721,2010,-15.438746153073907
2012_721,2011,-7.62631584278692
2012_721,2012,-6.173861732662033
2012_721,2013,-9.255938726852683
2012_747,2006,-30.697642560754648
2012_747,2007,-5.374954287547689
2012_747,2008,19.6634851791521
2012_747,2009,3.276552530991637
2012_747,2010,-2.9163252276329446
2012_747,2011,-6.483982038266753
2012_747,2012,-11.585777770686713
2012_747,2013,-13.045943808643761
2012_776,2006,-34.11035694070181
2012_776,2007,3.2897828457242504
2012_776,2008,0.1736385838386075
2012_776,2009,5.993066895571478
2012_776,2010,-0.683313317203646
2012_776,2011,2.9992955484883637
2012_776,2012,-27.827603349867108
2012_776,2013,-11.190097583725054
2012_795,2006,-33.548760428493345
2012_795,2007,-17.085754983368634
2012_795,2008,10.526087312699422
2012_795,2009,7.552374022842632
2012_795,2010,-13.242203091603223
2012_795,2011,0.4136564255605369
2012_795,2012,-2.8162279815667843
2012_795,2013,-14.614135566417076
2012_805,2006,-16.22253243287944
2012_805,2007,3.095286210392485
2012_805,2008,2.0455725023037075
2012_805,2009,6.718535004262228
2012_805,2010,-17.523271118830518
2012_805,2011,-9.836830385831455
2012_805,2012,-11.927763000037936
2012_805,2013,14.73985911575927
2013_1184,2007,-13.423554103525634
2013_1184,2008,8.223288211191027
2013_1184,2009,9.79381314699584
2013_1184,2010,-3.7151023779854597
2013_1184,2011,-5.217733551406137
2013_1184,2012,-14.09101915587381
2013_1184,2013,-1.6318246206996723
2013_1184,2014,-14.657506941030809
2013_1185,2007,-4.242800089558901
2013_1185,2008,17.198881371433732
2013_1185,2009,6.6253678451038
2013_1185,2010,-7.074890203800944
2013_1185,2011,-14.881993898194636
2013_1185,2012,-12.76311835131908
2013_1185,2013,2.653437357335965
2013_1185,2014,-4.474380553390745
2013_1186,2007,-7.840236442150173
2013_1186,2008,11.160541212499938
2013_1186,2009,1.7086111138661142
2013_1186,2010,-9.444251538271539
2013_1186,2011,-10.128987573231496
2013_1186,2012,-15.242253523278341
2013_1186,2013,4.080838389122806
2013_1186,2014,-10.192248235300355
2013_1188,2007,-17.81702664857504
2013_1188,2008,17.18243629970323
2013_1188,2009,2.3817976883749097
2013_1188,2010,-13.815799945401332
2013_1188,2011,-8.393826474083086
2013_1188,2012,-14.200612087379676
2013_1188,2013,2.0674388841359956
2013_1188,2014,-9.625695931382193
2013_1189,2007,-14.5067436014313
2013_1189,2008,22.210604911001983
2013_1189,2009,3.8642776955364266
2013_1189,2010,-14.096022322919532
2013_1189,2011,-12.565973484642408
2013_1189,2012,-9.673826956097038
2013_1189,2013,-3.2445723624803886
2013_1189,2014,-15.160231304701904
2013_1191,2007,-15.977400604146494
2013_1191,2008,20.694064183218547
2013_1191,2009,3.886245661494985
2013_1191,2010,-13.765457287963704
2013_1191,2011,-10.837172569882265
2013_1191,2012,-10.566575277196284
2013_1191,2013,-3.290378368365932
2013_1191,2014,-15.557794135892163
2013_1193,2007,-22.642989914187485
2013_1193,2008,11.57358613032095
2013_1193,2009,2.3055279067159478
2013_1193,2010,-11.936464084793714
2013_1193,2011,-6.5707314839864175
2013_1193,2012,-12.15922189561067
2013_1193,2013,-3.6367216299934824
2013_1193,2014,-8.656050644807703
2013_1195,2007,-24.203149346068397
2013_1195,2008,10.612866935568634
2013_1195,2009,5.394159267551316
2013_1195,2010,-16.35260910290541
2013_1195,2011,-7.396708783501381
2013_1195,2012,-16.402001860046465
2013_1195,2013,-10.085679969028012
2013_1195,2014,-4.8295391696474095
2013_724,2007,-13.389822352241168
2013_724,2008,8.721363919979504
2013_724,2009,5.936174638006311
2013_724,2010,-15.121802826955316
2013_724,2011,-3.5701164186082877
2013_724,2012,-8.686651370525023
2013_724,2013,-3.026648407925761
2013_724,2014,-10.887844705112105
2013_726,2007,-19.768116232149918
2013_726,2008,13.991234357897527
2013_726,2009,6.410234280422614
2013_726,2010,-11.168337997375737
2013_726,2011,-1.9938698328650688
2013_726,2012,-12.518510642608957
2013_726,2013,-6.804483581455048
2013_726,2014,-9.680417246911238
2013_728,2007,-11.267384580175536
2013_728,2008,14.438096284541901
2013_728,2009,11.543045718435351
2013_728,2010,-10.486406711131915
2013_728,2011,0.6608818124747794
2013_728,2012,-5.128516873353497
2013_728,2013,-0.11505040265148499
2013_728,2014,-4.066702740257026
2013_744,2007,-16.152929421001335
2013_744,2008,8.653268713704968
2013_744,2009,5.309036360309652
2013_744,2010,-15.56178205710321
2013_744,2011,-6.635068194363003
2013_744,2012,-10.135899853582567
2013_744,2013,-2.872138142785968
2013_744,2014,-8.871281711818934
2013_749,2007,-15.182980122052609
2013_749,2008,13.567577707230503
2013_749,2009,8.435055481159313
2013_749,2010,-10.733548212129717
2013_749,2011,-1.853090621285448
2013_749,2012,-8.040227019515285
2013_749,2013,-1.5764967871415803
2013_749,2014,-4.5647663481301155
2013_800,2007,-21.270155415448535
2013_800,2008,15.71242732174195
2013_800,2009,2.3880785922884553
2013_800,2010,-12.177404133563776
2013_800,2011,-3.487464271826098
2013_800,2012,-12.961930119171482
2013_800,2013,-2.9025780833452615
2013_800,2014,-11.319349151791272
2013_804,2007,-21.991820789629593
2013_804,2008,15.03964231803141
2013_804,2009,2.18702186281468
2013_804,2010,-12.693146249943089
2013_804,2011,-5.491592792804833
2013_804,2012,-14.158711208456117
2013_804,2013,-2.3137591272193867
2013_804,2014,-9.048146330685247
2013_848,2007,-14.897167999598366
2013_848,2008,4.314827908178035
2013_848,2009,-0.7348056069906033
2013_848,2010,-15.849256825556358
2013_848,2011,-9.810280225281318
2013_848,2012,-16.084955018932416
2013_848,2013,-2.665398359080926
2013_848,2014,-3.2563329453065544
2013_850,2007,-7.798564307448582
2013_850,2008,8.62135051882514
2013_850,2009,16.88045567454942
2013_850,2010,-7.5582400608277025
2013_850,2011,-5.55489790720521
2013_850,2012,-6.764328196776133
2013_850,2013,1.7690562214974435
2013_850,2014,-7.76095137165156
2013_851,2007,-8.681159831238622
2013_851,2008,-0.20300576263111866
2013_851,2009,3.1228212067139722
2013_851,2010,-16.102222016590588
2013_851,2011,-9.429187363671351
2013_851,2012,-12.299099587810957
2013_851,2013,-2.010108719630631
2013_851,2014,-1.8163776700715162
2013_859,2007,-15.547425992195489
2013_859,2008,22.548478443545914
2013_859,2009,1.9046657109163985
2013_859,2010,-14.658401830546127
2013_859,2011,-11.901501250685874
2013_859,2012,-15.099526721536343
2013_859,2013,0.9659402487764895
2013_859,2014,-12.787788167215874
2013_904,2007,-4.553579982018301
2013_904,2008,19.574654895746253
2013_904,2009,3.8771977502393287
2013_904,2010,-13.731857702560418
2013_904,2011,-17.59075355109393
2013_904,2012,-11.352476588775351
2013_904,2013,1.7166413886862941
2013_904,2014,-3.1682167331496887
2013_907,2007,-3.7436560722894376
2013_907,2008,18.627148709124707
2013_907,2009,4.349112221298559
2013_907,2010,-12.40159814192396
2013_907,2011,-16.329039126118506
2013_907,2012,-12.454215936362985
2013_907,2013,2.00201072727756
2013_907,2014,-2.2004363037793793
2013_908,2007,-9.284229569803928
2013_908,2008,23.467996110395962
2013_908,2009,2.224162710766142
2013_908,2010,-10.608808836103421
2013_908,2011,-16.24629833168339
2013_908,2012,-12.44665925408431
2013_908,2013,2.64203188781649
2013_908,2014,-11.7176109032164
2013_929,2007,-13.197543765892243
2013_929,2008,8.832657644645908
2013_929,2009,12.922852681019641
2013_929,2010,-4.139836843961954
2013_929,2011,-4.25796584572083
2013_929,2012,-15.134968309936474
2013_929,2013,-1.6705293265370773
2013_929,2014,-12.721023793636496
2013_933,2007,2.8978151192340698
2013_933,2008,22.16580605289648
2013_933,2009,-1.5904818019715234
2013_933,2010,-11.852830996523394
2013_933,2011,-14.580563464180885
2013_933,2012,-11.84434559477627
2013_933,2013,5.286113053512403
2013_933,2014,-4.664120396345963
2014_1295,2008,-6.640927176806323
2014_1295,2009,2.505145990909593
2014_1295,2010,-7.315665303203905
2014_1295,2011,-9.548117517470043
2014_1295,2012,-17.921449612072223
2014_1295,2013,-2.8773063603783235
2014_1295,2014,-6.631526740946117
2014_1295,2015,-0.14536442181376968
2014_1475,2008,13.763326144078649
2014_1475,2009,15.867713937619513
2014_1475,2010,-4.87679034385482
2014_1475,2011,-0.39314790230354646
2014_1475,2012,-15.874559862119435
2014_1475,2013,-3.4129562032996983
2014_1475,2014,-2.5360274472800395
2014_1475,2015,5.5593594104706465
2014_787,2008,6.23919416460997
2014_787,2009,8.268249853593394
2014_787,2010,-14.795019510301167
2014_787,2011,-0.5795342163226863
2014_787,2012,-10.77737874161059
2014_787,2013,-7.624222999534638
2014_787,2014,-9.40700857630371
2014_787,2015,3.4638916681736283
2014_891,2008,6.727654359290404
2014_891,2009,2.457290209386266
2014_891,2010,-11.62660086752841
2014_891,2011,-3.9783010522210027
2014_891,2012,-14.019788250943748
2014_891,2013,-2.923046836315592
2014_891,2014,-13.116507887792702
2014_891,2015,7.481871155801917
2014_937,2008,-2.4642224824080294
2014_937,2009,14.094774956708514
2014_937,2010,-9.48390864114545
2014_937,2011,-4.148676511092634
2014_937,2012,-7.168498644536226
2014_937,2013,-4.7826747851701565
2014_937,2014,-5.455254075586453
2014_937,2015,1.7475399330591763
2015_1013,2009,6.941218216433552
2015_1013,2010,-14.711665419418717
2015_1013,2011,-10.966661573604151
2015_1013,2012,-15.373226042426618
2015_1013,2013,-0.965099465425082
2015_1013,2014,-5.562452154385462
2015_1013,2015,-0.7181778327023517
2015_1013,2016,15.474262428184057
2015_1035,2009,11.897291715675042
2015_1035,2010,-13.716157978610726
2015_1035,2011,-11.663792939422867
2015_1035,2012,-14.038455092927592
2015_1035,2013,4.340812065081284
2015_1035,2014,-10.114270943426808
2015_1035,2015,6.630525196980824
2015_1035,2016,11.62365711081721
2015_1036,2009,6.0439000571814985
2015_1036,2010,-13.802487234619578
2015_1036,2011,-12.778137189949456
2015_1036,2012,-13.927348482816539
2015_1036,2013,1.4094530780900734
2015_1036,2014,-10.746145266206268
2015_1036,2015,7.06971204020424
2015_1036,2016,14.94048084120331
2015_1042,2009,16.702473167146163
2015_1042,2010,-9.210766289681892
2015_1042,2011,-5.862084159172702
2015_1042,2012,-8.21418488616436
2015_1042,2013,1.527046073735835
2015_1042,2014,-6.742794775310053
2015_1042,2015,-4.657448361510093
2015_1042,2016,-2.3653225041469303
2015_1049,2009,7.373018945099209
2015_1049,2010,-13.324711913206718
2015_1049,2011,-9.42355827511446
2015_1049,2012,-12.139250142241332
2015_1049,2013,-1.9710329516810337
2015_1049,2014,-2.1938068171425207
2015_1049,2015,-0.0350271782175291
2015_1049,2016,9.816583002140849
2015_1055,2009,6.587479214678476
2015_1055,2010,-13.363560046707923
2015_1055,2011,-8.969847300246489
2015_1055,2012,-14.492680181217823
2015_1055,2013,-0.5076412460803006
2015_1055,2014,-6.3971002300522315
2015_1055,2015,0.7893814402956311
2015_1055,2016,18.14437729987182
2015_1071,2009,6.455496914705973
2015_1071,2010,-14.00609746956409
2015_1071,2011,-14.275317966857846
2015_1071,2012,-13.113856686618071
2015_1071,2013,0.7322018898651071
2015_1071,2014,-7.529788519269789
2015_1071,2015,8.062314617739125
2015_1071,2016,14.020005309360855
2015_1085,2009,8.59434830433406
2015_1085,2010,-12.98209747166495
2015_1085,2011,-13.507076269635363
2015_1085,2012,-11.9567663042237
2015_1085,2013,1.8170353141385955
2015_1085,2014,-4.8461265069890835
2015_1085,2015,9.914751283990935
2015_1085,2016,16.14676299276911
2015_1136,2009,19.631307381486156
2015_1136,2010,-3.700825477349628
2015_1136,2011,-5.269331475575903
2015_1136,2012,-15.692098102192835
2015_1136,2013,-1.4686023348057475
2015_1136,2014,-6.585412419171939
2015_1136,2015,2.0824902826291534
2015_1136,2016,10.505844582089034
2015_1140,2009,21.75187647641865
2015_1140,2010,-4.553244601072066
2015_1140,2011,-3.9351099432110623
2015_1140,2012,-15.580005922155339
2015_1140,2013,-1.8590040041166584
2015_1140,2014,-6.109034502858486
2015_1140,2015,1.934724421504412
2015_1140,2016,7.016645751301105
2015_1145,2009,20.22862469137158
2015_1145,2010,-3.851440074106647
2015_1145,2011,-3.5697750649715108
2015_1145,2012,-14.096434489836321
2015_1145,2013,-1.4047157651155189
2015_1145,2014,-6.226154145662792
2015_1145,2015,2.6632570697693803
2015_1145,2016,10.316392253867004
2015_1148,2009,26.16722752020748
2015_1148,2010,-4.312002207984275
2015_1148,2011,0.31479821662661794
2015_1148,2012,-15.084856685038204
2015_1148,2013,-2.4859797451083057
2015_1148,2014,-2.5132123525360615
2015_1148,2015,4.852230418401721
2015_1148,2016,-2.129219731020664
2015_1178,2009,22.65870289375267
2015_1178,2010,-4.764774082246708
2015_1178,2011,-6.659520180912362
2015_1178,2012,-22.46614747378483
2015_1178,2013,-4.47375864680297
2015_1178,2014,-2.1150101486699437
2015_1178,2015,-1.7196062327916941
2015_1178,2016,-2.8848314805633306
2015_1987,2009,17.865763091339172
2015_1987,2010,-5.195755753216678
2015_1987,2011,-13.5582972945792
2015_1987,2012,-11.939477064824402
2015_1987,2013,3.666194095550944
2015_1987,2014,-1.6094439997500614
2015_1987,2015,9.465173111279055
2015_1987,2016,15.582465792634434
2015_1988,2009,4.102509883786969
2015_1988,2010,-10.972607964328551
2015_1988,2011,-4.643772771745437
2015_1988,2012,-11.420872533939571
2015_1988,2013,-3.3277326186788643
2015_1988,2014,-11.49583541833377
2015_1988,2015,-2.311111888758431
2015_1988,2016,15.195716438963728
2015_1990,2009,10.123047274606906
2015_1990,2010,-13.077962814512247
2015_1990,2011,-13.715659019561466
2015_1990,2012,-14.449580116382549
2015_1990,2013,3.6783515818092134
2015_1990,2014,-7.504991780707397
2015_1990,2015,6.788913853628436
2015_1990,2016,10.031766347435786
2015_1991,2009,14.45690944311842
2015_1991,2010,-10.992530809908011
2015_1991,2011,-7.537778887002326
2015_1991,2012,-11.838560387401442
2015_1991,2013,-0.6728878429789388
2015_1991,2014,-14.794494755603742
2015_1991,2015,4.192830948095854
2015_1991,2016,15.056584545436783
2015_1992,2009,6.266131509537336
2015_1992,2010,-14.438384887186581
2015_1992,2011,-5.966062568813725
2015_1992,2012,-12.378702363940599
2015_1992,2013,-5.576000431824156
2015_1992,2014,-2.150727175068057
2015_1992,2015,-4.291773543377373
2015_1992,2016,11.454872722251359
2015_1993,2009,6.098349763956896
2015_1993,2010,-10.673195644202304
2015_1993,2011,-1.4074601472458117
2015_1993,2012,-10.846603182240187
2015_1993,2013,-2.1226872487098
2015_1993,2014,-14.035586377511544
2015_1993,2015,3.68570246336181
2015_1993,2016,17.363376290879298
2015_1994,2009,2.760980331766923
2015_1994,2010,-16.774143958227054
2015_1994,2011,-3.2515029229825436
2015_1994,2012,-9.952044927958855
2015_1994,2013,-4.129717601467214
2015_1994,2014,-7.54037455117118
2015_1994,2015,-0.733954463443833
2015_1994,2016,18.371460124966216
2015_893,2009,2.648222445808931
2015_893,2010,-17.555620585825235
2015_893,2011,-3.6929485829979747
2015_893,2012,-10.355409557724975
2015_893,2013,-3.9959998247587563
2015_893,2014,-7.049694227420885
2015_893,2015,-0.8090214430656397
2015_893,2016,20.56191176779769
2015_914,2009,3.1389268485518262
2015_914,2010,-16.735218501432062
2015_914,2011,-4.060150114946313
2015_914,2012,-9.357237603030194
2015_914,2013,-5.763610427554739
2015_914,2014,-6.029592048118819
2015_914,2015,-3.647311450369249
2015_914,2016,19.836184477132107
2015_931,2009,7.664715981421037
2015_931,2010,-12.544563374262069
2015_931,2011,-4.424107797979352
2015_931,2012,-12.333667218829751
2015_931,2013,-4.623361553496523
2015_931,2014,-16.19813981670301
2015_931,2015,1.848045686714751
2015_931,2016,13.096629043116712
2015_957,2009,5.018217766884958
2015_957,2010,-16.30244458928271
2015_957,2011,-11.29707478600569
2015_957,2012,-15.15307435700428
2015_957,2013,-3.0751279666884095
2015_957,2014,-9.005743039087202
2015_957,2015,-0.5455503695531062
2015_957,2016,14.650963676939028
2015_961,2009,8.491728708804454
2015_961,2010,-18.3634275785728
2015_961,2011,-9.817642446603676
2015_961,2012,-13.487504313188259
2015_961,2013,-5.188231665689082
2015_961,2014,-0.7743844485867974
2015_961,2015,-7.610518309942601
2015_961,2016,8.892244734132333
2016_1171,2010,-25.363795914028085
2016_1171,2011,-6.807936807517845
2016_1171,2012,-0.8058548944414868
2016_1171,2013,3.74893108395308
2016_1171,2014,19.705334380286367
2016_1171,2015,-2.3219068279115085
2016_1171,2016,-7.288903628031004
2016_1171,2017,3.975080868996674
2016_1174,2010,-13.046705673144787
2016_1174,2011,-8.529596219639565
2016_1174,2012,-17.326808286261084
2016_1174,2013,-1.5760405287053743
2016_1174,2014,-6.145450071299012
2016_1174,2015,3.330287567989242
2016_1174,2016,-0.9793758045604809
2016_1174,2017,23.402586007035673
2016_541,2010,-21.660380936305597
2016_541,2011,-12.576375835976336
2016_541,2012,-15.672238090870593
2016_541,2013,-1.5729705099010072
2016_541,2014,-7.514522886712139
2016_541,2015,-0.0634610853238972
2016_541,2016,-6.355555597142381
2016_541,2017,1.2379803090195096
2016_599,2010,-31.937747513948217
2016_599,2011,-15.012961425347854
2016_599,2012,-11.493504462316606
2016_599,2013,-0.32535422052924484
2016_599,2014,-5.8505566851427835
2016_599,2015,10.002050622082736
2016_599,2016,-2.5191674471207173
2016_599,2017,18.12288282480291
2016_600,2010,-29.073854120449674
2016_600,2011,-14.26689282489089
2016_600,2012,-13.085700940607532
2016_600,2013,2.680393344959885
2016_600,2014,-5.584838439333143
2016_600,2015,8.880370671511633
2016_600,2016,-3.849372887529246
2016_600,2017,19.362013269625493
2017_1236,2011,-19.587338648019607
2017_1236,2012,-10.237383528306193
2017_1236,2013,-3.8594258868095808
2017_1236,2014,-6.9272228347813005
2017_1236,2015,-0.6575823299497895
2017_1236,2016,1.6168295499985739
2017_1236,2017,-4.206318325199963
2017_1236,2018,-8.533178412748672
2017_1286,2011,-13.159209737844346
2017_1286,2012,-7.003348069758755
2017_1286,2013,-5.284468227224612
2017_1286,2014,-12.591046484215076
2017_1286,2015,1.9018393047888669
2017_1286,2016,-3.2856094677527796
2017_1286,2017,-4.850112155322964
2017_1286,2018,-14.052148203339181
2017_1415,2011,-17.60005886413638
2017_1415,2012,-12.44227395780104
2017_1415,2013,-3.59470565881605
2017_1415,2014,-11.29801329487446
2017_1415,2015,-2.393022103222311
2017_1415,2016,-4.634734682036588
2017_1415,2017,-1.535343416389205
2017_1415,2018,-12.462491690034971
2017_1452,2011,-20.787566796464734
2017_1452,2012,-9.442317571835801
2017_1452,2013,-6.687701118528537
2017_1452,2014,-4.363124044021629
2017_1452,2015,-3.686705034836224
2017_1452,2016,-1.7702114409185468
2017_1452,2017,0.3461007748962454
2017_1452,2018,-10.57262473181611
2017_1471,2011,-25.701069541481623
2017_1471,2012,-12.92419083290451
2017_1471,2013,-2.101220757093417
2017_1471,2014,-7.903309350166576
2017_1471,2015,-1.192829123103916
2017_1471,2016,-4.103878896085162
2017_1471,2017,0.9680744051655713
2017_1471,2018,-13.610607195751772
2017_1542,2011,-25.335824213815417
2017_1542,2012,-12.376878028394183
2017_1542,2013,-3.168108971583493
2017_1542,2014,0.682422631389624
2017_1542,2015,-4.977154322665734
2017_1542,2016,-6.5707392071179
2017_1542,2017,1.0817635433277968
2017_1542,2018,-11.035071954639582
2017_1548,2011,-26.163449934159846
2017_1548,2012,-12.01904944872161
2017_1548,2013,-3.6229961867783658
2017_1548,2014,1.1784028914271711
2017_1548,2015,-7.451454465819537
2017_1548,2016,-6.883468067990875
2017_1548,2017,0.8409054148842644
2017_1548,2018,-11.589853799278325
2017_1616,2011,-18.130997506416833
2017_1616,2012,-16.211182873507514
2017_1616,2013,-0.32365012420805134
2017_1616,2014,-13.347686605212195
2017_1616,2015,2.6570242021415336
2017_1616,2016,-6.063490076497722
2017_1616,2017,0.5231716466597712
2017_1616,2018,-11.789650041539732
2017_1666,2011,-18.545272864339342
2017_1666,2012,-14.070254437832325
2017_1666,2013,3.3685719166177157
2017_1666,2014,-11.363692114413178
2017_1666,2015,5.8566946527899235
2017_1666,2016,-5.273846502361695
2017_1666,2017,3.0991536839316467
2017_1666,2018,-12.854937997571486
2017_1668,2011,-26.20614715109159
2017_1668,2012,-14.747495866996893
2017_1668,2013,0.13755923818607663
2017_1668,2014,-5.3853304479174895
2017_1668,2015,-0.7814451943353387
2017_1668,2016,-3.2278787575108
2017_1668,2017,3.311097438317418
2017_1668,2018,-10.868537487026021
2017_1677,2011,-22.89063622783277
2017_1677,2012,-8.160845158396961
2017_1677,2013,1.2996854926693502
2017_1677,2014,-5.383627655239894
2017_1677,2015,-5.637187344354128
2017_1677,2016,-9.135674413381823
2017_1677,2017,-5.19757984991783
2017_1677,2018,-7.430750042750988
2017_1689,2011,-21.710403326894568
2017_1689,2012,-12.739148957472864
2017_1689,2013,-0.3873395974813795
2017_1689,2014,-12.00657281940578
2017_1689,2015,9.348994961855828
2017_1689,2016,-4.053491547810359
2017_1689,2017,2.62373231338051
2017_1689,2018,-5.128562003435308
2017_1726,2011,-26.206140347382252
2017_1726,2012,-13.049568601280859
2017_1726,2013,-1.3250710772250383
2017_1726,2014,-3.763419297209874
2017_1726,2015,0.21981850273954132
2017_1726,2016,-6.823290079435584
2017_1726,2017,2.0041632665750426
2017_1726,2018,-15.71958134968105
2017_1738,2011,-28.281370880878892
2017_1738,2012,-10.4294006228246
2017_1738,2013,-3.0576177882102082
2017_1738,2014,0.15651574573530289
2017_1738,2015,-1.182993686238045
2017_1738,2016,-7.88285785257069
2017_1738,2017,0.08652843118669296
2017_1738,2018,-15.276340167159322
2017_1772,2011,-25.86482707223919
2017_1772,2012,-15.408279940769013
2017_1772,2013,0.5724480919255139
2017_1772,2014,-7.2672412453982815
2017_1772,2015,0.9749881952546616
2017_1772,2016,-3.316290361099584
2017_1772,2017,4.4252481885971475
2017_1772,2018,-11.003720160949332
2017_1780,2011,-26.636042167900218
2017_1780,2012,-15.703613244089155
2017_1780,2013,0.8450586421957252
2017_1780,2014,-7.573577738469112
2017_1780,2015,0.9828025037785215
2017_1780,2016,-3.474058864898756
2017_1780,2017,4.1603191287387675
2017_1780,2018,-10.559943027406003
2017_1794,2011,-20.161490772100564
2017_1794,2012,-13.036768710993657
2017_1794,2013,0.4780404824222397
2017_1794,2014,-8.979885185455315
2017_1794,2015,7.629864078104859
2017_1794,2016,-3.882262951467961
2017_1794,2017,3.502485589900703
2017_1794,2018,-0.7433505242526806
2017_1801,2011,-19.88860808715387
2017_1801,2012,-14.295578836781372
2017_1801,2013,4.048599800676833
2017_1801,2014,-7.375424173832539
2017_1801,2015,7.037953653100786
2017_1801,2016,-7.205534654438196
2017_1801,2017,5.741390289581223
2017_1801,2018,-4.541887690430158
2017_1803,2011,-23.7096351128295
2017_1803,2012,-14.708620341830594
2017_1803,2013,0.10042091985630937
2017_1803,2014,-6.658015641984839
2017_1803,2015,1.5405561616087173
2017_1803,2016,-2.8838151028848302
2017_1803,2017,5.730934872562685
2017_1803,2018,-10.29860722549312
2017_1853,2011,-25.384466590125637
2017_1853,2012,-11.72467546721368
2017_1853,2013,-3.537407512129192
2017_1853,2014,-3.503125055768413
2017_1853,2015,-0.6360427618147563
2017_1853,2016,-3.2209699024996064
2017_1853,2017,2.34293026902197
2017_1853,2018,-12.099885110384937
2017_1877,2011,-19.37123241398322
2017_1877,2012,-13.169448336061341
2017_1877,2013,1.6993462677813547
2017_1877,2014,-5.7423676534857835
2017_1877,2015,9.004502980583094
2017_1877,2016,-3.2729050021368398
2017_1877,2017,6.133355715776291
2017_1877,2018,-0.32249958662577854
2017_1964,2011,-22.257846182308107
2017_1964,2012,-12.298274761178364
2017_1964,2013,3.053349684291111
2017_1964,2014,-2.7073402368252935
2017_1964,2015,10.22822504087928
2017_1964,2016,-4.505703913229753
2017_1964,2017,11.684076791687927
2017_1964,2018,0.13656209995134816
2017_1970,2011,-21.676613604179796
2017_1970,2012,-11.965098559651933
2017_1970,2013,3.4244283387096086
2017_1970,2014,-2.9691615266140503
2017_1970,2015,10.984217130483978
2017_1970,2016,-3.955669966987456
2017_1970,2017,11.13027958192751
2017_1970,2018,1.1504225586554042
2017_2037,2011,-23.096009266768238
2017_2037,2012,-12.463081787651062
2017_2037,2013,1.9910826981886747
2017_2037,2014,-1.1020707505789211
2017_2037,2015,12.395742732657043
2017_2037,2016,-4.042668814700491
2017_2037,2017,10.90247562672654
2017_2037,2018,2.8501434782329715
2017_2059,2011,-14.218040877549575
2017_2059,2012,-17.12530878533534
2017_2059,2013,-0.35429024878061516
2017_2059,2014,-5.9659239635896455
2017_2059,2015,2.957990986968706
2017_2059,2016,-1.238871510441519
2017_2059,2017,11.346654586838005
2017_2059,2018,-4.445462454553474
2017_2078,2011,-24.17229402088865
2017_2078,2012,-12.958042053263592
2017_2078,2013,2.1182694254054213
2017_2078,2014,-0.8021779897119282
2017_2078,2015,12.273701032051333
2017_2078,2016,-4.095196305760536
2017_2078,2017,9.297030987280671
2017_2078,2018,2.9563317361370904
2017_2106,2011,-15.486496185358943
2017_2106,2012,-15.453539152381083
2017_2106,2013,-1.0419221702626764
2017_2106,2014,-2.062602445223862
2017_2106,2015,3.630561475456116
2017_2106,2016,-3.8906665109404632
2017_2106,2017,10.751095656849145
2017_2106,2018,-4.310106459715049
2017_2115,2011,-18.04805989552966
2017_2115,2012,-8.94395180557643
2017_2115,2013,5.128104614666568
2017_2115,2014,-0.1184957727860511
2017_2115,2015,4.583576563648301
2017_2115,2016,-2.2417706685806156
2017_2115,2017,1.4318738986874955
2017_2115,2018,0.781631813866295
2017_2120,2011,-23.555835376919145
2017_2120,2012,-14.11714346133886
2017_2120,2013,-0.28161083009405363
2017_2120,2014,-0.6564973242742743
2017_2120,2015,11.91219356313074
2017_2120,2016,-5.559449470333084
2017_2120,2017,11.021686438096985
2017_2120,2018,1.5283961915098359
2017_2128,2011,-27.47912919295578
2017_2128,2012,-11.945889672680073
2017_2128,2013,2.702379730747154
2017_2128,2014,-1.7871519632757777
2017_2128,2015,9.002304564733803
2017_2128,2016,-4.348683126284376
2017_2128,2017,6.240576142751331
2017_2128,2018,2.109447375935088
2017_2197,2011,-23.547786709406264
2017_2197,2012,-13.550117464067561
2017_2197,2013,1.0801480204708305
2017_2197,2014,0.6258989840508477
2017_2197,2015,8.998831515945895
2017_2197,2016,-4.950642025134995
2017_2197,2017,9.683685999729505
2017_2197,2018,1.730919427621346
2017_2252,2011,-25.63703050048519
2017_2252,2012,-9.955825428738509
2017_2252,2013,5.904051886267612
2017_2252,2014,0.14401603628029905
2017_2252,2015,-0.4835608964942774
2017_2252,2016,-6.364717676681511
2017_2252,2017,2.57419191282559
2017_2252,2018,-0.2810913545660071
2017_2285,2011,-13.99324688518588
2017_2285,2012,-15.648171445575867
2017_2285,2013,-3.844526785204394
2017_2285,2014,1.9971545306643297
2017_2285,2015,3.771376276772102
2017_2285,2016,-7.072839665156832
2017_2285,2017,10.992800510580345
2017_2285,2018,-6.424505640096963
2017_2361,2011,-11.679215379614206
2017_2361,2012,-15.318185612809112
2017_2361,2013,-3.2021894982776415
2017_2361,2014,-2.026665555147247
2017_2361,2015,4.48096290469563
2017_2361,2016,0.18179029506062663
2017_2361,2017,5.986820058646981
2017_2361,2018,-5.257508046116695
2017_2423,2011,-23.42251171227702
2017_2423,2012,-13.785598519888795
2017_2423,2013,3.4839335090265524
2017_2423,2014,3.041643536372487
2017_2423,2015,0.8762348690215891
2017_2423,2016,-7.069029554305428
2017_2423,2017,7.3233869726976115
2017_2423,2018,-6.537880032134787
2017_2475,2011,-21.251130116156556
2017_2475,2012,-13.233074013449828
2017_2475,2013,2.8223624385321195
2017_2475,2014,3.709942518598829
2017_2475,2015,-0.8037187638042335
2017_2475,2016,-6.427413065361836
2017_2475,2017,7.767350589460637
2017_2475,2018,-8.650818466847557
2017_2528,2011,-18.740539277919947
2017_2528,2012,-11.720806067133267
2017_2528,2013,2.05096946106998
2017_2528,2014,4.584568832336129
2017_2528,2015,0.6363517484473693
2017_2528,2016,-6.234733201638794
2017_2528,2017,7.305299844200768
2017_2528,2018,-7.866322958734339
2017_2541,2011,-18.69642509396522
2017_2541,2012,-10.721800207260346
2017_2541,2013,2.5890250180069514
2017_2541,2014,4.751061024530169
2017_2541,2015,1.4502540697021054
2017_2541,2016,-5.97104001895926
2017_2541,2017,7.192196879077698
2017_2541,2018,-6.476149724104853
2017_2883,2011,-18.142692664274136
2017_2883,2012,-6.137136937871662
2017_2883,2013,2.06329577567465
2017_2883,2014,11.611606303890687
2017_2883,2015,1.0944172506339562
2017_2883,2016,-6.177640655718402
2017_2883,2017,1.1281400653344396
2017_2883,2018,19.43788188783318
2017_3694,2011,-21.71495054926518
2017_3694,2012,-14.757487262110777
2017_3694,2013,1.177624281501003
2017_3694,2014,7.324146935805451
2017_3694,2015,5.275206185792524
2017_3694,2016,-4.998455370722511
2017_3694,2017,10.925677427734753
2017_3694,2018,-2.4129508406044935
2017_3695,2011,-13.040688843139138
2017_3695,2012,-15.999285218482308
2017_3695,2013,-1.3033867549229292
2017_3695,2014,-3.793686638806298
2017_3695,2015,2.618436532540556
2017_3695,2016,-6.2248591994350875
2017_3695,2017,9.998747531562616
2017_3695,2018,-6.555482095116199
2017_3697,2011,-22.90656828702416
2017_3697,2012,-11.850826792219683
2017_3697,2013,0.9861706985962128
2017_3697,2014,-3.038313074813411
2017_3697,2015,9.979760171212119
2017_3697,2016,-2.56329496492294
2017_3697,2017,6.335410637397451
2017_3697,2018,1.783841820101658
2017_3698,2011,-26.03223194530673
2017_3698,2012,-11.509708754062322
2017_3698,2013,-1.8726769080198349
2017_3698,2014,-9.94760993224979
2017_3698,2015,11.97067397803208
2017_3698,2016,-3.498511172930925
2017_3698,2017,1.6694214186288765
2017_3698,2018,-2.534858135493104
2017_3743,2011,-27.011314376217854
2017_3743,2012,-11.781061391517433
2017_3743,2013,1.5652258892024815
2017_3743,2014,-1.9625026239147185
2017_3743,2015,8.354405150661364
2017_3743,2016,-4.191676163343356
2017_3743,2017,4.739480737187524
2017_3743,2018,2.5731574984961396
2018_1035,2012,-9.956738599760715
2018_1035,2013,2.06074227274402
2018_1035,2014,3.4959096074467015
2018_1035,2015,-1.8491126170298464
2018_1035,2016,-7.1347174919423715
2018_1035,2017,7.603763914812855
2018_1035,2018,-17.037346934475387
2018_1035,2019,3.8964718370745346
2018_1466,2012,-13.46203680403951
2018_1466,2013,-1.6493185826405803
2018_1466,2014,-4.087666802625416
2018_1466,2015,-0.1044290026760007
2018_1466,2016,-7.1475375848511264
2018_1466,2017,1.6799157611595004
2018_1466,2018,-18.388206119714347
2018_1466,2019,2.5131364820225635
2018_1598,2012,-0.889761967909495
2018_1598,2013,0.4935247545105336
2018_1598,2014,9.516288726176168
2018_1598,2015,3.2321498233123998
2018_1598,2016,-5.995178935501421
2018_1598,2017,6.857985542393845
2018_1598,2018,-14.81508168328205
2018_1598,2019,2.508813720014267
2018_1717,2012,-14.223939185073817
2018_1717,2013,-1.0521474321498328
2018_1717,2014,-5.591526473972462
2018_1717,2015,1.0421651521459057
2018_1717,2016,-1.8353009928711728
2018_1717,2017,7.209622688361843
2018_1717,2018,-16.605178867286845
2018_1717,2019,9.755865252182682
2018_1731,2012,-9.65716601396842
2018_1731,2013,-2.8442431501048837
2018_1731,2014,-6.7263935672604935
2018_1731,2015,1.4421422347589499
2018_1731,2016,1.707585410030367
2018_1731,2017,5.708977694322981
2018_1731,2018,-13.924155217066351
2018_1731,2019,-5.896525734815205
2018_1804,2012,-15.134815611994325
2018_1804,2013,-0.4290499910241259
2018_1804,2014,-6.837839366639172
2018_1804,2015,1.726142162900217
2018_1804,2016,-2.423903929551423
2018_1804,2017,6.640553007906669
2018_1804,2018,-15.152240343503513
2018_1804,2019,11.4660204336266
2018_1927,2012,-10.040417283923416
2018_1927,2013,2.6969853246490705
2018_1927,2014,-1.7643827548806563
2018_1927,2015,9.05530050733454
2018_1927,2016,-4.353680066030958
2018_1927,2017,6.279172513643361
2018_1927,2018,-7.714167970255414
2018_1927,2019,7.441221967061651
2018_1946,2012,-8.108963572314996
2018_1946,2013,3.5353438003809075
2018_1946,2014,-1.514224744702368
2018_1946,2015,9.629671091667287
2018_1946,2016,-3.800357495988853
2018_1946,2017,10.833697552774368
2018_1946,2018,-11.590020550843173
2018_1946,2019,5.449681378211559
2018_2019,2012,-12.675268990662365
2018_2019,2013,-0.3845319966779493
2018_2019,2014,-1.5946608813107315
2018_2019,2015,0.387687570887221
2018_2019,2016,-5.996235500120595
2018_2019,2017,2.3680177228562305
2018_2019,2018,-16.05312472171534
2018_2019,2019,4.69568788215081
2018_2063,2012,-8.003505475192902
2018_2063,2013,3.4993670149307703
2018_2063,2014,-4.314488889373194
2018_2063,2015,9.644303771160251
2018_2063,2016,-4.47946988738465
2018_2063,2017,10.550368723373465
2018_2063,2018,-10.045803904133722
2018_2063,2019,7.048512090963806
2018_2101,2012,-13.82124683603614
2018_2101,2013,-0.6811491607999484
2018_2101,2014,-4.626659210883471
2018_2101,2015,2.4326174166499195
2018_2101,2016,-0.7672731656210262
2018_2101,2017,3.7244426055895246
2018_2101,2018,-14.383882963556678
2018_2101,2019,-7.937212379026986
2018_252,2012,-8.898919135757216
2018_252,2013,-3.6654496510379517
2018_252,2014,-17.517389044749866
2018_252,2015,2.103475307545674
2018_252,2016,-4.815736716310666
2018_252,2017,-1.2014763988067472
2018_252,2018,-15.080604243757444
2018_252,2019,24.999802985140292
2018_2808,2012,-9.967233208252091
2018_2808,2013,-0.2361574874972021
2018_2808,2014,4.424307693728848
2018_2808,2015,-1.293550968504156
2018_2808,2016,-8.609653347523063
2018_2808,2017,6.342269860813197
2018_2808,2018,-18.87608295715595
2018_2808,2019,9.639968157375979
2018_2810,2012,-9.883708822108783
2018_2810,2013,2.688017619376962
2018_2810,2014,-0.7324606847922116
2018_2810,2015,9.035882588255014
2018_2810,2016,-5.168286064297537
2018_2810,2017,7.588585554728421
2018_2810,2018,-7.1857225101430116
2018_2810,2019,6.266967497830297
2018_2811,2012,-15.062331971272572
2018_2811,2013,-0.07808113127658937
2018_2811,2014,-4.582334292015044
2018_2811,2015,1.618073997276424
2018_2811,2016,-0.7207986628816077
2018_2811,2017,0.33259654510895703
2018_2811,2018,-13.588627163855444
2018_2811,2019,-7.2617031981838505
2018_3146,2012,-7.5090309512340685
2018_3146,2013,-2.702683723261657
2018_3146,2014,-2.369388192114434
2018_3146,2015,4.754382478914273
2018_3146,2016,0.5839764339897572
2018_3146,2017,6.051820337315205
2018_3146,2018,-16.197711366415422
2018_3146,2019,-4.434602235726105
2018_342,2012,-9.61848406296142
2018_342,2013,1.2399908356608165
2018_342,2014,-3.975336186862059
2018_342,2015,10.002941169730489
2018_342,2016,-3.2663247591983833
2018_342,2017,3.4589898854767447
2018_342,2018,-6.385712477099285
2018_342,2019,11.371812612134924
2018_403,2012,-11.882320007820672
2018_403,2013,-3.830527835133388
2018_403,2014,-1.2828375559349123
2018_403,2015,-0.9467498025150505
2018_403,2016,-5.951750862285496
2018_403,2017,8.602702099205374
2018_403,2018,-14.81559419144304
2018_403,2019,-5.542350905482109
2018_495,2012,-11.515246042481587
2018_495,2013,1.307942544966932
2018_495,2014,-4.295994117986526
2018_495,2015,-5.319917065990437
2018_495,2016,-9.120342727249572
2018_495,2017,-5.013662758666093
2018_495,2018,-11.876380714243174
2018_495,2019,-6.75074226374484
2018_519,2012,-9.931074072024773
2018_519,2013,-5.151036964977113
2018_519,2014,-5.578826381177564
2018_519,2015,-2.400210593890518
2018_519,2016,-5.308460837734312
2018_519,2017,-3.2071523156976434
2018_519,2018,-13.360382861917609
2018_519,2019,12.266192737099384
2018_524,2012,-2.4116711055625624
2018_524,2013,-1.6227269910973086
2018_524,2014,0.5962416045846558
2018_524,2015,-1.7741781537504167
2018_524,2016,1.8435850853831184
2018_524,2017,3.532409029683338
2018_524,2018,-5.747455811237669
2018_524,2019,13.317171507585845
2018_561,2012,12.857547328413132
2018_561,2013,-0.34733565400982425
2018_561,2014,3.5227602358555985
2018_561,2015,-7.935803152114798
2018_561,2016,-2.7452444909572384
2018_561,2017,-1.6110607185328796
2018_561,2018,-3.9032198937912064
2018_561,2019,18.637239199875644
2018_598,2012,-13.38592964730323
2018_598,2013,0.5765341901296415
2018_598,2014,3.8921208087599872
2018_598,2015,-1.0643982944130455
2018_598,2016,-6.8718948531805495
2018_598,2017,8.530536169868716
2018_598,2018,-16.703084739273127
2018_598,2019,10.718648948204429
2018_710,2012,-10.121323757761482
2018_710,2013,2.170543329537642
2018_710,2014,-3.9120664170380324
2018_710,2015,10.3298719074845
2018_710,2016,-1.863990856512687
2018_710,2017,7.487585523609671
2018_710,2018,-7.109159388592292
2018_710,2019,10.172815379037072
2018_772,2012,-6.631048199770626
2018_772,2013,-5.154780756297093
2018_772,2014,-2.2947117020046863
2018_772,2015,-5.660830831552943
2018_772,2016,-3.465559750604792
2018_772,2017,0.08485842650828405
2018_772,2018,-13.073984854555638
2018_772,2019,8.714615190050367
2018_90,2012,-7.2233223435767355
2018_90,2013,-2.8870120034040383
2018_90,2014,-18.129873195940984
2018_90,2015,2.2892051747530062
2018_90,2016,-4.32998457020624
2018_90,2017,-0.6743396563455022
2018_90,2018,-15.231997980967657
2018_90,2019,22.538663436558444
2018_969,2012,-12.521415353209836
2018_969,2013,3.4926056140904866
2018_969,2014,-9.003526459093461
2018_969,2015,5.9165137054465236
2018_969,2016,-3.9514358866501644
2018_969,2017,7.442380661103786
2018_969,2018,-13.584589233459626
2018_969,2019,10.889918089865693
2019_1517,2013,17.3125589585874
2019_1517,2014,10.62877333436335
2019_1517,2015,-3.977935964557067
2019_1517,2016,-4.343976544353236
2019_1517,2017,-0.5815438039894154
2019_1517,2018,-4.8030872793875465
2019_1517,2019,11.22874296831108
2019_1517,2020,20.053578952280954
2019_1522,2013,-17.18362364602194
2019_1522,2014,1.3665290547253328
2019_1522,2015,-7.146468241573584
2019_1522,2016,-6.267883461873687
2019_1522,2017,0.3407510835221495
2019_1522,2018,-13.920511524499647
2019_1522,2019,-6.627305296629743
2019_1522,2020,18.391310709860768
2019_1523,2013,-16.415950918997474
2019_1523,2014,-8.762504446179776
2019_1523,2015,-1.2883085677413249
2019_1523,2016,-5.140654822388857
2019_1523,2017,1.0235384481323304
2019_1523,2018,-16.400605685722848
2019_1523,2019,4.782829661399341
2019_1523,2020,17.890760944772484
2019_1524,2013,-16.202310499006053
2019_1524,2014,-0.8688586169396059
2019_1524,2015,-5.018896575530415
2019_1524,2016,-2.650585521051888
2019_1524,2017,-0.8726681293252957
2019_1524,2018,-11.114117351689421
2019_1524,2019,-8.384297685250075
2019_1524,2020,17.37688402974524
2019_1525,2013,-16.52749650826453
2019_1525,2014,-2.695156151710158
2019_1525,2015,-3.5775759407649663
2019_1525,2016,-1.7769932248216336
2019_1525,2017,0.17086985731293916
2019_1525,2018,-12.659625129753588
2019_1525,2019,-9.92277757636281
2019_1525,2020,18.087852704087304
2019_605,2013,-16.046150991406304
2019_605,2014,-2.142262771581083
2019_605,2015,-5.729502306329933
2019_605,2016,-3.3481819608315426
2019_605,2017,-0.09363426104425916
2019_605,2018,-13.376263571742209
2019_605,2019,-3.7983208342215065
2019_605,2020,16.961608240481063
2019_607,2013,-16.947909496129935
2019_607,2014,-3.8205834655769713
2019_607,2015,-6.210407568687899
2019_607,2016,-5.414015852025464
2019_607,2017,-2.6705682462179836
2019_607,2018,-14.99277323236344
2019_607,2019,0.004521856118855953
2019_607,2020,17.109850024059995
2019_608,2013,-15.287471627210282
2019_608,2014,-4.974653978879565
2019_608,2015,-3.862791560980991
2019_608,2016,-1.6417255288626758
2019_608,2017,0.4320784738272086
2019_608,2018,-13.692418323863444
2019_608,2019,-10.065793217275989
2019_608,2020,19.03388929476284
2019_630,2013,-17.216093873747784
2019_630,2014,-5.903267306123513
2019_630,2015,-2.4387647859010575
2019_630,2016,-5.097310143327241
2019_630,2017,2.0234509859700673
2019_630,2018,-14.088180228569804
2019_630,2019,3.551069778816091
2019_630,2020,20.89482204559706
2020_309,2014,-6.549073210621294
2020_309,2015,-2.175911894295202
2020_309,2016,-4.516238761982167
2020_309,2017,-0.45157708424684156
2020_309,2018,-11.618034677451762
2020_309,2019,2.260176507464229
2020_309,2020,10.968082729444566
2020_309,2021,22.944184930127044
2020_338,2014,11.9947071202923
2020_338,2015,4.3813407428429745
2020_338,2016,-5.961551439996256
2020_338,2017,9.781708182323719
2020_338,2018,-12.479704201574984
2020_338,2019,-0.7098197159815639
2020_338,2020,-12.00625992888245
2020_338,2021,2.3152854893128874
2020_347,2014,0.2530190126246151
2020_347,2015,4.501128210407834
2020_347,2016,-3.4098351355724845
2020_347,2017,0.488907447017174
2020_347,2018,-6.417011032846708
2020_347,2019,-0.24112792461351162
2020_347,2020,-12.220049579179701
2020_347,2021,6.131272238054253
2020_372,2014,16.05132055260048
2020_372,2015,-3.743681357868551
2020_372,2016,-4.407471099774078
2020_372,2017,-6.223895164448252
2020_372,2018,-1.7872524976433042
2020_372,2019,-0.5504100377480405
2020_372,2020,-10.923208035058416
2020_372,2021,0.7390148827538695
2020_526,2014,-0.5554622170199528
2020_526,2015,2.9951040267863736
2020_526,2016,-2.5373422470996796
2020_526,2017,4.055041552714349
2020_526,2018,-14.965538618058988
2020_526,2019,-9.569724206730728
2020_526,2020,-0.5815625840071466
2020_526,2021,12.147745242640461
2020_527,2014,0.8836067096211495
2020_527,2015,2.547990719063542
2020_527,2016,-5.040456666761222
2020_527,2017,2.3787786861435642
2020_527,2018,-6.415194848218551
2020_527,2019,-0.35955992242357065
2020_527,2020,-10.902092243469946
2020_527,2021,3.127558041670743
2020_528,2014,0.8558135984551686
2020_528,2015,4.206278288887492
2020_528,2016,-4.048525782030354
2020_528,2017,0.2375198259087933
2020_528,2018,-6.482257092744643
2020_528,2019,-0.4869055670943414
2020_528,2020,-12.304815296736775
2020_528,2021,6.424716493256668
2020_529,2014,-0.3232494491561998
2020_529,2015,2.6607578730269696
2020_529,2016,-2.1789960286512238
2020_529,2017,10.929855590029929
2020_529,2018,-15.83013473740514
2020_529,2019,-0.1782542713472015
2020_529,2020,-2.108003312915175
2020_529,2021,10.565054587430481
2020_531,2014,2.484086556251414
2020_531,2015,6.421413772815285
2020_531,2016,-5.315709087660005
2020_531,2017,9.033904238801698
2020_531,2018,-13.273394512431466
2020_531,2019,-0.43112206447967694
2020_531,2020,-6.661033675581597
2020_531,2021,4.526457308569485
2020_536,2014,-14.827416065882549
2020_536,2015,0.19272075989288714
2020_536,2016,-3.0812827345020235
2020_536,2017,-0.7401489236548345
2020_536,2018,-16.532327010937134
2020_536,2019,5.960763912710168
2020_536,2020,7.745758063550736
2020_536,2021,24.98108966032094
2020_537,2014,-6.014623320067519
2020_537,2015,-1.1703684466844806
2020_537,2016,-5.846781927779297
2020_537,2017,-0.8131065953977945
2020_537,2018,-12.5509053872351
2020_537,2019,3.8446723837223016
2020_537,2020,14.341328871046874
2020_537,2021,28.4414702276815
2020_538,2014,-13.789094496928044
2020_538,2015,-6.73478967401013
2020_538,2016,-5.534116601987559
2020_538,2017,-3.971982137227632
2020_538,2018,-17.484179795698925
2020_538,2019,-3.264943789523672
2020_538,2020,5.368631811636622
2020_538,2021,14.859028027652176
2020_539,2014,-8.705717192989477
2020_539,2015,-0.6039789478579779
2020_539,2016,-1.588274161689153
2020_539,2017,-3.347212746812574
2020_539,2018,-16.24454545685315
2020_539,2019,2.069350530716424
2020_539,2020,8.979595806976157
2020_539,2021,14.135334354911702
2020_541,2014,-9.100666850476097
2020_541,2015,-0.14544348853969188
2020_541,2016,0.6424921816212397
2020_541,2017,-3.8797960686676594
2020_541,2018,-15.556803882632954
2020_541,2019,0.7876265889183603
2020_541,2020,8.349700793041036
2020_541,2021,13.669856061482065
2021_1066,2015,4.164680485871137
2021_1066,2016,-3.270515095456888
2021_1066,2017,3.558113516572471
2021_1066,2018,-14.67317085120685
2021_1066,2019,-9.784766549622164
2021_1066,2020,-0.2314044197471965
2021_1066,2021,-8.757508523313746
2021_1066,2022,7.980451803323527
2021_1169,2015,-11.473281626658117
2021_1169,2016,-8.938743875824736
2021_1169,2017,-5.8186933934958915
2021_1169,2018,-5.142562936212608
2021_1169,2019,2.3815943577978635
2021_1169,2020,-4.709142632077623
2021_1169,2021,-6.710499281338039
2021_1169,2022,-12.992543903085283
2021_1197,2015,-7.5075257451635355
2021_1197,2016,-4.4380789882760645
2021_1197,2017,0.8030828395002985
2021_1197,2018,-15.740477559198169
2021_1197,2019,6.02651130198922
2021_1197,2020,13.231750560667564
2021_1197,2021,4.047002160593323
2021_1197,2022,-1.5706367827435037
2021_1204,2015,-1.1036661437983233
2021_1204,2016,-7.365955313714001
2021_1204,2017,-0.11530810451448303
2021_1204,2018,-8.994251741576322
2021_1204,2019,3.0444404833257557
2021_1204,2020,-8.1454201288523
2021_1204,2021,-16.062733112987445
2021_1204,2022,-12.094705063012537
2021_1290,2015,8.848253897731086
2021_1290,2016,-5.229215917130081
2021_1290,2017,9.296811743549258
2021_1290,2018,-8.162159421346631
2021_1290,2019,-0.2493787960411241
2021_1290,2020,-9.379614315733214
2021_1290,2021,-12.162883290814506
2021_1290,2022,-0.7148739190993567
2021_1321,2015,2.617226239465968
2021_1321,2016,-8.639862275364374
2021_1321,2017,3.314550179780594
2021_1321,2018,-17.649272190747656
2021_1321,2019,-7.113615033217283
2021_1321,2020,-15.062059291585369
2021_1321,2021,-18.343604118431877
2021_1321,2022,-3.7432599013269168
2021_1353,2015,-9.2137085033316
2021_1353,2016,-7.598897669948239
2021_1353,2017,-0.8606044734786984
2021_1353,2018,-0.5672140620503582
2021_1353,2019,4.369834695271799
2021_1353,2020,-5.618983233983843
2021_1353,2021,-3.1342705578681085
2021_1353,2022,-3.2958252343024426
2021_1437,2015,9.764250737109228
2021_1437,2016,-3.3127183655039616
2021_1437,2017,9.382882395043003
2021_1437,2018,-8.502140929099241
2021_1437,2019,1.091717134373277
2021_1437,2020,-9.308015523915351
2021_1437,2021,-10.38345407807747
2021_1437,2022,-1.4713000101091425
2021_1495,2015,4.577082793828781
2021_1495,2016,-4.305956200299332
2021_1495,2017,8.6741483677281
2021_1495,2018,-17.60893597283553
2021_1495,2019,-2.230933500422217
2021_1495,2020,-3.3293916211469914
2021_1495,2021,-6.050868525282724
2021_1495,2022,-17.74568747364257
2021_1573,2015,-5.862626673711205
2021_1573,2016,-4.7634454653795615
2021_1573,2017,-3.0642800727672217
2021_1573,2018,-8.088222331591638
2021_1573,2019,3.8472592859842045
2021_1573,2020,-7.925220006157091
2021_1573,2021,-20.09964315464799
2021_1573,2022,-12.263503622406796
2021_1619,2015,3.4741957723445998
2021_1619,2016,-5.235840537591957
2021_1619,2017,9.237933687471747
2021_1619,2018,-7.136359485462413
2021_1619,2019,-0.4033691325844219
2021_1619,2020,-9.874692521144341
2021_1619,2021,-12.935633848966624
2021_1619,2022,3.3461529041824605
2021_1631,2015,5.188613014619034
2021_1631,2016,-3.1110305123721
2021_1631,2017,4.262135827622873
2021_1631,2018,-8.065598848739318
2021_1631,2019,1.9910724177525025
2021_1631,2020,-14.71433769601928
2021_1631,2021,-8.133526006421913
2021_1631,2022,2.4330774813351694
2021_1637,2015,2.213073366370128
2021_1637,2016,-2.6459364267799326
2021_1637,2017,10.848444595202034
2021_1637,2018,-14.298639574800276
2021_1637,2019,-2.0294912092956854
2021_1637,2020,3.3336262698330175
2021_1637,2021,-6.481849352171345
2021_1637,2022,-13.056118771277136
2021_1890,2015,-9.690435876448618
2021_1890,2016,-6.745694414614511
2021_1890,2017,-2.4533787774855824
2021_1890,2018,-1.2716235535532057
2021_1890,2019,2.3457205241367447
2021_1890,2020,-4.226704774972972
2021_1890,2021,-2.041490307660817
2021_1890,2022,-4.50237913968644
2021_1898,2015,3.6629959401545684
2021_1898,2016,-5.758542871095667
2021_1898,2017,6.3342809160691
2021_1898,2018,-5.494371441018845
2021_1898,2019,0.6318006875513529
2021_1898,2020,-10.731852888527735
2021_1898,2021,-13.022962157484814
2021_1898,2022,2.4393903478006083
2021_1968,2015,-2.1212037466198512
2021_1968,2016,-2.310504224130154
2021_1968,2017,0.9071241859981084
2021_1968,2018,-5.876449400582555
2021_1968,2019,-0.000397196792499462
2021_1968,2020,-10.95323427643587
2021_1968,2021,-11.876297329624014
2021_1968,2022,-0.27110835084464213
2021_1988,2015,1.782672134005875
2021_1988,2016,-5.43553091135059
2021_1988,2017,3.228333849791142
2021_1988,2018,-14.652507694909156
2021_1988,2019,-4.228740663976992
2021_1988,2020,-11.858239075825388
2021_1988,2021,-16.202143086857816
2021_1988,2022,-9.689509540794505
2021_2223,2015,2.8363442559645304
2021_2223,2016,2.0476546458639855
2021_2223,2017,5.886277821241618
2021_2223,2018,-16.586931323235408
2021_2223,2019,-1.2474149682815383
2021_2223,2020,0.4515753624779008
2021_2223,2021,-16.283269189945866
2021_2223,2022,-10.117893425339005
2021_2225,2015,5.210581246050075
2021_2225,2016,-4.145325680870546
2021_2225,2017,1.104476932343805
2021_2225,2018,-12.15320298397902
2021_2225,2019,-9.089938748295083
2021_2225,2020,3.5980769712745673
2021_2225,2021,-6.80861315617478
2021_2225,2022,18.825533516556316
2021_2306,2015,3.5284460266311855
2021_2306,2016,0.037606987104586174
2021_2306,2017,11.692192842611592
2021_2306,2018,-11.018243928545855
2021_2306,2019,-3.9992249514860596
2021_2306,2020,-0.030578321507218693
2021_2306,2021,-17.07031431742872
2021_2306,2022,-18.411851298439565
2021_2309,2015,-2.0306941921584314
2021_2309,2016,-5.522196911594108
2021_2309,2017,-1.0934075182764111
2021_2309,2018,-12.05032403589595
2021_2309,2019,12.9703935918158
2021_2309,2020,-4.355297687302296
2021_2309,2021,-2.224980740903792
2021_2309,2022,3.9734117284684354
2021_2311,2015,5.227853922302275
2021_2311,2016,-2.199543760278907
2021_2311,2017,6.093279056296666
2021_2311,2018,-7.3594066097307715
2021_2311,2019,2.975256457238503
2021_2311,2020,-13.070510408666806
2021_2311,2021,-7.722374261911962
2021_2311,2022,0.801139051449708
2021_2312,2015,5.384797748104474
2021_2312,2016,3.3913166738034106
2021_2312,2017,7.103945876384724
2021_2312,2018,-14.84288489440012
2021_2312,2019,-4.536374504580766
2021_2312,2020,-4.023834432657246
2021_2312,2021,-6.220814207506102
2021_2312,2022,-11.26858036700401
2021_2313,2015,5.500231111967893
2021_2313,2016,4.387187135484097
2021_2313,2017,-7.203359357125046
2021_2313,2018,-7.199435144848349
2021_2313,2019,-0.9069105135517977
2021_2313,2020,-4.623400069853187
2021_2313,2021,-25.13994140685088
2021_2313,2022,-11.651327338550304
2021_2316,2015,5.104734930667703
2021_2316,2016,3.1344991490014373
2021_2316,2017,10.277188756619974
2021_2316,2018,-17.033249998411122
2021_2316,2019,-3.1461778773986975
2021_2316,2020,-4.977865094370113
2021_2316,2021,-16.057406767265704
2021_2316,2022,-17.748125506571238
2021_2317,2015,4.3111763815079955
2021_2317,2016,-5.281159384952949
2021_2317,2017,4.204716425656703
2021_2317,2018,-15.405301861901066
2021_2317,2019,5.82973225888085
2021_2317,2020,-0.6669564871576975
2021_2317,2021,-6.465778878942324
2021_2317,2022,-12.108342662233303
2021_2319,2015,0.2068746506235389
2021_2319,2016,-10.292484334409808
2021_2319,2017,-1.6542862025122684
2021_2319,2018,-7.089178580169013
2021_2319,2019,-2.497208355758486
2021_2319,2020,-14.04721117988119
2021_2319,2021,-12.894014024725317
2021_2319,2022,-4.349889685042294
2021_2320,2015,1.2106103354286353
2021_2320,2016,-7.51843755856846
2021_2320,2017,1.0098792281840783
2021_2320,2018,-18.553686635845168
2021_2320,2019,-6.562802758587016
2021_2320,2020,8.72440315497679
2021_2320,2021,-5.557884581763573
2021_2320,2022,-4.877998246157518
2021_2321,2015,-1.3921118718795
2021_2321,2016,-6.852904147760127
2021_2321,2017,3.9955026204992663
2021_2321,2018,-15.735674064928284
2021_2321,2019,0.503248937994249
2021_2321,2020,-4.132838264525073
2021_2321,2021,-17.496568322094912
2021_2321,2022,-12.723751072096187
2021_2328,2015,3.2325199323044203
2021_2328,2016,-5.409856300507546
2021_2328,2017,11.124678281396106
2021_2328,2018,-16.490813644969393
2021_2328,2019,-1.4334014576027763
2021_2328,2020,-5.104469255052266
2021_2328,2021,-7.916120193603358
2021_2328,2022,-13.306222111702024
2021_297,2015,1.3691379765063618
2021_297,2016,-0.6155745487551313
2021_297,2017,5.19069619943799
2021_297,2018,-19.30184017380383
2021_297,2019,-3.9121587400264346
2021_297,2020,1.6503266462145885
2021_297,2021,-20.52162240894185
2021_297,2022,-13.46812646838151
2022_254,2016,-15.140354536958379
2022_254,2017,6.109381449022396
2022_254,2018,-7.3320965775609706
2022_254,2019,3.001887106631409
2022_254,2020,-13.040383712379914
2022_254,2021,-7.711854729208196
2022_254,2022,-1.7717174709310595
2022_254,2023,-2.725996720552854
2023_159,2017,-9.020269238143088
2023_159,2018,-17.39648524014078
2023_159,2019,-0.5811192907738943
2023_159,2020,-6.960588082705498
2023_159,2021,-17.13361657114395
2023_159,2022,4.781374304868024
2023_159,2023,-17.723044502295334
2023_159,2024,-8.610293111206554
2023_1614,2017,-5.228932660323828
2023_1614,2018,-5.900058282817386
2023_1614,2019,0.7284330986185861
2023_1614,2020,-10.03720107841866
2023_1614,2021,-12.458377100820654
2023_1614,2022,2.298584193717304
2023_1614,2023,-12.759093509781891
2023_1614,2024,-17.574382115525133
2023_1624,2017,-5.024515052779413
2023_1624,2018,-13.747698091211268
2023_1624,2019,-2.979030403105124
2023_1624,2020,9.90061396612221
2023_1624,2021,1.4261620507419994
2023_1624,2022,2.4405798512342542
2023_1624,2023,-18.382920218244433
2023_1624,2024,-15.460366779199143
2023_1625,2017,3.8672429553166205
2023_1625,2018,-11.40366712828276
2023_1625,2019,1.658822039269886
2023_1625,2020,-7.3742526054560535
2023_1625,2021,-6.491239914581658
2023_1625,2022,-0.7634228581804811
2023_1625,2023,-16.714470721251768
2023_1625,2024,-14.062306477866276
2023_1626,2017,-2.4134382304314608
2023_1626,2018,-13.347917442090166
2023_1626,2019,4.9449966061672805
2023_1626,2020,-10.919697020785998
2023_1626,2021,-2.2993527209288622
2023_1626,2022,8.886159454859035
2023_1626,2023,-16.614729051818127
2023_1626,2024,-6.351946631214637
2023_1627,2017,-9.329323677649862
2023_1627,2018,-18.63740251797657
2023_1627,2019,1.8178969425833913
2023_1627,2020,-8.148213054885703
2023_1627,2021,-14.456814011013185
2023_1627,2022,7.048813196377973
2023_1627,2023,-17.814593490999307
2023_1627,2024,-15.436450095318696
2023_1633,2017,1.3623377146184137
2023_1633,2018,-5.916571705348467
2023_1633,2019,7.7651084636243874
2023_1633,2020,-6.290861060141654
2023_1633,2021,-17.048893385756244
2023_1633,2022,-3.044156771412599
2023_1633,2023,-3.2839344506028545
2023_1633,2024,-24.44936344450964
2023_1634,2017,-3.168388900542485
2023_1634,2018,-13.87262370765648
2023_1634,2019,-1.5222908865537195
2023_1634,2020,13.329190136342296
2023_1634,2021,0.9414696053160677
2023_1634,2022,14.675725901408292
2023_1634,2023,-18.430179949308293
2023_1634,2024,-11.573440814022252
2023_1640,2017,1.5778329134914932
2023_1640,2018,-13.616102716524844
2023_1640,2019,5.853610027020309
2023_1640,2020,-4.193836289180254
2023_1640,2021,-5.0447674454695415
2023_1640,2022,-0.9361966692932716
2023_1640,2023,-14.214396704057288
2023_1640,2024,-7.463426534717203
2023_168,2017,-0.040405872231608395
2023_168,2018,-9.708766694450352
2023_168,2019,8.076968907411084
2023_168,2020,-8.009198742682777
2023_168,2021,0.7274534572361683
2023_168,2022,10.899851749173534
2023_168,2023,-15.169791361198866
2023_168,2024,-6.797514297086354
2023_169,2017,-9.591151176484983
2023_169,2018,-5.014698094172751
2023_169,2019,5.217214964259161
2023_169,2020,-11.909822123417287
2023_169,2021,-3.8051496180192177
2023_169,2022,4.547068289456533
2023_169,2023,-12.44052240499517
2023_169,2024,-16.204916125460382
2023_171,2017,-3.2158907176644607
2023_171,2018,-9.311182683982238
2023_171,2019,-7.220275742250187
2023_171,2020,5.1822755233422635
2023_171,2021,-3.437310619873898
2023_171,2022,26.647902809884936
2023_171,2023,-16.21168570248354
2023_171,2024,-6.836149859465891
2023_174,2017,-3.8427563672252307
2023_174,2018,-17.064163942129323
2023_174,2019,4.235739936009006
2023_174,2020,-3.9013820986859638
2023_174,2021,-9.677155397484434
2023_174,2022,4.682993304117024
2023_174,2023,-15.60370820773006
2023_174,2024,-9.724388165796219
2023_175,2017,-9.765733404381708
2023_175,2018,-16.807323809911406
2023_175,2019,-2.0109412405728966
2023_175,2020,-4.671237514442059
2023_175,2021,-12.266995442545413
2023_175,2022,2.451029087534526
2023_175,2023,-19.192271688349546
2023_175,2024,-7.588358646623834
2023_177,2017,-7.588652105175833
2023_177,2018,-16.892110630538113
2023_177,2019,-4.82397786955807
2023_177,2020,-5.107824790882517
2023_177,2021,-9.226779844067144
2023_177,2022,5.068463334764353
2023_177,2023,-17.33731556529977
2023_177,2024,-5.9968533332219724
2023_185,2017,-3.0879324770484615
2023_185,2018,-13.936363033720069
2023_185,2019,-4.295141165913616
2023_185,2020,10.601425199455553
2023_185,2021,1.5605688712493209
2023_185,2022,0.07845918179892664
2023_185,2023,-18.263205714828533
2023_185,2024,-16.085697420052135
2023_186,2017,-2.3903561660184685
2023_186,2018,-16.340868224807696
2023_186,2019,2.146831387381828
2023_186,2020,9.094933481446377
2023_186,2021,-0.8882538773544392
2023_186,2022,3.356981343136042
2023_186,2023,-20.52829585593096
2023_186,2024,-9.803558229696709
2023_189,2017,-0.6651955839530095
2023_189,2018,-16.07454667188505
2023_189,2019,3.4434894977689177
2023_189,2020,5.62318157597067
2023_189,2021,2.555820012842697
2023_189,2022,4.896716513042033
2023_189,2023,-16.85258207916035
2023_189,2024,4.0681809627797865
2023_201,2017,-11.699986690030796
2023_201,2018,-18.737560767182092
2023_201,2019,3.7396181856386725
2023_201,2020,-5.100988152314853
2023_201,2021,-16.273402101165612
2023_201,2022,5.168222893724704
2023_201,2023,-17.42718412104878
2023_201,2024,-5.491501660623389
2023_213,2017,1.4753624725312509
2023_213,2018,-15.03286611314977
2023_213,2019,12.254653470896445
2023_213,2020,-0.03903468948727262
2023_213,2021,-1.532506985270255
2023_213,2022,3.308208316870845
2023_213,2023,-18.19907262882918
2023_213,2024,-7.474529237464068
2024_462,2018,-14.99365487971211
2024_462,2019,3.0366128926442593
2024_462,2020,4.626082987220404
2024_462,2021,-4.607441735326709
2024_462,2022,-0.40192932435781853
2024_462,2023,-15.611805061056238
2024_462,2024,2.171949216672187
2024_462,2025,-22.648741163524072
2024_467,2018,-10.284757192062619
2024_467,2019,10.024419777266818
2024_467,2020,-8.35781591047468
2024_467,2021,-1.0241520983600907
2024_467,2022,11.208897144138609
2024_467,2023,-18.196883508986275
2024_467,2024,-5.7431122544660935
2024_467,2025,-16.89981464197654
2024_473,2018,-23.327358151180086
2024_473,2019,-3.5286400572745102
2024_473,2020,8.102665063740604
2024_473,2021,0.9344376765589514
2024_473,2022,5.41851406753396
2024_473,2023,-25.340720113999524
2024_473,2024,3.9147176947802254
2024_473,2025,-22.916249374292274
2024_482,2018,-16.203361090130386
2024_482,2019,-0.8079443287306542
2024_482,2020,7.024474438978778
2024_482,2021,-1.1711931531443487
2024_482,2022,2.942904434697841
2024_482,2023,-19.95337972008935
2024_482,2024,6.289068054532817
2024_482,2025,-26.53600781971415
2024_484,2018,-17.76321242146407
2024_484,2019,-0.4675679532866009
2024_484,2020,10.470165530406803
2024_484,2021,3.5174761300774073
2024_484,2022,1.9924432582328848
2024_484,2023,-17.46726542355461
2024_484,2024,-3.1940639742080066
2024_484,2025,-13.665644200162566
2024_492,2018,-14.180081272063068
2024_492,2019,2.326163593292381
2024_492,2020,-9.746641070419493
2024_492,2021,-11.399083539227528
2024_492,2022,-1.4633347947589155
2024_492,2023,-15.2792510679718
2024_492,2024,-7.314641391191859
2024_492,2025,-0.7861397917383585
2024_495,2018,-16.566337666833856
2024_495,2019,-0.9863106308831405
2024_495,2020,10.435923943596285
2024_495,2021,3.3344172974210458
2024_495,2022,4.446695837568629
2024_495,2023,-20.383742537047482
2024_495,2024,-3.0233877565886105
2024_495,2025,-13.71466300221638
2024_496,2018,-16.1484143652956
2024_496,2019,-1.554111807700252
2024_496,2020,10.198554932247724
2024_496,2021,2.6936395317336377
2024_496,2022,4.328321718230826
2024_496,2023,-19.551509766333933
2024_496,2024,-3.5820427410513687
2024_496,2025,-13.511481032117398
2024_497,2018,-14.872223093835187
2024_497,2019,0.7742529297051789
2024_497,2020,11.87378857141186
2024_497,2021,2.605322363802943
2024_497,2022,13.533375352552417
2024_497,2023,-20.53242219976634
2024_497,2024,1.2678375922479586
2024_497,2025,-16.913583761571235
2024_501,2018,-15.424671304695478
2024_501,2019,12.625904569668796
2024_501,2020,6.563147845485704
2024_501,2021,3.2735262558681626
2024_501,2022,9.0384531751182
2024_501,2023,-12.523376801410366
2024_501,2024,6.414075678146387
2024_501,2025,-23.77320905612022
2024_636,2018,-7.852492990607464
2024_636,2019,3.3023593930298123
2024_636,2020,-15.389111872166602
2024_636,2021,-7.443736473719909
2024_636,2022,1.2741732797628795
2024_636,2023,-12.9294177210178
2024_636,2024,-8.038996352610882
2024_636,2025,-5.171841588663985
2024_639,2018,-19.073496999130754
2024_639,2019,-2.2281100545836647
2024_639,2020,4.618668780552891
2024_639,2021,-6.582555102964044
2024_639,2022,1.1730271229092502
2024_639,2023,-21.834246602593044
2024_639,2024,-1.730099463895
2024_639,2025,-21.3684780504717
2024_650,2018,-10.375143601516475
2024_650,2019,-13.619276114857351
2024_650,2020,8.990131725822158
2024_650,2021,-6.270659121394073
2024_650,2022,20.71357579495377
2024_650,2023,-11.826174147577975
2024_650,2024,-4.603278509289868
2024_650,2025,-0.48582149336832786
