GID,fwi_90th,dmc_90th,dc_90th,isi_90th,bui_90th,ffmc_90th
1986_11,20.289476176938965,59.00674138379412,269.9832757066578,8.897002929458678,63.20895185807467,91.28408368764363
1986_32,7.347825396584978,20.64214743842489,301.75323762024027,3.6437868541876397,34.625778660992225,84.70462044647746
1986_40,19.07432810161534,64.09997132191167,256.08433223512384,8.548224637427783,64.42294959446853,90.01576665721733
1986_43,11.552721271136747,25.741455733902345,331.537166598964,4.823247895380504,40.405608782450244,87.88597301171454
1986_45,11.246548224555202,26.3393527308782,328.39429757218556,4.82744929616071,42.018165657393936,87.64811297678423
1986_49,11.889037522930543,27.237885891352473,338.432081395959,5.271146461327442,41.79697456556483,87.74791540294453
1986_54,18.924030443252313,58.61931052989513,225.23281490721337,8.688850260176352,58.770980612957416,92.4243428497249
1986_56,18.231231247655263,50.14597936320401,229.804706393837,8.333038901060219,56.04649634088087,92.0902125223637
1986_57,11.93204003192521,24.368542800904386,291.6286228832225,5.617223858193485,39.3689073839894,87.713405019425835
1986_58,11.83414686133974,23.865335334365533,319.9598854464587,5.605376661167559,38.86073676033171,87.54427640966979
1986_60,12.309252302268106,41.951945676214834,229.11860463701814,4.484820024379542,52.19059589160186,87.56581291801405
1986_70,7.5693620593056306,19.125553986234852,171.78426091490797,4.273583126378301,29.92177438019911,83.88013392080452
1987_101,15.707080386188593,50.982131721850436,353.40784771943885,5.533783092101438,69.02711838575655,88.67751833814839
1987_12,18.518082234651605,59.93648093264218,156.4521613152129,6.899873061064732,59.918233718663906,87.89587614503289
1987_17,15.76046541211717,68.73763098181715,153.63529274247108,4.971862308031649,68.54684428033528,87.00153592518045
1987_29,13.08367139863126,60.37784801560816,268.78640312165066,5.114605725713162,70.72702427689418,88.3916710961329
1987_30,14.67828079577927,50.594668924954775,156.28058255364354,5.702010281048483,51.29112067048821,86.46117681208933
1987_31,17.996384128403353,48.8180614383585,190.9204912872972,8.263649216963989,51.39160842201455,88.90535626836413
1987_33,14.02392987421421,60.239459806725286,280.8262607018268,5.132320545567672,68.60609165007942,88.35137719280144
1987_47,13.074753869801148,37.997089665818564,284.08627510693543,5.075873248379277,52.861291112020794,87.60588163287802
1987_49,19.96263969019314,55.622455748889486,291.5755255041713,8.161044051509208,65.82912050480222,90.87538615271382
1987_66,12.460686236822362,41.23879903559964,329.2136241739512,4.470662033821165,57.50690813550807,87.42444968683795
1987_67,10.516274541792287,35.06850021850724,255.02141658267035,4.343264473324195,48.16900885441224,86.87725288106316
1987_70,17.843485996016664,46.42535202311793,280.06101021553286,6.567574851178689,60.01585712303447,89.47427041538842
1987_72,14.358274973455778,51.19081774554286,254.4360761891722,5.087278512009363,66.96916704358092,88.44655319321511
1987_76,16.12204260642881,53.24786959442419,253.27135675341907,5.473086468795007,68.89340067961916,88.59079658942181
1987_77,14.787574921668009,43.92202640478577,250.7062491738526,5.335141019540845,55.5362454256199,88.22801418987785
1987_8,21.481026682494537,71.12684461805065,315.13509895123855,7.493559803152877,81.15772310975423,90.58590524676396
1987_95,12.105830042646023,47.89116207971472,171.23051779576065,4.549402981272556,52.915687857859304,86.91794395900298
1988_101,10.289050871465829,26.493451247763975,281.60204466425245,4.801801381759922,41.5213581195313,86.24356953071685
1988_110,15.475458022546476,27.59039203108522,298.0092673036515,7.167751498654927,43.979565116668304,89.36766365670725
1988_116,14.937240817279227,39.05246179444353,324.40130684671215,6.266041611280385,53.074854027228724,88.96452587859073
1988_120,17.908258853961733,50.604934624623574,271.76351988725577,5.776872797026337,69.06055154774168,87.97627296040764
1988_124,17.48401343863841,45.03929595409945,351.0075180596454,6.983187386295561,63.337051340891684,88.92925389010841
1988_125,14.208901636134797,39.5738845282479,323.0047002732061,5.7470695941499645,59.444961759504,88.8116411542795
1988_139,21.11446041051766,54.48137910912017,309.07017287564173,8.178371001381928,72.85292068385516,89.78719991527527
1988_144,11.368043441133253,35.86588956743713,333.68011323463503,4.2632511318006445,50.676367085866396,88.01484681262338
1988_145,17.94847828434526,47.882348808664645,428.15464161897165,7.11081485844178,72.24861314042204,88.79621190442032
1988_152,12.751007125821626,35.963880758072555,334.63194738316304,4.626101845989039,54.98809024131975,87.75738209350726
1988_153,20.052393077763856,58.78505982274633,672.7008887815961,6.714574666064264,91.96430417457012,88.63841728405087
1988_154,12.264118841374131,37.185447992720924,346.40760912277847,4.549974464675081,52.42497355608121,88.15844928029469
1988_16,18.670763687646154,39.22697227165141,259.4422890024137,7.43584969738627,58.069943903930906,90.3629633366777
1988_19,17.14745099197543,33.187734767927864,164.12150964015194,7.579751381383427,44.08249682732465,90.00257955364927
1988_20,16.768486036803623,46.346784496405846,178.54382231795225,7.583185332890143,55.29659529556523,89.66015789877468
1988_22,15.20846547652726,33.732460253006835,165.5751230545075,6.511201374389479,44.696411176943755,89.43803114890554
1988_26,14.162212643259064,31.148400620607234,247.67284937612686,6.5474847652412596,46.316836971851345,89.37769529429589
1988_30,14.498352080600524,35.452819670314014,197.2093343093044,6.575585272227229,49.72678334220217,89.25058030488225
1988_33,13.933262641138501,31.97190668884134,177.61211114143111,6.2374871686984426,44.0918476436251,88.59858832958827
1988_34,13.923864336660083,34.40753320151164,168.93812534821816,6.37037152337261,45.47766429678174,88.34004337385517
1988_37,13.707479276118871,32.334046007534226,158.95986177711148,6.162614090150106,42.371404390192886,89.14768251849105
1988_38,13.522052594116662,34.83176462955008,191.57144165588892,6.406126354472569,48.23850032968539,88.865860681355
1988_40,17.03993720167415,59.429061698735566,325.4126793448248,6.142065367024973,79.82199635211421,89.36702921272365
1988_41,13.630482772514458,37.30909831708571,201.51737375161017,6.466883374475884,51.460502115373096,88.86159394508017
1988_42,14.263544288220285,35.23474070283181,182.16989029899503,6.093460776527994,47.40591518528672,88.4920204414861
1988_43,13.04259144202985,36.49881409285888,191.44762882621438,6.135661865857294,49.4314966471682,88.39474448138103
1988_47,11.937778953100064,30.67115181405038,207.22493090715744,5.677035670917074,41.09929734227766,88.55194145726095
1988_51,17.209526518424166,42.54202192976175,165.8563432784,7.662106994515999,50.20553017719509,90.09104888212742
1988_60,15.49042325883434,53.464564393892076,312.2385739594579,6.74549626728025,70.26462749064312,88.80642378992013
1988_61,18.181971228457492,49.51402149667596,233.77129055950547,7.336234598631186,58.76954912943965,90.14984828877296
1988_64,17.480126922726473,48.88493347131482,252.46351631561953,6.707705248988389,59.75492118751023,89.98751855868507
1988_65,16.00358382341694,46.013717056823054,376.7060288293995,6.7168912639248965,61.326135165564565,89.44552148533589
1988_66,16.164056939371072,44.51881996467611,287.8966018272648,6.263076804057872,60.546291218084875,88.84288664280321
1988_68,17.477255444913762,42.34920598699701,252.72300983763188,6.843424603232687,59.21298160300299,89.5930449236329
1988_69,19.971732803589866,53.90703669505241,268.9248701517449,7.2172063411912,67.42713385932979,90.71048464319765
1988_73,16.038694711989095,44.58407705621452,388.54098787731266,6.643747768203375,65.57094334640014,88.86485447918089
1988_75,19.918201509514187,57.465672938834516,293.88673554432256,7.358039170028329,74.55447602999146,91.10384622606684
1988_76,14.19722436613668,38.48309287082512,154.9909375360014,6.930843798782498,46.972443515717444,89.80478008506915
1988_77,17.549964616057075,50.23151792055065,424.4052993642638,6.907014004924269,69.03313032468401,89.20317299816713
1988_81,13.507606206179585,36.912165292989606,261.89284400975265,5.368783746950592,51.99568643793633,87.6964816016112
1988_82,16.83540780367792,64.07782972651107,229.7464447252608,6.551861679819988,70.89297545322798,88.92885221475336
1988_83,16.596335414224708,52.49619780820464,231.1533431152675,6.1271218898758235,61.64501344996791,88.88460102880512
1988_84,16.49954671120666,66.82276831078144,228.39938137997203,6.212212998837779,71.40068784496492,88.88955714090234
1988_85,23.510882955366476,80.54541987936712,650.427557352624,6.947749839100743,114.95041209798995,89.35256752845636
1988_86,11.998174316370248,34.772589140268266,155.69368900814717,5.644324663834578,43.11816328441018,86.72352081927698
1988_9,NA,48.770514970065435,224.11920721551226,NA,61.24048654913545,NA
1988_90,13.026040421580287,39.286123306240064,254.5664006963472,4.904981257542977,54.3876834756369,88.05120406211248
1988_92,15.382167298093968,44.02147451284576,316.9701939926063,4.708667254362795,61.05163663310181,87.8070809204827
1988_93,8.437656120212637,28.01959679494835,267.73334346059926,3.7603376029288156,43.55661847716446,85.59534472575656
1988_94,NA,NA,NA,NA,NA,NA
1988_96,16.440572486994927,39.770863721645014,409.09697536113686,6.821171438102929,62.87612749464884,89.80283853514574
1988_97,19.700047481549355,57.10717014145443,351.78281758400453,7.009509972823427,73.56978140327314,88.2074483909456
1988_98,15.355139782156717,38.99631642848788,304.3871016952549,6.582558161432423,55.5607463001217,88.42153820797799
1988_99,17.207182538039085,41.28879333098166,460.2658232462566,6.2251026042383995,64.86204125489496,89.38563529647284
1989_1004,15.906219036962,45.00276980968252,320.0100594371179,5.491855601907573,65.0526370487891,88.7676569901665
1989_1005,10.320990677316683,28.283648819407333,308.0738184834558,4.487052865684525,41.48199172044531,87.18038618700217
1989_1016,20.51862920396067,79.26349443963292,357.03849331211296,6.5802972612857715,99.1071147438896,89.99158591840859
1989_1024,12.73501031081096,36.229340760313946,299.2655521078359,5.096413959456088,53.17563219760126,88.74234551651611
1989_1025,18.342847691534487,50.031592883481956,270.27430700662273,6.668806026722163,65.89656020300792,89.9585898096434
1989_1028,14.021288112960558,39.05297890329727,115.39662769270433,7.145973472829519,39.62649437560341,89.60492757842101
1989_1033,19.554106678760792,69.94940731783953,327.73703209409587,6.6240981625443,88.77361421923132,89.84394706496096
1989_1037,20.11890430804631,67.24648385577981,367.31229293846,6.415077676326897,91.08414381121909,89.6644036318979
1989_1039,17.68056407522309,41.41259606841642,163.37199984936052,8.22401243939746,45.1666119605717,89.99690869816675
1989_1041,19.932501818588896,50.19900290479735,171.63271705602455,8.543348256044794,54.405869744561656,90.73864771485717
1989_1047,24.397147718991548,62.700789568867656,212.61597586192443,8.995728510737862,72.18373794980496,90.74229826515203
1989_1050,19.41745913444693,45.32453639869828,175.63810191015367,8.205992793170466,55.101073077328024,90.3826447485839
1989_1054,21.746328111149715,54.685668077550616,209.2950170915454,8.117154978203192,66.1565293255145,90.44492391622387
1989_1069,18.418818104770793,56.3493658377948,299.37809545863723,6.7510461900823815,75.96253604043767,89.9856254115711
1989_1071,10.93024097207536,28.77747841838317,85.75570835700776,5.877348141103932,31.296577554679864,87.9103627221979
1989_1072,18.679436930361366,47.04947246138555,166.69677114842187,8.051632031014208,51.98901385299733,90.34051064519923
1989_1075,13.601752320603177,39.600283893716636,228.43382266876048,5.006813948179299,50.86542861079473,87.82322950589062
1989_1078,17.275883972484728,78.93788753325131,327.20315865825637,5.8447436784198,88.77457677481193,89.05905418671665
1989_1081,15.252442038004954,39.29766898648991,120.08694572437639,7.928835686311869,41.16388236501164,90.30312264970742
1989_1084,14.360392103897816,50.17752235876338,274.1873612915144,5.476838213380718,63.804530903406025,88.92683302786808
1989_1088,15.410921461887174,46.23866331806879,279.5975976257171,5.467613639534688,60.14710757752482,89.0241283198304
1989_1100,9.624740712383552,26.86809021473293,156.5441180745873,4.47542205119144,37.40205811518892,88.51536883830994
1989_1106,10.387481103593416,29.221504883466093,278.1468775939768,4.085220559689204,43.59426452381925,86.48930525362334
1989_1107,23.202959451892877,61.70347940814399,233.02853836150177,8.228439621591987,74.25291684828078,90.69611389391744
1989_1108,12.49639564688463,36.26692578932152,296.6727940336177,4.677486470011918,52.16809958858278,87.81606393173834
1989_1109,18.440958170171115,40.003149534430136,161.91900225591988,7.786601745942245,49.45472803698782,89.88523920418139
1989_1112,NA,49.160993093429404,170.20563716551567,NA,51.75687979831527,NA
1989_1118,24.74426407809157,72.85626662666941,243.23406607286773,8.527324040141322,83.32006572912412,90.73489838307192
1989_1123,20.115354498958425,50.74428227207807,172.04310324923625,8.945457578245119,52.562124238800955,91.05738381688792
1989_1124,16.472103814418237,39.3054352174763,133.1219878028145,8.073013316968558,44.901895755495445,90.17894671299474
1989_1131,8.742369176269532,26.460763571549986,227.68314844715036,3.923680897608782,41.00362257717446,87.33845103724805
1989_1146,12.860849281285962,36.50954921649892,268.27103427917325,5.1113229663171715,52.402035177433675,86.85973899968445
1989_1147,18.56745192418907,50.13275012506135,153.4835126690158,8.029987886106873,52.22927936886411,90.32633252835902
1989_1149,22.989444537662102,59.90936214492084,205.82508338275122,8.481299709087956,69.34938005296047,90.80481557990743
1989_1155,NA,47.87281054708511,172.41003630714766,NA,51.57602884675445,NA
1989_1156,18.415869152693574,49.89937714091319,152.2752442415104,7.964835149155076,51.96596874076984,90.23012640873785
1989_1161,19.875421004909754,62.78755742251934,294.54094932908055,7.8333775513666755,81.41293732973591,90.35679437664584
1989_1166,18.087094673883144,42.16835675500905,162.8828362574481,8.381511063946204,44.423910674035135,90.16529514041984
1989_1169,7.172199529670024,26.84657257417706,130.9708493332487,3.1397879585469357,34.91958341157617,85.38956941506684
1989_1186,11.305634778008406,35.34563268908491,245.34037158074847,4.396469667404934,51.969861640432235,86.8997199821691
1989_1190,NA,44.769912918594954,142.9750889599856,NA,46.38062548085995,NA
1989_1195,17.97731171910798,45.60436993523166,265.3606739817221,6.935165136241784,61.98857330700565,89.82327339017431
1989_1213,8.84090504362792,30.92462790832771,97.062096289408,4.451799954867347,32.37264230692769,84.06806165337196
1989_1219,19.0949044034609,47.41788990860799,187.9176733714111,7.366888839562121,58.14578635141948,90.41095018386903
1989_1233,9.007469794753632,35.03161514036875,166.85809545176957,3.5308804481879266,45.945514169142946,86.3521558129384
1989_1234,16.368271348456805,52.44558075202352,294.16342069882296,6.023755052545937,67.00776826715213,89.48959222522501
1989_1236,12.200837772208086,46.50731092002182,164.73927211113488,5.953746942340131,49.64407249251994,87.81412959014021
1989_1242,15.756421659846897,48.280866812768764,301.03762522643103,5.920892754014274,62.433525078875704,88.25375563059151
1989_1243,14.966738892180365,33.85528270405309,143.20903619895498,6.551776666558489,42.55551076790819,89.54848108720373
1989_1249,15.847893900356716,52.64085828081919,273.77817184304087,5.554841369781144,67.76278011472326,89.0253763260252
1989_1255,18.069500361112425,53.08373028708412,309.82025971437105,6.252252968839524,68.65719762586923,90.34821989650524
1989_1264,11.529900125951205,38.97845197210864,186.64109206980334,5.808876210061579,44.932483341074345,87.9303550905052
1989_1266,21.44387477605188,63.849542286389386,253.87863845066025,7.759866378243117,78.40356510562692,90.61146121719676
1989_1274,20.959656356914145,77.7851256364003,319.0815239782971,6.910024909508927,96.58992294822409,90.25135686493746
1989_1276,24.197632960654214,55.83005320185492,212.01260555047372,9.885256575669803,67.33136126257503,91.3573046495238
1989_1277,21.386700519272956,93.02862170158132,305.7016055460682,6.4510003075318405,105.66753514693852,90.35943499572736
1989_1285,19.84262097808202,40.58020698740766,184.8846551756253,8.250446667568758,52.40299487810981,90.47398770479793
1989_1291,11.054539481421319,37.971180613497665,275.91897877716633,4.2865657356050795,53.80993163361903,87.306442472945207
1989_1302,16.527001376340102,52.08190191887883,308.5415179051465,5.757429576027837,69.80349013820282,89.66831903833041
1989_1303,17.395319759208768,51.92958976697199,330.0850179915098,6.506682104956719,72.40695891413829,88.63621578591709
1989_1305,25.98714203372997,152.9984325725779,590.3369406823632,6.367926966744092,185.68577455942116,89.9133080473602
1989_1310,11.881572678389183,30.846424669089064,194.35471723808917,4.765663681819802,44.07749630137838,88.95618446306591
1989_1313,10.248288303835286,28.998725085109964,157.79813115346565,4.965482202249736,39.543332045869136,88.88175814245531
1989_1319,13.742176718329581,49.47392087736287,263.8069850016629,4.689909314491349,63.96816989967817,88.10868026898628
1989_1320,17.680775483669002,47.61122349990181,293.02503927478807,5.8095530212026985,67.01736571828633,88.56546502104776
1989_1325,20.207667271187134,85.14665160453367,302.0812758581444,6.458015809735589,97.16767415927197,89.82277797973333
1989_1326,21.382586916910533,58.98498860767928,231.6048074128413,7.615830106608055,72.07384231476736,90.84305746329505
1989_1329,13.722132836238103,38.23650790207528,332.56744850735504,5.076316044911441,57.04620450447222,88.61807461053571
1989_1337,24.121836369780045,53.61138378931771,188.8649238499312,9.874429918049334,62.71599724082139,91.02088735487747
1989_1342,18.72557102693152,47.07217738631999,166.6384062562919,8.069151211631649,52.02695185298414,90.35354741188712
1989_1352,18.841088081954318,48.502484033426,188.30833196148075,7.150139909520904,59.002803659492585,90.27718926792292
1989_1357,11.18875977367708,34.663090444475316,269.4093392935933,4.374272027877599,47.79373532199094,86.74065913906252
1989_1364,13.126299177190798,33.15205564853549,215.53458588577405,5.49739581624295,43.70196418477397,88.5794992277041
1989_1365,18.146656282738086,47.171665368993786,180.49999906669603,7.583827227681238,52.43765694632938,89.08143814059846
1989_1368,16.073165684831693,42.48623551708653,196.6453195382727,6.1334465626752905,55.16606055546151,89.32750644987325
1989_1376,14.27959845457346,42.81888946350856,286.0592578431296,5.133246597254116,57.48433260542983,88.62786953188889
1989_1377,NA,NA,NA,NA,NA,NA
1989_1452,12.139576352849794,43.46914078027369,317.6060733261312,4.706825110503431,62.58989619335605,88.79620347645346
1989_1457,14.946784048537,45.91409842734049,268.0842151233194,6.149642012382663,64.29761344482655,88.44366805242225
1989_1465,13.979087995366054,44.16097409145286,282.3513633164827,5.289880428876758,58.546325294541944,88.58297162502663
1989_789,18.353155639066188,49.45124651838431,160.43373970738975,7.9294532098049215,51.92316902072353,90.20682514591269
1989_798,19.697843897356737,70.45008946989496,273.8887268187152,7.127407905828159,85.75505398450906,90.01303451330195
1989_806,9.845087304447912,30.999130792632542,270.1709350707125,3.714791179526186,45.564748565016856,86.48666287779983
1989_831,NA,49.29750703848032,169.84271021579465,NA,51.77177296934818,NA
1989_841,15.7207203567838,53.066108511997896,275.9578420911332,5.531881425567129,68.34876227711271,89.05760132919877
1989_845,15.037826449417032,39.47684636260086,271.47799722845787,5.975482697860242,55.20229747578294,88.48217157127158
1989_849,15.500662123225428,43.38328029315327,141.40473091336233,6.136041667813323,47.867933434588565,88.05187074938175
1989_854,NA,50.46665097411502,169.3024244439274,NA,52.89003310967534,NA
1989_864,12.750953553283926,39.58193488998415,280.6785524643468,4.760597596486258,53.18721257244562,87.7297201053114
1989_867,23.024376434642157,60.23270011739689,216.13310037669982,8.211957679727238,70.99682492820487,90.6305219567997
1989_869,15.105870120676528,41.68936247307991,298.86001744682505,5.305045380047842,59.562742163790674,88.62678915287246
1989_871,19.614698598008225,60.87695482136118,316.49857071615526,6.540687656232916,82.60418582699029,89.96315817496894
1989_874,17.597473568258003,50.632952247626406,191.02461951938483,6.448281012873656,60.90451770629035,88.94168650482374
1989_878,10.856104080216559,28.467684698966757,152.9900584856636,4.841980584562036,38.56106557918571,88.21086627525241
1989_881,17.015819676487364,63.914389954790835,312.46123931251884,6.411478636521412,78.87441748196613,90.08370762814499
1989_885,15.760641509771343,41.54159379973605,126.45492121819785,7.930845709082818,43.99066942237843,90.1921641812944
1989_888,14.521746069665744,41.53061014556506,263.54819077209345,5.184505738552712,58.32355795686884,88.47169498896345
1989_894,13.402065561491437,46.50637159896602,231.61642568432768,4.584953507694479,60.59386352699048,87.89174103404304
1989_905,11.199340808251463,58.696396476289664,269.9273671878319,4.361102858849957,69.71364917557105,86.24223393051588
1989_920,19.774498424963095,59.84027139369893,249.29566345626898,6.536812127863932,74.13846603344487,89.76053014599674
1989_922,21.04117374434244,65.2769087432803,395.5278762955385,6.732853693150578,92.41798407010096,90.0785372508954
1989_926,13.93859761310344,38.52199034521603,312.6515297615763,4.867502074619219,57.56143354951877,89.1235167324946
1989_928,17.13880493586225,47.990136034126145,140.66479014611053,7.569499308163804,48.65619054149393,89.04082399595485
1989_945,20.784575583237157,53.496242521982325,216.71968805960182,7.374951349979058,66.15727886892313,90.60384003664976
1989_947,15.985171300280758,43.23389360985102,198.93068389595285,6.276279585402831,52.321290964093606,89.81726959117249
1989_948,19.37235113640873,51.082322215850944,163.60627879822874,8.3609210766736215,53.469739161431875,90.57927078737396
1989_964,19.927408753028935,64.84330603903632,333.7249138983375,6.463423583266573,85.72690472175935,89.47332126859942
1989_965,NA,43.029281887215575,140.45605108592872,NA,46.70681755535817,NA
1989_985,19.853924696473136,51.59236183088227,168.63998258394156,8.57614810168999,54.123673687576506,90.74669464377175
1990_100,14.828866719721718,46.02493385257161,363.7431168647598,5.09802233219052,64.48283478952052,87.65988799260877
1990_11,16.260371521722952,44.910039274354574,294.08882800002164,5.977452908843331,61.49415275427708,88.10870777373859
1990_18,10.985624215967496,33.8280066264248,207.51953042905865,4.733749053554272,47.93396196475685,87.56219977780745
1990_19,15.404904653689258,46.17857767950139,347.3742831769413,5.830068626389171,66.72751435549506,89.27391073633905
1990_21,14.846357219207277,37.0954337253051,437.27073432584757,5.988522371197152,58.7275805126726,87.86369105514515
1990_22,18.562989080179303,37.22795141229358,198.28410120791833,7.982967804689882,50.67171057108692,89.77852930124038
1990_24,14.055802200360736,34.44026893447427,388.60694452793416,5.2043733052355465,54.0389989439011,87.66324225237095
1990_25,18.086808725875127,36.06914417020769,251.5042820175455,8.019018610902359,53.09482198030085,90.1680889380419
1990_26,18.446724680621536,33.32090154200385,193.85478690376559,8.200453013022441,46.60878506105638,89.83410583851524
1990_27,13.119615687124904,31.372153333202448,299.0795176929784,5.204267118654755,46.570566574420695,87.19330444123678
1990_29,15.18787010757257,35.41268793344514,199.21646688084817,6.041696325548015,49.03239356321052,89.14260558321277
1990_36,14.477493342945667,37.8995095373299,393.48589155359764,5.39924398203442,58.10165106923529,88.03823587179866
1990_37,15.85198315558685,36.24389014418734,277.578949890383,6.266031306178423,52.86241576528481,88.55943510245376
1990_38,NA,NA,NA,NA,NA,NA
1990_39,NA,35.060774933253136,186.66026522311387,NA,47.712404492665655,NA
1990_47,15.624395651043706,32.5770458537578,251.19407158298742,6.233432774860104,48.657113165955096,89.09932956426087
1990_48,16.440960100559987,39.582142884933944,293.1621093008257,7.218533589107064,54.746355959567836,89.34872630698513
1990_49,16.92091012869904,48.47909802804367,218.4914322248317,6.8990159860041915,56.70317373163548,89.3139899667478
1990_50,16.192749749077233,36.043931045490694,295.4246917343745,7.369969738524059,53.02373679772468,89.52362803119493
1990_61,15.684146404033937,37.03052473884246,316.95943366454645,6.2759822787708694,55.56631294785362,88.70100524012439
1990_62,16.599539856340854,38.8533637474316,311.7465391824109,6.886850423481853,56.40451616773131,88.91654837034804
1990_63,13.433260587476692,27.67577860090319,166.72960287478537,6.952161947392334,39.11346663106337,88.55764111038405
1990_71,18.535115528618107,51.25960605705357,353.8974986334056,6.706907489476376,70.61858103171264,88.48874374351303
1990_72,15.19269428604684,38.4158165461351,312.6927885803565,6.258139321720514,57.66678858660927,88.36935418310571
1990_73,NA,38.509690697790184,400.3867990772722,NA,60.06026450219808,NA
1990_74,14.885614559314755,37.934347926136496,285.0901976321354,6.1723502282695994,54.301312820978175,88.33584738927874
1990_75,13.35323578739324,35.97341274415584,264.41134962345535,5.256268651701002,52.3642227883073,87.93738303169852
1990_79,18.393137436706315,53.71958960472443,360.7112195657964,6.566142995863145,74.72807428277528,88.61634874776155
1990_89,13.392127175518665,39.22293964911955,298.9615238067815,5.997555341132651,55.885887664959775,87.9035751545769
1990_9,15.448933617928795,61.26739689655985,357.5553843488293,4.923742255301421,74.63019818081054,88.1427257856871
1990_90,17.51653585876883,46.25075837497221,383.1839855929662,6.032621031804236,68.94716957233777,88.20102524213426
1990_98,15.007939617152624,43.42025305675861,243.01689659086296,6.04077459743365,59.09675916659683,87.88282606604999
1990_99,6.2929413336800675,27.00785980229712,275.52181646839006,3.3446834537135874,39.738099810647626,84.53602891710918
1991_102,21.102894296463745,51.630136562607866,317.8593274447997,8.662821158133047,64.15194098827702,91.2146278569656
1991_105,18.705561531930655,41.533170739817145,192.37625394759246,8.550463085361043,53.94741869226611,90.2485456738786
1991_108,13.460713170309072,28.601087873528545,320.9315863036445,6.000543949885842,46.75798150360531,89.53282553661857
1991_109,22.375405171492943,56.520311648704485,428.25238788011234,8.068313451006656,77.12241580009288,90.57521634053873
1991_119,18.714998613631643,33.885449536125265,146.45584805961528,9.074467694644053,42.933433186800414,90.61491723888288
1991_120,11.35819575979955,23.41706988777011,190.5669441537131,5.676729653306578,35.17584501057052,88.65933964257076
1991_131,17.63546158420054,32.78978938050233,175.49707545571886,7.925927725301963,44.68936064010346,91.3477532148285
1991_2,6.8913160801164,8.803892093678195,132.75899822302983,5.5394042821999925,14.922431923036779,83.22251970705383
1991_26,21.852802875171967,75.50650233287364,282.647433091382,7.441047686744097,86.87337450571584,90.78165079857504
1991_44,22.889760833270728,56.70625456185667,250.6157771210249,8.30991679788864,72.4357204827236,90.97913640531746
1991_55,20.851306076800437,50.99289664043863,266.3036005548397,8.57027646004594,67.07273502438346,92.02404014914671
1991_56,18.823245155791767,48.46552855617987,275.28667634215753,6.577039937756972,64.26907688986161,89.80658365565924
1991_58,29.710391768828625,61.65072192417354,222.6885689458826,13.529349882851987,72.86722978834948,93.20860797674052
1991_59,24.73462506148819,46.616205640775036,221.04475565732275,10.834247826398697,61.02897199587595,91.99679550762382
1991_63,13.810221191956213,53.3544646418923,255.0855617794336,6.002020055730338,63.20439615191495,86.97470732987532
1991_65,18.10688373834759,55.24496846006025,219.59950424371848,6.9805718529357,66.44836223689222,89.37076869739892
1991_67,20.769736226900072,44.78567529106171,206.30341741007805,8.813333206764462,57.11895129939715,91.24424708640223
1991_68,26.12822584458422,49.3010066566573,182.29595158309615,11.241431258414528,58.824738959043984,91.92842883421936
1991_70,19.70380219495837,55.18639622227522,433.23997864368357,6.6731294847071885,83.13937677111451,89.69715603942967
1991_73,13.230381712374168,44.79844301538305,281.1412369787148,5.4343816608756335,62.98025102187375,88.60929467604169
1991_79,22.70647197277647,41.70083092941494,173.88854882986732,10.58343414634613,52.13707913095481,91.15740880890026
1991_82,18.381065192945353,56.125519123954234,183.0331255278021,6.708433767154574,62.71751028896793,90.21491498835823
1991_84,NA,NA,NA,NA,NA,NA
1991_87,21.823010503785124,70.98889420980315,554.3868447926643,6.846601814913964,90.34170527266389,89.64848858954791
1991_98,16.747775075248,55.41075514487379,323.19086416814685,7.07330175334839,65.08174325049805,89.80558643809378
1992_16,11.417874208396231,29.104972816116437,265.4367256182136,5.522138309626633,42.5365563569222,88.5633442872974
1992_21,11.762543197421914,29.16016033769555,230.63224531093877,5.9617434994018845,41.1003732767319,88.90925802678912
1992_24,15.272969446823653,28.93183051904912,140.87299140894373,7.465671422752491,38.213899914742356,90.94279979180126
1992_27,16.05954788488569,35.818398198111794,161.32112495099346,7.383904779780563,46.051731818533675,90.43558038103654
1992_28,10.368869465909597,22.384785447552296,173.4550856085935,5.758843690854748,31.86386948296422,87.74833403183399
1992_29,13.236948245431378,25.113960561222857,125.88503025592468,7.444389474336221,33.50177692745423,89.73793349406228
1992_30,16.958671011220748,29.016770080247465,133.53437649140045,8.788188272198884,37.58112744731027,91.29273174082732
1992_34,11.441234535978898,28.861922994740933,212.68343026660452,5.314898041462845,40.23236410908609,88.37257579147328
1992_36,9.511511370641673,19.485524394684294,190.28472437767962,4.165133449597977,28.804940609910993,86.99475497543779
1992_40,14.561152013380005,33.33455868814334,135.0580020039808,6.460719123206002,41.22440124354104,90.41728258419207
1992_41,15.04816296960263,34.05775664720666,146.42318039149362,6.577782463287696,43.06544045557758,90.392486241381
1992_43,12.335308399027937,23.608975219836125,122.75189483453983,6.241160847818093,31.861935511758556,89.79042896673727
1992_46,13.320615360964219,26.88123146958701,135.50671260076663,6.558737240749505,35.91942746466055,89.64516501853447
1992_49,12.993969607086614,23.079258382483985,117.21539337532481,6.8016080272138595,30.904980212948807,89.62539618546532
1992_50,13.24019063473515,25.715902339030844,124.71807278337792,6.801100406947762,33.932521728167345,87.92119806266327
1992_6,7.330062422314067,21.893291967756234,193.203814127522,3.6511702529948638,33.75848772558065,86.96892883663963
1992_9,16.441330993308632,26.892741056597885,130.87801693530963,8.822363390094004,35.53160494762505,88.96435642476584
1993_10,22.848349534334943,51.959792226485455,204.2027786669942,9.315433111927568,63.51470389945507,90.24820582274168
1993_11,20.128840115349753,36.62788163433587,174.57528993745552,8.95502449207747,48.04709199341664,89.6947543520066
1993_13,18.8053150238616,38.13305395862398,244.23528971348284,8.665474221031442,52.5609697716706,90.30496279714063
1993_14,18.344767457343163,28.165085217127114,164.99410759575363,9.888331479617733,39.47250303247748,90.29031294703587
1993_15,19.817661625381763,35.54260059472858,172.40371683329533,9.836937612383643,46.901996386816535,90.59563573002252
1993_16,18.824883357398473,36.805091015298615,201.6416668379873,8.839134047334243,49.86018863919689,90.16265432916447
1993_26,15.172120792669322,53.33232303516227,277.60999763463246,5.299536856118049,69.70231311333197,87.90084056740172
1993_6,17.69475279736231,47.0293288049448,280.09198142695436,7.325753032997869,61.68058821717871,88.66178463345412
1993_8,19.101448906134536,35.82051581375224,181.4997927848683,8.687020715420974,47.961995563360425,90.23477948985892
1994_10,10.111783987768499,37.90653296327745,186.70859221715693,4.390862825403126,48.55015645191305,85.58214652086642
1994_105,10.251837178497745,25.424839710887547,272.1812745271892,5.141975608253289,41.39727297363481,88.14212055443116
1994_106,8.295988194662598,32.77077993536576,146.72796339440438,3.972012972427465,39.886340650723,86.0294748717439
1994_109,7.97151458500274,23.354263967920993,217.46713037365348,4.373387372602224,34.228694180904995,86.22945991023202
1994_110,7.134596750922424,32.63359155276294,111.76664458927185,3.0201417876928858,35.94427243585401,84.38604364820348
1994_20,13.140401987487213,44.88880572764907,185.22441809931854,5.239715003189173,54.05266076815533,88.67294165000854
1994_33,20.465496566497414,54.37913247529194,182.10823006748876,7.464869748672785,61.472292737435865,89.76363792602048
1994_36,16.42256434468425,49.36096887675473,137.77896872053321,7.040600447589055,52.07800220343281,87.24542780110569
1994_43,9.60483009042559,28.489539608933907,150.2168158809265,3.941817132430733,37.542883422471405,86.93035475704879
1994_45,17.076935072846243,51.86670637049213,198.02011122699227,6.703178085315942,60.932194621607685,89.2886664154923
1994_55,12.178115968383029,34.50569017227632,172.18249298169974,4.880276975106745,45.97666280664189,87.85293842198844
1994_56,14.347005635731318,36.38315011429249,193.043046572808,6.484721816711193,45.19292260520936,89.80677437859461
1994_73,13.048456275888995,38.78363157634219,222.71410212436473,5.296500009459898,47.4737623555691,89.26934594569477
1994_79,9.558917606384883,28.679703056994377,176.12802860139982,4.015815640437464,37.43476452503806,86.5341667809466
1994_86,9.268203331966625,22.996991137363473,186.20832680064711,4.370315523825488,33.81930162267468,86.86050118063132
1994_87,7.345045393922037,22.48245804501511,164.4089862644031,3.503325720976834,32.82249418834766,84.68847196347127
1994_94,9.798670396408479,28.05403033614038,189.6937382039481,4.879543408398367,37.58946736443995,87.36701690707142
1995_1007,12.36382262222296,29.10309891965426,158.03208845305574,5.434581201822819,39.84884271149985,86.99924065986026
1995_1009,14.241017325251216,37.345335618637804,168.67726448394967,5.627992227940851,46.40745730971126,89.47595230124597
1995_1018,18.962693233941664,31.962451179384246,152.03161107454704,9.486734176639075,41.90082346076767,90.30723259576604
1995_1026,17.626366166077986,53.826038672737326,277.18279215073994,6.581709169815809,65.4857226838642,89.38886684634437
1995_1031,13.693292193291114,34.62056215113224,164.4599805369082,5.715747835851433,43.348148705745245,89.60800649373063
1995_1032,15.423994267747542,38.24997526699947,190.78154957218396,6.341368793071114,51.705009688372066,88.69969854944969
1995_1033,13.299407919999753,29.38657246816581,164.74807459736812,6.413177019804529,40.59962766025007,87.88615911641885
1995_1036,7.89116360956812,31.24986229428911,138.39210531722262,3.1756338998783775,39.94594418118733,83.90756554288973
1995_1041,18.77981765520293,46.442156497212835,229.08488119846078,6.716979165481323,60.37091358461845,89.06780102991983
1995_1045,15.124783428920752,37.668863604282684,159.0949747923094,6.351850121715118,47.324087270844146,89.62868328123255
1995_1048,16.37356613053031,51.71196999950894,275.22552256858955,6.324963105936357,61.416222676567614,88.86977535799093
1995_1053,20.443980007676906,47.567835185649344,171.0619935500014,8.594722296482637,56.11826829209977,91.38066332098866
1995_1054,20.91043778930313,59.302133602611164,219.90212525738255,8.312500194711252,64.8388781195985,90.90552561113066
1995_1069,20.407050339771338,42.272809772516,155.75343576107485,8.759700739953878,50.35868558049761,91.896154335018707
1995_1079,20.296386847468114,62.137371756213454,228.92727657499228,7.662768542127071,71.306986999012,90.57846083101974
1995_1092,23.336244017360315,71.6759202547988,232.41506315086698,7.440720644293737,78.3253492578756,90.70955478273417
1995_1097,14.496280359968763,41.45464493099032,202.30557660087123,5.854319948081368,55.626925256971624,88.15075885768842
1995_1102,25.22805442916856,62.350849550407176,225.61986491643313,9.56542238706995,71.57628458130691,91.55531084272872
1995_1106,19.23601229785314,51.16466046465261,134.39748994942642,7.906473172247739,52.42891941463029,90.26096230295933
1995_1107,22.104902801316694,57.54547188486123,211.79192367406185,8.29844936402921,65.37095068676871,93.02698066468595
1995_1108,18.884867951242096,64.04677929918425,158.59944534997365,6.9556461532243015,64.07750878458967,90.0989176137755
1995_1113,20.226385831683626,52.388731056212464,202.2490224756329,7.662694964749389,62.686787785863686,92.44465029265297
1995_1121,23.939631944315085,69.06959986662041,245.1837398034354,9.21670092842009,79.88731435384322,91.81893658944296
1995_1146,25.51702973768926,81.25020968054957,212.42345012058186,8.233475345759148,82.9518827132737,91.23674914761321
1995_1164,19.40892438059955,49.96587325207509,426.32576832948416,7.051248321564495,71.63856989849836,88.49721638855799
1995_1165,28.264361951154324,86.287943164254,208.78321257433257,10.06532436728036,86.2570187181974,92.00093259483668
1995_1180,17.05978210449017,50.01485697756179,216.95109923664842,5.935416121504051,63.36358455962875,88.51480619793836
1995_1182,18.63422017529732,69.4963611186952,218.49343214848662,6.130931598691966,75.79367831317714,88.81272132477805
1995_1192,13.925094905877497,49.707538178480945,215.17774995583778,4.7833021647097835,62.84267501686512,87.40048496830954
1995_1203,23.544834754359076,78.36568693825998,211.04169529411575,8.081380331057527,81.27716178248083,91.49685221098267
1995_1205,23.495782709579228,88.74860887791567,258.30924081506726,7.56274787496695,90.01120450093067,90.4900898784131
1995_1210,22.389689035060705,82.24281560673056,215.9082673041636,7.107179910023265,84.25252919595017,90.00795875944615
1995_1212,9.515799897807582,38.67203884595312,184.11916047352415,3.331194805889156,50.71189245759898,83.94667643181178
1995_1220,24.30901626947492,81.4363867262711,302.10084272773105,8.604172608279637,81.39813254422295,90.97943243948866
1995_1226,8.98435710840259,39.432534911059975,184.63943804378258,3.07983939174976,51.4126623624118,83.29085263283005
1995_1230,14.713763123628574,83.21120312916229,238.58647645899205,5.698387509810878,83.20470992585328,89.32735215916757
1995_1232,28.331464578327274,82.04140704793414,208.9502452315303,10.80554801565857,82.8015952310263,92.17393406129845
1995_1235,10.67624303601091,75.5316000536667,218.63081998590985,4.093879641768228,78.38577450647972,88.07469062652383
1995_1241,21.109936107757086,81.84695954878987,224.2966804721038,6.950537867448606,82.32484507622056,90.85743760583483
1995_1250,13.05112467778643,73.32329205363335,249.88531469901073,4.324703433054722,77.33686566548,86.0263045889465
1995_1255,22.38859145160851,77.76054504270991,205.72510970777466,7.376640613220883,79.96077726954874,89.48148974521028
1995_1267,19.165588797806905,41.79651379730677,243.10593793773563,7.608062898955955,57.139564047389115,89.01344609184804
1995_1271,18.382323553926163,89.06198870200558,212.65142824283203,5.314973743422275,89.01496832710185,86.88305267950912
1995_1276,17.34016811188486,54.65859769363996,327.9479274824996,6.899624844580925,68.38229607540285,88.80111304740014
1995_1315,NA,NA,NA,NA,NA,NA
1995_1317,32.63655873937098,95.9745993288169,224.72292211070024,11.150052130328673,95.90632311410178,92.77822869646731
1995_1322,17.13446889367878,52.11942105280391,303.55598515692014,7.578261960193085,65.13784827326721,88.29676720654011
1995_1327,14.06677832620774,34.61378210663471,236.9286336803832,5.484448442690381,47.676380075663616,87.5485751714544
1995_1397,17.773072388144527,50.947086885152515,323.1449655718986,7.774910695030278,63.487770200310564,88.6657282008669
1995_1399,22.556203448829805,78.77008672334942,222.1731529375323,7.735972368659289,80.36583283326999,90.85012108896576
1995_1400,NA,NA,NA,NA,NA,NA
1995_1403,14.850915546282522,43.21106203126534,211.25548107737336,5.339236427037142,56.78428428631261,87.80583785483006
1995_1404,29.134895034148553,89.40908377545037,245.84671996893354,9.986118903634683,91.25169187086675,92.21373092636208
1995_1405,13.186285417108706,36.43282110208091,155.20669316723703,4.52157490443251,43.89107063074556,88.01327073101581
1995_1406,21.138656922636613,55.64212693257345,199.6475412475247,7.9235209764891525,64.45602925237046,91.07874124415929
1995_1407,19.06170967078812,45.32317416606668,187.57007377373105,8.067818653522565,53.6025571425648,91.25950000046925
1995_1408,18.885032087309213,43.836429150900116,179.81565495289001,7.767861490897826,52.45203413328383,91.3509635445267
1995_1409,17.04062615769261,50.86322267349083,202.0851192584261,6.5771951536098685,59.839592635240635,88.56972629172932
1995_1410,12.553333000485345,31.538228409866754,169.4251292694082,5.466276479787401,41.40720196564003,88.98888900448196
1995_1412,19.34741831153841,48.68903220327406,198.75977063198457,7.048388739206863,59.81413327527198,89.26224153847198
1995_1414,9.51864581137248,34.718636910867055,163.33986013307293,5.352495198327966,43.36643226839894,87.62675648596341
1995_1415,16.484660792894577,39.38995141201443,200.64740649066547,7.060979197342086,52.54019416157946,88.96055789037155
1995_1416,NA,35.05769393789903,226.11267628211453,NA,47.990225676402765,NA
1995_1417,7.873556989258637,20.52449167704812,173.70778152283657,4.432140568806962,31.2882469764931,86.28120172395646
1995_1418,11.237213582989309,16.664686675820327,225.33124151241248,6.24972132391898,27.19332952284828,87.8390076494556
1995_1419,14.066455407990757,31.167605151995403,209.7688261631815,6.0211553778729225,43.0822222731895,88.33488435923555
1995_1420,16.135525989621406,39.72556217275347,234.09043461535475,6.204789930998235,53.34812779892063,88.56682966768528
1995_779,17.913031534145166,49.91094469741321,228.76811589948463,7.468941952626692,64.59051917291671,88.84398159561488
1995_807,16.425157445249503,43.96365712776752,222.0403335625286,6.80010028334809,58.81375557448183,88.25534550117654
1995_821,16.25248201187034,30.24639286345218,186.29502179840492,7.3257814830569385,42.38898967882808,88.67537651958665
1995_824,11.620815204440955,23.85628716561032,184.86512194931984,5.630645566797792,36.068185377719196,87.09748730744109
1995_848,12.897561377491273,30.266200767957145,191.65037463362674,6.626027713183964,43.39551014002021,88.22620832194872
1995_860,13.140975674026512,24.485029333560796,166.6847592946607,7.110784558220093,35.812881893323265,88.45199724521592
1995_869,10.465069979995995,17.48468337102928,191.54726250061194,5.992336020259233,28.464697898452048,87.17837145754062
1995_886,11.625846469162758,41.503994811712545,215.22790644469424,4.808312021269873,55.44935962579636,87.15843814956943
1995_902,NA,43.545832837167104,193.10679279160456,NA,55.693687759930484,NA
1995_906,14.787228702009795,47.95866392909575,218.9152372416054,5.666339033565582,59.77896186944366,88.45334661065016
1995_918,12.737039172485188,27.146602254615914,210.76178710966502,5.747507258583804,39.7729983154796,87.91690575993849
1995_948,14.058986939518196,25.91611357832165,152.8699924522729,7.182620474101659,35.85693499725275,88.0187056601394
1995_953,14.017184072731645,36.52418953835506,221.16235208968678,6.296891847725987,51.700607722965174,88.74728403612097
1995_955,14.849971708473953,40.62160347675441,216.08017983349507,5.841512123958072,51.92305560946811,88.22823323132782
1995_967,15.065198609704161,33.33637099262126,189.6388640324983,7.20875361154201,46.31601737866996,88.0952104448015
1995_968,13.182864921134394,32.24156106746014,221.0356380500897,5.401518117880487,45.296176532753606,87.77286560558129
1995_983,8.164955928616344,27.9739286127621,136.84077480610634,3.547579676127373,36.9751646235087,86.62130230160278
1995_988,16.41434339259197,30.20457118756502,161.10129782256993,7.716717542114811,41.120393264810275,87.55359157736001
1995_995,14.719206901147569,37.986753236262835,179.19985730677325,5.773017050488713,48.65731840582856,88.62271755638434
1995_996,16.616964834193848,37.837229773354025,201.43218420873924,7.29844435431351,51.77820961012672,89.24269129174984
1996_357,21.1482919214974,65.51093585643017,248.887014519542,7.165812139976484,79.01798583226821,91.25166355007926
1996_359,23.7059208218429,78.74922346076264,254.10464328130382,8.051942359097982,88.74293199124988,91.33454480839683
1996_364,23.821250324623072,78.23552703347994,243.13512227960948,7.572217101048285,86.71192213756196,91.33427913078393
1996_383,18.08790456243876,45.221394909740546,218.1229622477756,7.070338498095024,58.7548995627277,91.07154802876204
1996_388,21.129614328899695,51.33764753918248,233.23245321009747,8.621888603094476,66.1287315859198,91.41567618192263
1996_391,13.940594707252854,26.609544984031558,126.22512079807338,7.239411561549093,34.45694244730871,88.56914063403232
1996_394,12.903913136939526,33.590334302860356,129.03379292372148,5.7404982615809,40.69382985509306,89.94471592568235
1996_396,16.880904915101475,44.05736314519269,225.6378968201735,5.783047579401802,59.063700996268764,90.15134992555464
1996_411,8.205503124403894,21.603391584433346,263.72338762448646,4.698386380103242,34.28795078860647,86.16224939602597
1996_414,13.064871370564745,26.831260281398897,131.80647412162196,6.6160857332418574,35.28140026763366,88.0571392596918
1996_427,13.172920745473757,27.25773150920545,316.2732964620019,5.794989266273772,43.23657926299934,88.35990110483715
1996_429,13.41601766252256,40.40210111942391,350.7779781274885,6.133474632438847,58.79209901993414,88.70247664742786
1996_431,15.11016634729042,30.217230331812498,86.13513507118199,8.075165352351492,32.19524657461625,89.91347049884244
1996_437,9.673777836716539,18.511435187413596,123.03802011448019,5.604203531933104,26.785742035224317,87.13850958678785
1996_438,11.057329651984467,32.60917410324231,221.92703544105134,4.6713732962188805,43.19660860095236,88.92073811478745
1996_442,10.526359397273547,16.3237440626357,97.27892136652135,6.819669153482992,22.996529338923228,87.1355486934654
1996_445,20.758077494039597,46.564428257357804,135.8789681211427,9.68845167575024,50.155279956593375,90.09464871762447
1996_451,6.5799517681399,13.010750777370367,88.11750069649084,4.242980400693159,18.996089746710474,82.58355547656205
1996_454,14.43840970595292,42.84155129919224,194.09387881824154,6.07325918881342,49.79741102079814,87.92647017041102
1996_459,14.438654709931988,21.496149493200342,122.79444837829251,8.365518791675177,29.903403460133994,88.70334839293253
1996_460,18.547664315224726,28.25759594585056,135.05512579203054,9.958823579478972,37.10544287316654,89.88119825491687
1996_464,19.12688020304296,41.81889182208514,153.5594283948518,8.023603763538706,47.83639105638472,90.33284193329318
1996_469,16.18607260956739,44.46336206513496,127.29071309158866,7.252911152531508,47.46967374367049,89.46830453890577
1996_472,16.031674056440643,41.999684176993895,308.6448869655839,6.460507909454804,54.694064516517045,90.27327452519418
1996_487,13.74751825572569,34.0235956052125,230.4269212352376,7.094558418728955,45.79288021922967,89.28428678927611
1996_490,15.231687760619256,37.36008017033374,244.8552949502403,7.6351726354928715,49.48122911104485,89.95895498681881
1996_493,12.923987548690832,28.690654510616483,244.46299824529086,6.3523236854784155,41.23467971457901,88.86446616539673
1996_494,14.582146752268205,45.855221555761965,184.850579413439,5.913329849552986,51.568861502745904,88.74208425331601
1996_498,NA,41.34958259447855,137.8224538656907,NA,47.25491362382883,NA
1996_499,24.834491262006534,42.81381279239489,137.0973555447695,12.428216925330362,48.08597284741839,91.24238457309926
1996_507,25.24101211824775,48.80773688117739,156.1843581364566,12.08590058383602,54.80146546054709,91.99925788043885
1996_511,21.767236901411565,41.86564002904189,135.76110939305417,10.49139527650021,47.2804344071629,90.59550624142389
1996_513,26.568741595909902,51.392887436758606,157.36413511660675,12.245016674293023,56.585511108632446,92.14073478912056
1996_517,16.173509150541495,45.47516383887524,217.02229296654332,6.399190074400349,52.562451694106386,88.43088192062102
1996_519,27.127029925220135,52.41479455730749,155.90716134845195,12.402292609665503,56.95758137497731,92.31249854738518
1996_525,16.950525848971306,42.62493322454276,116.83265277323022,8.164860021775239,43.53178887339833,89.70861405703022
1996_526,NA,NA,NA,NA,NA,NA
1996_528,23.335988403265997,58.71285696765722,270.05810906503166,9.53327042716721,66.40342919227069,91.20551462218836
1996_529,18.539123546864413,47.69116071038416,244.17094411319195,7.86875551318508,53.11720777302132,89.60101146674917
1996_532,20.42373855829815,59.33502683921916,181.76980849168746,8.432632023189868,63.92039115057492,90.80987036310906
1996_537,23.899731953975095,49.74329298695469,142.6781595796152,11.027079079835328,53.15536825524682,91.31325729830861
1996_540,25.60145316826723,53.6357197165523,144.11100595125825,11.636251454008356,55.56719271824102,91.9594624801919
1996_544,19.901864255571674,51.8869927238092,147.98776829296077,9.589751747677134,55.298477691804216,90.71829101631239
1996_549,29.117516137675807,62.62071171111951,159.01766273849424,12.831195933260028,63.10995030518877,92.52419465313722
1996_551,18.292337535080385,50.26555043287037,145.12220984247693,8.776598471404409,53.8743657299879,90.40586966856056
1996_558,17.41212165418581,42.1603680963415,134.5577637965043,8.679739292666751,46.43622200383518,90.26216214250672
1996_561,19.609748760875927,56.40676754555351,166.9927965494122,7.8647116995888116,61.161771935585605,90.41029818969602
1996_562,29.912626233747236,81.77043133136132,192.10150407747665,12.225658031231852,81.71425044383194,92.45202193761355
1996_564,24.994774507251677,69.70728357317094,182.18657305343078,10.233572919766244,71.25464695982471,91.05925252424572
1996_568,20.49282560398874,56.31910588187152,160.18066668577353,9.51015473117858,59.94219785839125,91.07497657370729
1996_569,18.79412394343499,51.77024532621407,143.09927459912802,8.189009069966158,54.36413227357956,90.54910310505736
1996_575,16.99215861506835,48.627104966099985,215.90202332305108,7.085162479586717,55.81394509556105,90.09136400841871
1996_579,32.34718357201121,85.38978149727876,193.49162362375074,13.545632144342935,85.29768996274228,92.71519198605063
1996_580,18.535999213533863,48.82472421261102,138.28255545512002,8.604486890985918,51.864925922276726,90.36520920976817
1996_582,29.409394456660888,65.2655781354925,161.51455692200176,12.34001886782976,65.26937919500625,92.21993022709604
1996_583,19.579851997489698,53.19792426359005,147.67688482844673,8.556300447930088,55.97686665284937,90.69853382785416
1996_584,18.502949106574764,57.286939197285825,158.82262107050826,6.783212870576314,60.24554200526814,90.49396857531713
1996_585,24.683700848794924,67.67132110749839,194.03311638147193,10.482265614157239,72.29962168257602,91.68779027680202
1996_586,22.14521413876952,60.216669426395825,179.90941998175666,9.16814561668145,65.56424381119635,91.02133252739765
1996_587,18.98820602218133,51.922489522199285,142.5621905461347,8.879658695488807,54.352849056462134,90.64731110186595
1996_588,34.279497810371,96.51792806635994,203.28555592058333,13.207021596815114,96.33866639979549,93.19819662001531
1996_590,29.352277227436534,86.39836380719869,246.5371381882225,9.358853144610105,89.44237150567491,90.7972291982223
1996_596,23.957185664357425,79.4329529978465,242.61762294682026,7.502137617706573,86.62609090120006,89.83971278482646
1996_597,25.52967219708044,84.6782860311467,224.8481596714029,9.202747406918645,85.51719682266359,90.35441968363206
1996_598,32.13418886977318,85.19662924044422,250.9688517748704,11.09564251388536,88.321557436553,92.41047218078737
1996_600,22.58666836972464,64.434450785511,250.0266678589962,8.101336596719927,76.4760346016151,90.16961523420181
1996_602,30.83462258025382,102.34103144718125,229.70244378923638,11.644426139360332,102.19121037379982,91.77328818582038
1996_604,20.2107037974074,55.48370473614649,170.39871995355566,8.765062809363517,61.16957541612132,90.25060161634251
1996_605,27.804834280866583,83.649553634183,194.94478718662046,11.137308846633335,83.58489711528674,92.31093985394654
1996_614,31.577073626759184,91.88182529389753,202.9491477679988,12.386324634072832,91.75800078486569,92.74514232132441
1996_615,22.499167677027348,80.2564643555134,196.691184630514,7.209454146454061,80.23877432105313,89.78836574298047
1996_616,20.05751529395954,86.44091874376836,263.4797693950262,6.921166775673776,90.34459115511544,89.47226942104844
1996_622,18.242148371274908,57.70038747416717,245.46960083538573,7.893491706411076,64.76702901489219,90.62764058423323
1996_625,21.661731911239947,56.21125342536538,136.20780572856734,10.043947871464031,56.18955121577936,91.44396708703476
1996_627,29.099962933540755,91.49372801602878,199.5273762329103,9.48662442749831,91.35771487414823,90.77796462570983
1996_628,23.601004480773245,94.82107164500138,233.9186103222829,7.452183534200344,94.75087294967537,89.8203516321662
1996_630,15.262684422910201,50.493571900447705,245.95008474974225,5.318242115102395,61.065735363144725,88.27002849625198
1996_635,34.65551491858939,108.45414766867711,233.89088189524614,12.848130630794628,108.23451168675926,92.30268297241594
1996_639,34.78045699040605,108.60176498635471,232.80545280655434,12.922855869959458,108.37794353739253,93.17141013648508
1996_640,33.3694879398369,86.52414945149363,192.17282747640132,13.346822591848685,86.4120418571595,92.99129883156883
1996_644,32.9641819790243,85.13934744298354,190.82668443606127,12.865467365869215,85.03729263446756,93.04252581912937
1996_646,27.1454619922361,91.70791616935678,300.58818336112387,9.858578394678887,95.39785824728547,91.07325813314442
1996_650,33.16790769272969,93.92128066060332,200.34902191926642,12.937931901439036,93.7594748879878,92.72939452262919
1996_651,23.334188997911614,63.301797638882206,183.13510794237146,9.209497398174369,63.94500189244489,91.41845780764686
1996_652,25.258095329028713,62.74639721886204,165.72545817249053,10.842133563351068,64.46638376612059,92.01351138537211
1996_654,31.741849597417634,86.20297676978305,195.01191787013795,12.954173092124508,86.10856253874505,92.79392414332634
1996_656,28.932890017948715,70.82030202974413,177.23453433167506,12.201660609117903,70.86703542861238,92.88084434061362
1996_657,20.43457983424485,63.37199272304384,201.94432351038984,8.463406705840338,66.3994847585486,90.62770510282351
1996_659,22.268139928599723,59.76247791824886,203.02988006193374,8.487720998215467,65.53944260484812,91.31754198199077
1996_660,31.36737791751903,86.7715256954884,193.6549984408295,12.643202048510766,86.66371274188333,92.73162263193495
1996_665,22.798439662099515,65.82775261967241,178.8755372207179,9.674660256429327,68.56940006135954,91.0511475757605
1996_667,24.423590069268236,70.9568334316026,186.10442776756364,10.289353825455617,72.65635963931845,91.71469921062973
1996_668,18.993502106377765,68.5288084706958,235.40762089439917,6.672018075183238,74.68186060954051,89.76102710681769
1996_670,26.828508274995023,65.08914831671517,168.79008762331233,11.974789126644172,66.27977091781582,93.11451567925087
1996_671,22.554362932253476,69.87130688280797,194.1571072980233,7.7089286756202995,73.56079750723984,90.11177402444744
1996_674,20.034282193357633,62.99901340952515,175.47305832046845,7.04381989293217,66.3995542404878,89.20270901620955
1996_675,19.810338652842717,62.931343291048826,240.58106904788855,7.671947980635558,73.26646039569837,89.86108014782985
1996_678,19.09942038845996,45.550312371540045,149.13252283407198,9.421224021842589,51.654009040204606,90.59052503865162
1996_683,20.75113348481977,55.05527873513114,155.54305322359386,9.137990217220683,58.41584145723994,91.69365872642972
1996_715,19.909692217557986,66.3915778047369,231.38368481468513,8.085639522673352,70.72753183134796,89.92261399287264
1996_716,19.53480660852584,65.48660676307215,289.06499762881595,6.8735232834643405,74.74490994729152,89.58271062970333
1996_717,29.642428561786417,104.12982751794323,260.58514037374016,9.468223775486043,104.28683245119521,91.47862540971963
1996_719,18.55165854823469,100.49229492156391,269.08654050476343,6.029504103436265,101.21344543478045,88.00466553833567
1996_720,22.80837060543467,71.47849845743288,268.0328133020787,7.558077487726969,81.95351619716463,89.80114789904322
1996_723,8.172568231915617,36.93036768173638,150.95533880877792,3.226264927602691,41.43926089288683,84.35131132843522
1996_725,20.54358965352022,43.02934612353894,287.3467324591464,7.653615705762141,61.23350968468551,90.86283245889472
1996_727,10.672884447240623,35.635778148277765,250.71068333011272,4.494607021962147,51.30753823565674,87.6684639261058
1997_338,15.758704501121832,32.450542142412566,155.8689180174216,8.332756640610738,41.393873780646004,89.63851137705937
1997_431,3.558460463219284,11.070669309150004,170.68904706283334,2.7249291109517477,18.890732809069377,80.00846010435018
1998_561,24.26461314436169,60.84822795631351,222.38818504558367,9.150073730254574,72.26119398486969,90.8956107586316
1998_566,28.036961670081986,103.54160251214347,274.00305013752575,8.659993867839859,105.11243659344984,90.74137536128408
1998_578,28.270009008718286,98.27973157615524,256.49785760107835,8.66015070885277,100.39253600214518,90.81691731127563
1998_581,24.337962708371222,81.0636074066961,237.44670457111036,7.865295146768784,87.47092654379489,90.30218951685478
1998_583,22.839709215317846,94.2957275410978,290.47277862567717,8.438702734303808,97.23425008732738,90.43682642862905
1998_588,20.892865138123803,90.86117031882551,287.7223241398852,8.242560421002263,95.30401152768876,90.5066597688221
1998_593,23.356994878584324,74.61835706080585,242.61042966260493,7.336528186764609,84.36531088054073,90.10645403498641
1998_595,19.397012239091985,78.46007303192235,280.8344312208453,7.365554211736692,87.22108906547282,90.13360013406616
1998_597,16.906223625242113,61.6279152728366,268.8270366253209,6.432878500250311,74.49889583068784,89.62414210789132
1998_605,20.71630898641842,64.16408101785214,258.1195640945936,7.403537317440687,79.14288273013182,90.02733509458916
1998_610,19.323969313649823,62.84695857956373,225.68344975393265,6.309348473823882,74.10361427818422,88.64775182419393
1998_612,26.426782775853635,91.19657298904966,256.69067291870135,8.02351623503152,96.59577766255586,90.60745609421747
1998_613,21.003741064060662,74.55262509068412,254.91258588634687,8.28706877479734,83.53447974495926,90.06913292016856
1998_618,23.427560370118155,98.61247650753992,286.3605972097186,8.111162596999733,101.57140264603738,89.90602717147054
1998_619,19.850520165286923,82.73705316331855,258.3788324545899,6.079797949250521,91.32328843462348,88.69091562638819
1998_625,19.08914967789649,62.45762119574235,221.60322695651269,6.242944452884982,73.27947766947712,88.56709807601565
1998_650,15.640817643763897,50.91938515820742,232.0788679360651,5.160211450431197,65.55782349399416,87.82349570419073
1998_651,18.016108119552616,68.829498940908593,379.9795866002895,6.2444901559837005,83.68910350711684,89.54429453750518
1998_660,16.46196037908818,51.018444237170286,403.4681653187122,5.667289862423897,65.34414942194508,89.72557771164287
1998_663,12.194431125702323,31.93192773742854,269.7847592658225,5.2959584665864305,46.933305993376734,89.47659065754868
1998_668,22.928690354082946,41.40297170933266,200.3249969568925,9.897876304620894,54.59528986852945,91.09774809764758
1998_674,17.661792132966472,50.694568769042476,398.80231018958966,6.323476717553375,65.66362017365421,90.03634191252725
1998_675,12.068061304185406,31.78347621355595,281.5135529811518,4.957088663930288,46.00840692659072,88.11574579118776
1998_695,21.96169430814953,72.72908073926699,338.6526091186253,7.345563709964349,87.64284859357592,90.89545924016473
1998_698,21.17742555764578,70.18939400126719,342.4120983447566,7.111348260990921,85.72132504862087,90.63486416079502
1998_714,8.671660271962283,25.635668311285144,105.72679705006817,4.078180995317485,31.919564134667393,87.61239522288007
1998_722,0.44747348367944323,2.1933146807822967,79.42447586893626,1.129470342045528,4.103127451700038,67.71556118278986
1998_732,15.839790479122033,59.27680163542103,165.698594856594,5.363265614266008,62.57884171897203,90.23452304103446
1998_737,14.740194912847972,40.18653294395848,112.7229018345728,6.510224927328634,41.38755087628547,89.27862305729516
1998_741,16.793011962359593,49.402872701499874,284.0817163019555,6.113970128827047,64.47284135189396,88.9831682804385
1998_745,4.612980553081589,14.829279205368003,112.95251564732911,2.6808129305433646,22.322007838397777,84.14192182568063
1998_746,9.266177625622323,19.720161827907773,188.70423235501318,4.466431192213836,31.26449872168741,86.06698109133629
1998_845,12.867808153783335,22.931182537694703,355.4788446003645,7.0872720439518275,38.15743715051365,84.06496244657626
1998_851,12.410046834039653,34.03895926559297,399.6076975722367,4.892220976564659,52.973668741962946,86.37984924729602
1998_853,10.057969239900496,34.62172133264333,284.08978042961826,4.95202016268491,49.45253965889201,85.84076318031883
1998_854,NA,NA,NA,NA,NA,NA
1998_855,18.280087144697653,58.90776449378922,426.2613692694336,6.420914214768523,77.70609115073981,89.30226893577215
1998_858,NA,NA,NA,NA,NA,NA
1998_859,19.049727876909056,53.81245908720095,290.7772893484706,7.889830121284197,73.58161570684369,90.2179849143756
1998_860,15.166042107951274,37.18490869577056,182.27781111348006,6.63679346458409,47.348247424346795,89.42725364547907
1998_862,NA,NA,NA,NA,NA,NA
1998_865,17.630192453664783,45.076265229313925,341.8479706772073,6.594937892806569,57.51447123750446,90.10150850555138
1998_866,16.380501161703254,45.56851197177479,274.45630019211734,6.370168612061045,62.087004695214915,89.4508495138457
1998_867,16.27858225359178,58.36590292393774,276.03058989445054,5.896730318622002,74.27246803318118,89.39419609599244
1998_868,16.081479414715975,45.004732685785775,272.15409216206683,6.117498632909297,61.26859108725296,89.17512927342023
1998_869,4.71006926241764,29.84773238821764,204.7470734648011,1.811659333758324,42.03508112283288,80.77175048664691
1998_870,17.129628712126216,58.53992712196118,249.78755836896556,6.5827014870714775,69.09550311954507,90.11018008816714
1998_871,NA,NA,NA,NA,NA,NA
1998_872,11.238961363880211,38.184001999222446,263.1832426195594,4.6694563381085326,52.36781676887598,87.45644494884539
1998_873,14.820992368605056,47.31970154003471,264.61307374616155,5.453284748729557,61.219178481478124,88.35530172585985
1998_874,11.357592544205966,33.44326172671336,272.1531691951715,5.022404578482533,48.85170257719976,88.09663737532311
1998_875,NA,NA,NA,NA,NA,NA
1998_879,16.42444671559913,70.25990218219056,258.0908035074307,5.597376962062196,80.60737622174946,88.01026867070689
1998_880,15.161145810298946,71.2658226385561,253.3320454927537,5.391314448504123,81.58109578744782,87.20968702346312
1998_881,19.60959843761625,77.20098650574593,302.0190563829553,6.742027846394631,89.72593131888186,90.01396425473409
1998_882,21.305964065812777,82.79390518107192,265.2535676559884,6.46076079825438,90.30780422875158,90.03260195161482
1998_883,15.574677541298529,40.24947976435657,328.84216262589894,6.608020971057854,59.00891119012893,89.24867546653998
1998_884,22.89263908094031,94.97474016505042,285.5931325713787,7.324625213268,98.78897849939047,89.5702030878227
1998_885,12.864693493626156,46.451231164222975,284.3261472663839,5.274239036449265,61.526205956070946,88.929889216706
1998_888,NA,NA,NA,NA,NA,NA
1998_889,18.361771755944165,62.910447182859656,274.30461016116146,6.743969841414951,76.96485923817181,89.69751070651448
1998_890,20.331048579555826,69.08097889183917,266.65322798993634,6.824955816816026,80.47177260561104,89.67372287848775
1998_891,20.855797524070056,72.64494302195232,262.1263028050663,7.180782791969065,81.39000372944795,89.63848852658882
1998_892,19.665059007027793,73.5838458237538,266.9529663305228,7.309958562813255,83.01000774380523,90.11380756525512
1998_893,22.69968148938882,85.8829079279926,281.8909402676652,7.459434728127443,92.5160833230897,89.66591943010589
1998_894,16.63656825910163,66.03506125754018,250.12705121076652,5.6287819932119,76.1610869657788,88.6781506602566
1998_895,19.26839012152001,72.0509682248382,266.3533779076646,7.388649552191787,81.4370889209221,90.26795838337205
1998_896,20.306858649484482,70.66627047897532,272.5648078154175,7.157444749542535,81.71034407850024,89.53181752796921
1998_899,21.97898959332671,81.97527159027443,274.89696655863906,7.606500051982841,89.78068825954877,90.619593369176485
1998_901,13.981408430629914,50.867771021376065,262.19816192885474,5.0376941645596,64.15506982458047,89.00888210237582
1999_376,NA,NA,NA,NA,NA,NA
1999_386,8.96611073596987,27.27816058885261,141.87791217150271,3.943372812447158,36.47874304301091,83.10297846708146
1999_389,16.48362037134023,30.27320354304095,160.92853044092098,7.610813847747191,41.169138348953524,89.59142489583417
1999_390,18.2689370599252,52.67758094153129,256.99484121956476,7.8433658176760535,66.90278637017491,88.88226023352595
1999_391,16.469471391430115,35.055225340020925,174.8764075965101,7.711255176943951,46.69705437686741,90.25046787155463
1999_406,16.20734055525556,45.066109314644194,208.6699799500185,7.023042836844631,57.590597872701586,89.60391473843445
1999_429,17.270853801580085,39.33429784720018,217.81601697921406,6.818945102881004,54.18644508026926,89.66052479519706
1999_430,11.266526775781031,35.01240675789668,186.6800434645602,4.862318871568196,47.67216615404691,86.6948789341722
1999_432,23.998283265913102,45.798224884121,330.0669805096353,11.229678131718222,68.00598048795497,89.24043484884783
1999_433,24.480005708784855,41.63630357441696,156.6344608837693,12.00428891756569,46.91490675736585,90.83172470212382
1999_434,19.469919687542053,39.840783507229034,194.47736892422762,7.99557378691049,46.65475807879824,90.91276511227728
1999_435,18.707099144774116,40.265191789488206,185.43548437472978,7.840254586463742,52.1948720383062,90.85066355758664
1999_437,17.068639789298803,43.33008612869976,253.69016754306716,6.827608258469554,59.43025073566817,89.00647353745065
1999_444,16.134875914645857,42.49360576005742,172.18293478275973,7.426595895167031,46.99350118172644,89.71397000522826
1999_453,10.238291735974048,39.20691574910715,137.20450164368387,4.7319714647528315,45.23766598697083,87.29133701797491
1999_455,15.425313408296356,32.43089840138643,197.17460971294716,7.779983537549095,45.754811593285545,88.33456889181764
1999_465,17.482374659257413,39.39922586031622,173.03462112819838,7.469900534432415,48.88811279827755,89.6338572445687
1999_698,12.92906397907485,30.471584695408417,184.8543668370566,5.792613989058699,42.08788193546599,88.6025875672088
1999_700,NA,29.711758785362534,208.00380320586194,NA,43.57779733319155,NA
1999_702,17.28971643083667,38.33607490003008,229.18065854611868,7.315221758058838,54.063526744669154,87.70686715466061
1999_705,17.239217354276274,47.91112604141075,257.5442244898075,6.750122224885658,62.48947285485205,88.55676206728502
1999_706,NA,NA,NA,NA,NA,NA
1999_712,11.46276053582218,38.99690721760736,195.20925102554395,4.150865200955156,52.01583561616289,85.66967646713546
1999_714,10.078161808769138,29.318640144122703,185.20313865569972,4.374175776031825,42.01072619352881,86.22529491780557
2000_335,14.19894070724347,38.561825933642396,226.39890421875094,6.123280605816474,54.08736366175451,89.09722906624837
2000_367,NA,NA,NA,NA,NA,NA
2000_371,15.642453192340723,35.526016255684176,250.13324608930094,6.05007494829093,51.75876189539812,88.9269386609574
2000_386,15.691526276132794,39.46722943178319,233.57451879324256,5.818399480184491,54.40599685885756,88.83211957107318
2000_532,3.245707074757221,7.030293861423806,17.93286651884058,3.7193872319639167,7.101001855467678,85.42341404042003
2000_538,NA,NA,NA,NA,NA,NA
2000_539,NA,NA,NA,NA,NA,NA
2000_540,12.66234548762946,38.36211030534994,291.93441280751153,5.662537018605621,54.73149793023346,88.28918968236864
2000_542,12.366994967477343,33.905662715457694,237.41978375508174,4.911216324498735,49.22167862901008,87.75956432546164
2000_543,NA,NA,NA,NA,NA,NA
2001_265,7.5306168696518805,36.26991123179574,162.7734195240861,3.9011328493936217,44.89294229990086,85.02287992486461
2001_284,10.628287180782724,41.53794028174504,208.90345471367323,4.3616055539493574,56.02281534912661,86.95028389598538
2001_288,NA,37.34718990235102,125.14403072460357,NA,40.285584785580895,NA
2001_314,14.056828685677985,40.88505923435947,140.02163564029934,6.490192735374442,43.879119277304426,89.0987531205293
2001_353,NA,NA,NA,NA,NA,NA
2001_354,13.3220492076918,37.34486560849201,119.06356634787021,6.38852032901882,40.56413657917349,90.8832308798531
2001_357,5.15264131352521,11.953456837211347,34.55316406447244,4.5845626638233306,12.483851799097078,84.39624403864339
2001_361,13.881176559970875,42.140830138969875,132.80216408784023,6.1359125978309565,45.860462993034844,88.5456939442864
2001_362,14.28584079423445,41.67670207476262,137.29946715634495,6.404819117837192,43.83709476278553,89.01915992281388
2001_363,12.975937423064622,39.85110020915114,127.25732531211739,5.5924669978483745,43.85380155513494,88.98705740014448
2001_364,9.55153630999054,27.996091813295784,222.17084428858604,4.068573441363518,40.36205126748139,87.27036356018509
2001_365,13.852526557174313,49.854648022300175,118.40106756533365,5.4085139249783,49.773835043020654,88.95607469238972
2001_366,7.954298015861038,29.899172786837067,193.33037638528972,4.082344353600421,42.55273903833377,86.1075277739865
2001_367,11.923840799601692,31.46124964780389,275.11061140551925,5.201914380605098,47.13483389842217,87.80620225319186
2001_369,13.8603181181364,44.29525687053733,118.08454559640168,5.870911063638947,44.57720868879649,91.08249949673525
2001_371,12.132193315834265,30.633626846616245,207.01510968751103,5.487540435215824,45.533663717954525,87.8554574673076
2001_372,NA,41.70697743682369,125.15472205298575,NA,44.54699979108895,NA
2001_373,10.960792963176136,32.92739261049129,107.6776039001966,4.992206630503326,35.68189849338704,89.10901957307175
2001_374,12.997889468680462,42.40128647733202,250.79491505298216,5.133493102636178,55.233351468029454,87.4874800130062
2001_376,15.165541498321105,41.458897926049055,187.70263270314737,6.154571518501873,53.41567029658125,89.61258129284496
2001_377,11.821547183984107,33.36691646646615,218.97552006109558,5.191439429897794,40.48955824984067,87.20978123956716
2001_378,NA,NA,NA,NA,NA,NA
2001_379,10.88454380286646,39.75852039278733,178.488567902768,4.584382126280608,48.23418658245835,87.18356930260258
2001_380,17.57648349100601,43.31261433665871,191.90513667334542,7.163417328709365,53.775423045209834,90.12395858748722
2001_381,17.707062075861547,40.23748079821547,211.94800380566141,7.228525331727597,50.34853892345552,90.18200802220946
2001_382,19.30635006571502,42.16879740064441,223.0035459704941,7.990519933254031,51.848037852295676,90.93025378382463
2001_383,NA,NA,NA,NA,NA,NA
2001_384,12.174091850294763,40.14720374990441,238.46957167885995,4.9114103513963325,50.97653061920379,88.65993693340522
2002_448,16.57472798010831,43.6075606731626,337.2507444987473,6.278728035500359,60.79900185890744,88.5292687931047
2002_454,13.796003916885862,40.393987419826004,290.99632676023396,5.038035379415433,56.01204054264302,88.06542669573076
2002_462,19.10950949713892,48.824296117384215,208.79081309453002,7.5762500468165195,60.892769286809276,89.6072264352726
2002_465,16.67188788751909,58.34867510873903,304.22671984570036,5.24734707867463,78.62296809348926,88.54033977818126
2002_467,19.658396660448112,44.013907588225365,187.01144824383215,9.119988126284456,53.111084364729294,89.71072779154271
2002_473,NA,NA,NA,NA,NA,NA
2002_512,10.449987860231468,40.701511447686705,267.4729467946456,4.095156308569165,55.21700524758626,86.65022040330797
2002_513,12.598363305338465,40.8431438844521,282.6762306293761,4.740993302620072,55.043009780382874,88.43895778730625
2002_517,18.231181672411807,42.549872621027944,192.5538543911963,8.10212011176612,54.815158190528095,89.833146238577
2002_536,15.964896266707333,48.15260733938639,308.1124435158443,5.467907905899124,64.72743577227959,89.01512205693885
2002_545,13.997286315068141,48.94813336467556,230.88979376129282,4.652655325987531,63.055844644192355,86.66669517582699
2002_550,11.4246013725731,40.752947245944185,225.55752667394688,3.870383648020965,56.142596561977825,86.50856147159877
2002_556,11.202989250105883,54.80260561377636,219.5276138970915,3.2601426961875912,67.4868323158894,83.97407055477868
2002_559,27.759841637122,63.45768588329812,204.1847693133904,11.104081897498077,71.42258922665633,91.49860399689535
2002_563,42.71970503763939,108.77510428607954,386.05263249731075,14.340860504290319,127.63989710512779,92.87133306784288
2002_566,NA,NA,NA,NA,NA,NA
2002_570,17.12005588527974,61.42420476505201,238.5895291398127,5.800130114913536,69.67729301503842,89.54922111026954
2002_575,25.518869695472038,58.530899081953294,202.77772341645377,10.379179108209332,67.99527838924455,91.57768841534195
2002_579,11.597655996398347,37.68083710683398,290.4598126188448,4.096469177921236,52.365313380168196,87.85724943147176
2002_584,19.113065572539256,76.26590823519243,274.2664803514025,5.587526534800564,83.34498139841978,89.28065693311726
2002_599,25.448878523218347,64.33297989608415,207.58862033787827,9.889760787741142,72.49724568014202,91.63431331200603
2002_618,18.29866350124921,55.6237869548866,243.12921789629,6.4089177080024475,68.12122822515582,88.39958102010773
2002_623,18.824693134353417,62.72962712649781,211.71811419748877,6.104731725368445,71.28820360660106,89.92925378551371
2002_641,18.167915431603273,59.78308088623757,238.21212762057758,5.946306157770156,67.63840573984751,89.79750680035899
2002_645,13.15113177490318,44.36566891788144,250.60976018470762,5.392948664810048,57.64064244946764,87.85769979945402
2002_655,17.350124853796242,56.25364634473661,192.27151833592796,6.068267289775324,64.97883711945175,90.08674536198667
2002_664,11.680410992185072,41.14569557461611,221.61822149736105,3.9397884979417457,54.174038265992905,86.84105195928
2002_665,16.957613818616604,54.93953631781847,199.79594577120258,6.0374677364640625,65.11380447364427,90.32624817049226
2002_675,14.320983293005831,67.34457976279398,222.83647183090136,4.408983420272309,72.92456978765776,88.17826001668948
2002_686,15.099351639050708,53.79419233109489,202.36666243816248,4.96098420267785,64.0276276885962,87.66076096167504
2002_689,9.488211283222881,20.21946092889281,188.34167337420863,4.659292408950038,31.88208211593521,82.98220463705047
2002_691,7.104197790184665,12.641282175573089,236.00912825371867,4.521160498826465,22.108369334965914,81.92102736851595
2002_714,7.958155292245978,20.438954263207407,109.12379547841978,5.053981131924804,27.27265687039136,87.15669814196826
2002_716,12.893596235409538,30.06083532737683,110.23813724787169,6.966876243434865,34.9918424147932,89.1789186862885
2002_718,NA,NA,NA,NA,NA,NA
2002_723,19.98136297407389,58.05789298448462,265.5658924935826,6.864897815749504,72.27073922794692,89.8792201332624
2002_724,NA,NA,NA,NA,NA,NA
2002_727,20.70823417379374,65.35381716448916,212.03909255830249,7.647727165272809,73.20194070151928,89.40255130750424
2002_730,16.10102998361002,49.91806017351646,332.4831731683942,5.962613203567056,64.83369333860922,88.92009094869837
2002_731,19.77261812696471,51.688870521045345,178.7532599057052,7.678430627052184,57.53555515848173,88.82778798540846
2002_732,NA,NA,NA,NA,NA,NA
2002_733,19.876377079917983,38.50209179895778,152.56663369671597,9.872394632136082,47.2151518777868,88.72988739827926
2002_734,9.637945154718404,25.161068237253076,286.62541889932146,4.220526729207905,40.002118385976885,86.04750782747783
2002_735,11.214901479026427,39.156633203217424,377.8525082781786,4.317807006993055,51.91995152197206,87.12111455098338
2002_737,13.114372070840435,50.283465153891285,319.59743824390455,4.301885204678684,65.54868524771875,86.76115074214226
2002_738,17.635382525368893,53.83937814048757,296.05855251578316,5.813841956874201,67.32520052253213,88.44144728172323
2002_742,15.753775520445785,53.20960347558598,331.2505581523459,5.655077885562676,67.1060440911795,88.54673348163011
2003_1440,24.214510499053468,68.06541175263018,213.74243305059036,8.992694451148315,75.75991044555794,90.04967629674469
2003_441,24.693062572976242,82.05089821853386,485.05370010835566,7.299069493463708,110.07755263191815,90.0606954420384
2003_466,25.42363167458431,69.55400657059477,217.07719647666977,9.814143802299878,77.23746280231396,90.53228941802774
2003_468,24.035785791326916,75.14039178151448,278.0897273919877,7.210201080008286,87.57690313614573,90.67119456708156
2003_469,18.434927498191836,62.531415807378075,200.3259017624677,6.199536050966991,70.24530628358852,89.15345261456238
2003_485,23.6486940262264,75.0994368028892,277.08821930310296,7.214429896405379,86.27826720249746,89.63427476929255
2003_501,29.3570374534678,71.41780084983469,253.17582600097668,10.613208852024343,83.76259419876126,91.46804284286985
2003_518,28.213435973000713,79.7356311961984,260.0213055664066,9.61100862485732,90.26883306764965,91.74860932222234
2003_532,24.117219836314884,67.20676941323153,205.95557996012656,8.959250890287102,74.02399429530988,88.89858784539933
2003_537,27.144648339215088,70.91673145939374,243.06804132604157,9.280358824026798,82.01285437445942,90.54676302109067
2003_542,20.723523727991072,72.48522410071504,438.1089355987566,6.239070535737182,102.55222514352654,88.82096710033422
2003_569,21.07821064334137,61.57549736991464,213.50083660417215,7.2617138923558295,71.55640920396883,88.44311067073846
2003_585,9.394265295338965,30.570162735023217,209.8475228106406,3.8318794769501796,42.83673204357173,85.5910224289925
2003_635,26.628252772062993,72.32453586863573,210.36716411876887,9.987195328289083,75.16884696339373,89.98593372347284
2003_666,16.433404164808323,32.42201682268792,145.26732896424966,7.66341671370107,41.21094485451685,88.89100401575058
2003_671,14.310279440064146,44.0717968173399,318.10385861877194,5.924581177309587,61.71680319128145,87.73746417098573
2003_692,25.25124887538157,55.23070198083454,200.90867348582765,10.147402331667456,65.46787046370284,91.09057918830857
2003_708,14.970329094562693,33.238390709172855,129.28322313067724,6.791269685359555,40.466292491768705,89.49533231051356
2003_713,25.572652007031103,47.81496839381849,194.3025774045833,11.736782199780258,58.98560926798186,91.61359833298539
2003_717,21.72880413987446,66.9617069211218,210.07011807584365,8.198775101187607,74.53037463916763,90.771736920373
2003_728,17.098623588349362,47.33185181593471,370.9088969295794,6.542149718392223,66.06286457714799,88.88860180329893
2003_735,26.11998544306734,57.19827707204895,204.29552823213766,10.848019768518924,67.29403760477038,91.16964737855147
2003_750,19.15447278647259,41.39178991642183,203.39961107384028,8.019857425934273,53.2171573749356,89.24780784286817
2003_782,10.617939925703805,70.63006792151046,210.07608867730292,3.6293877471450777,76.25570357574504,84.57296720135544
2003_807,NA,39.579899690204996,184.210082447785,NA,51.492893280046886,NA
2003_814,25.38967228713335,82.68668777680836,230.7425440971284,8.90669406181255,83.40606588439327,90.94682346400107
2003_815,13.981727521552832,48.94660517299967,235.80059766099833,4.4546738985518175,64.44831040002107,88.12705828629299
2003_883,17.434323052136193,45.93546082540922,160.346205780476,7.684177373413784,52.59213028788733,89.33107234664888
2003_887,16.019932275756013,39.578209189533865,242.03060883805762,6.607617834114292,56.1853936661536,88.65226184932034
2003_888,10.156626341141202,40.86564546700771,211.93363620505966,3.520564150741712,54.61990408887941,84.95341255055065
2003_889,11.375118989202337,41.8836596218259,275.5973826491227,4.314638092403161,56.29039492750655,86.28447862439184
2003_891,14.875167715933012,45.64078328154004,379.5025514958848,5.702746199988803,65.75720635592664,88.14969077629432
2003_892,10.08106183646119,34.29713163913935,227.67769036228495,3.6636715853149577,49.132491425608166,82.87217251327357
2003_893,12.050811460528843,45.6076255371035,296.6690422148347,3.9685128295961203,62.67951309862335,85.35812233480941
2003_894,22.94786496053041,53.807097738378715,246.64061595175195,8.534584687464466,69.63503713212434,89.79435302290577
2003_895,21.504894818306042,64.14486413944336,236.54074486935647,8.51009171838263,71.85581081823565,89.33633631534519
2003_896,19.456016254653623,71.97174143012239,426.11943887618025,6.179085199378953,100.43090542676819,88.6092387580567
2003_898,20.199210511119148,61.209446041046434,285.8035401736182,6.861887823405062,72.9426418133431,88.51378198307239
2005_1001,10.825353201372991,28.787548182564212,326.57716703236724,5.00315428964543,45.759199167618924,86.59524977772068
2005_427,NA,NA,NA,NA,NA,NA
2005_463,11.856498382860497,36.77302082404364,274.1176468661916,4.410501464930128,53.85621038771763,86.30768960919315
2005_472,15.630035715623318,51.444655401046674,286.33334642747883,5.208993357388029,69.29092794097981,87.09619131289583
2005_488,10.566546442165489,22.660393987851197,139.25013443348743,6.315068418381752,31.077520340682792,87.49292391461029
2005_492,13.713074675932312,39.05537236080521,165.11011369042302,5.28678841307204,49.083886461071856,87.96523214072485
2005_493,7.509927936902821,14.958822823093145,120.85688859909285,4.359736572261279,22.732167048489675,84.10820402143375
2005_502,17.11521030489029,46.595696028557946,233.0433968749108,6.150719449422279,62.132526451142226,88.52187229860627
2005_511,12.547264167250809,25.0265148026256,257.57730206412873,6.196065830949294,40.27019502170704,84.9903961318135
2005_515,17.506917630199048,37.240054465742666,229.72932327609476,7.603981054540281,52.99767682158577,88.52989830782546
2005_530,13.907509288898659,25.563061968138214,193.8344753729229,7.032882667627376,38.44738131945403,88.33346912122096
2005_598,NA,NA,NA,NA,NA,NA
2005_599,NA,NA,NA,NA,NA,NA
2006_503,NA,25.19549527573693,202.7657979676669,NA,36.355512505688935,NA
2006_580,14.877192697829456,40.56650793179183,403.2642610642396,5.345602055183857,64.82920813253975,87.5577573774624
2006_583,12.698608137203333,34.6947152875813,198.9947838326048,5.351277452582317,48.32361436794004,88.09674836179263
2006_588,12.5709011464442,36.232860694068194,203.8573543598822,5.454170434565858,50.172167521056394,87.78138079292826
2006_599,15.748753766351138,47.989325833557615,239.42196262711894,6.128789707287239,63.93838842804682,87.64551561660124
2006_604,13.202193339727614,47.78423117025068,229.47320117850109,4.599338378882525,62.84971978780092,86.61594724242394
2006_614,12.192922779468836,44.8856221756482,171.18038271184145,4.836268858943174,54.2249684650501,87.66451693770023
2006_617,15.64783953881006,42.64765413114944,273.4947485655058,5.9948969605947715,61.3700111033259,87.5278345714373
2006_622,15.81974140677369,44.48638461104288,492.6524182665893,5.598779115090019,66.46859197212432,87.24481976071266
2006_624,16.043381544086905,43.76516186449626,394.03118199940894,6.127739262761644,58.0124592257627,88.93278150480744
2006_659,11.95258061034767,27.81202107462348,181.95266087623185,5.282497860017276,40.24490357515303,85.048434445687775
2006_665,14.514570694289333,41.52071426720437,196.83185731567733,6.059012715483954,54.36905662801258,87.10979383899893
2006_671,12.838926639800228,56.0889777676012,199.25440447031104,4.566637051494807,63.84241468690712,86.85062492103492
2006_676,18.295566523731882,59.894806507163764,176.60298447510084,6.451387538345394,64.8246410190129,88.78352019384278
2006_677,16.912083795965568,51.91375921990844,186.61070601772948,6.125737908323995,61.237629339987386,88.25179250975224
2006_680,10.944222511877825,52.524177486975375,190.4691703170006,4.659058194886606,61.92048918586985,85.34459668681981
2006_681,12.53438315754596,56.87903953400265,204.57622078975976,4.818964651858543,65.05597773170709,86.91440542043031
2006_682,16.937270265400848,46.33784582433108,190.97827649165455,6.3319652542667635,57.68488613317478,87.40998598545447
2006_686,16.750454988041284,47.766669083626674,201.77302673020773,6.004390557204711,60.014500184079395,87.56516984956971
2006_687,9.077028558362926,55.75611243037392,199.8503944845376,4.4608865614692395,62.377901454877644,84.5413552267926
2006_688,17.6190089042061,50.43668992025212,198.3445875833518,6.432089386340987,61.66899644855117,87.98364338461467
2006_690,19.65672930827938,57.76346146364821,166.6982921342938,7.330466039054717,61.90198888051687,88.89159620173464
2006_692,16.170511441611307,46.5029126882869,192.84764542938086,5.855369996060357,58.02429875113012,88.18883883818545
2006_693,16.530022619762224,50.918636300889304,161.77137758019919,6.172605310718342,56.99126131763775,87.8517071426766
2006_696,10.446597894192815,49.56232381180633,196.9524062447117,3.8310162169378636,57.827329986017666,86.09927936082858
2006_698,14.054845085625596,50.67524535537106,179.2211403572984,4.759674013205836,59.37757596104072,86.98112101262575
2006_699,16.761555375709452,51.252102334691386,202.29949774594374,5.944599105170916,62.7561857922928,87.85543665261163
2006_700,16.871761400099075,57.6885598109798,201.03439291902728,5.600200428961533,67.18138222706321,87.37203031128885
2006_701,13.71493204111369,46.19487581787251,187.16842890341815,4.803803328996432,57.135709591287885,86.91875845836383
2006_702,13.49357287463505,48.03832384157401,184.42936892419473,4.599847030994247,58.18683166894391,86.9207140758499
2006_703,12.167583267655393,42.794079713959746,175.03260002590258,4.295205930410615,53.11975938803248,85.71591132050982
2006_708,16.134914915654203,56.552934679128285,219.52112998653428,5.1313025373989,68.79714178422206,87.53234159970054
2006_709,16.529955709511984,60.53257145313615,208.08165224609382,5.360136295265444,70.09017552254178,87.33449444013284
2006_710,12.064058306641524,43.07719301691758,174.5000424209221,4.241181725428598,53.275387728606134,86.09547211240881
2006_714,NA,NA,NA,NA,NA,NA
2006_718,25.156808515546796,49.737010591079866,233.05346544483172,10.550998657151023,64.85845613324015,91.77704617800879
2006_723,14.963983290861423,54.28553652406565,185.55109920251437,5.117740308142579,62.70649776323593,87.4359982543686
2006_724,12.450975112985649,49.05783838436481,233.1278567965836,4.34149441395357,62.118808229169964,85.1765833770863
2006_725,16.137987418604215,56.31224052701869,196.74398175018723,5.366196427975304,65.64909493857232,87.32393810879627
2006_729,17.065925706543386,50.043002006765555,179.39859641236487,6.875096274262725,57.42199107546213,91.3655550622289
2006_742,20.67470281474527,57.91285774711299,390.87105062178676,9.084849887821587,78.82005651732706,90.15105537665772
2006_743,9.474838373005632,44.03343563395269,204.59016147890142,5.269933294758789,53.800700637089165,86.84778470630684
2006_744,20.90383173192419,43.26591714529764,217.7036637595753,8.74013008440654,57.80460992923685,91.11907490589704
2006_745,21.43355866778424,56.03571651582835,460.025408472605,7.506905419751877,81.99934419990103,89.9054441147301
2006_746,9.294040404053916,43.81631346105717,207.320454977603,5.276442515749565,54.26959112745766,86.94863318366781
2006_747,17.40247191625401,46.164681255945325,185.1414942703965,6.638306051518452,56.875109921063405,87.4651000603638
2006_748,14.935971070938267,46.366981532585,184.33295502309971,5.3115860391452765,56.9321717896889,86.46505029905754
2006_749,16.212195316840784,51.45650681128927,198.09596425715375,5.635385251814748,62.394636447539575,87.63766575469909
2006_750,17.535744939431666,60.99545129424689,209.11393180491334,5.668475126433179,70.54699975040211,87.29396646741827
2006_751,10.74945305553716,32.35330133824155,173.23058029084032,4.339553929851073,44.11033832710507,86.58330425287676
2006_870,10.747428072821586,41.960921659399744,169.72532747341234,3.7498123514623884,51.865354136669396,86.14291719373412
2006_871,10.747428072821586,41.960921659399744,169.72532747341234,3.7498123514623884,51.865354136669396,86.14291719373412
2006_872,11.91204309475893,48.98745056318678,234.88312878307755,4.324360974567308,61.066180990830595,85.01545426041123
2006_873,14.310315224661172,52.51127791123621,177.74729917789713,4.811384080431479,60.40755571304105,87.14863003554805
2006_874,16.82477525030435,48.273849013206735,194.52928469131066,6.134431277761443,59.582834344472836,88.03069866305029
2006_877,11.165338576506965,53.57899108605748,207.7632475661527,3.8627256296407237,64.93469032220702,85.99048880630068
2006_878,16.00629486323421,54.15395228227413,260.438243601371,5.781541842328088,71.25889438063973,87.6612865977729
2006_879,10.58807497787213,36.34925040346741,213.0892588321655,5.553297563916836,50.96401936902505,84.65898608119602
2006_880,13.692640812535792,54.91308494345789,215.03660510687104,4.734893440013856,67.0318381906984,86.66886570695522
2006_881,NA,NA,NA,NA,NA,NA
2006_882,7.771253723373103,26.4451357131813,173.6538150814531,4.931233266873361,38.3057544682735,82.76301136730453
2006_883,NA,NA,NA,NA,NA,NA
2006_885,20.138380438225802,47.27598191882237,285.2504751700449,7.416504746244461,66.6466649089466,89.35404854731755
2006_886,15.226442172911195,41.74354878616647,288.84717843106625,5.789609540623892,58.44194338226542,88.61646789260138
2006_888,10.462671821542962,30.19352428083747,202.81475908995085,4.180053504801121,43.753644031303075,86.27491259909412
2006_891,12.289666921113898,37.48053059590488,224.81789427491202,4.646205143536028,52.67152928733387,85.97510083793065
2006_892,6.101239434980153,17.908721550409155,192.11991452259596,3.2874729951187924,27.444579067172377,84.77741899883921
2006_893,8.172041051891245,18.06840003979712,228.4413459381089,4.247962469657189,29.93573230131112,86.50469705790236
2006_894,NA,NA,NA,NA,NA,NA
2006_896,11.253800510881678,27.877386176452113,170.55674706356044,5.898476713583856,39.58103723048742,87.54237394619216
2006_898,NA,NA,NA,NA,NA,NA
2007_273,NA,NA,NA,NA,NA,NA
2007_380,12.144075589674772,30.48439969017342,161.8295093805377,5.98944848990554,36.67974883458764,88.6274876656363
2007_492,7.7227805506686344,24.568741948477825,124.29056800697461,4.022195057639721,29.20007202592233,86.15307449892191
2007_993,14.941900392142893,27.281552730197145,77.9681142788205,8.62330470267999,29.09863163714257,90.45665264061651
2008_291,18.39273910258911,53.09088309452114,407.2620141819895,6.216214547022034,79.63031508155693,88.50315518777172
2008_315,16.258159615389502,44.187052140005626,250.60968697996603,5.719058069822468,58.38662267817479,87.38248089694324
2008_779,NA,NA,NA,NA,NA,NA
2009_1217,9.700093069981648,32.81733028862995,149.189117042398,4.3196760447567755,41.62842410939208,85.95814008228764
2009_1236,11.27658038847215,38.91606568835294,205.90423021481465,5.289541483383427,48.02639972788952,87.88831512335678
2009_1239,10.550300214469452,29.323684782642893,150.29047947123024,4.619005903339646,39.709013607138864,87.16784127863008
2009_1240,10.919519939900447,37.65714008335252,154.65513220289978,4.879807159334096,45.187099890171986,87.03069370089275
2009_1241,8.97763960249784,29.801842876270676,159.00968921326398,3.9113561218912367,38.704730121652645,85.17914294275238
2009_1242,7.72758492579003,29.3749890299419,168.72724039484268,3.278221559896295,39.003649777569656,84.6771772301619
2009_1244,7.186067680314691,30.67617272325346,153.17523970868,2.7931234375488327,40.881677645992234,83.65370746976431
2009_320,8.318966529298365,23.56729352734267,189.7026034404016,4.39152935969363,34.2566690357651,87.66188889721347
2009_367,8.931138104576128,27.321488863811837,140.68898535377073,4.1815563440102785,36.78858158164929,85.84304612374193
2009_410,9.457589957205993,37.496677619470226,187.65411041268177,3.9248123330569453,49.555439010018205,83.80763450434665
2009_430,8.808350623134908,30.763847829810427,214.5387086091668,4.313018201951444,41.736240476921864,84.76147963742292
2009_438,12.588234472496227,29.24845405724484,117.33340671294405,6.2818249144702705,36.03491978185302,89.66878020602216
2009_443,18.588507312275997,37.79951102538463,140.30006286510724,8.467452636901044,44.924531541084875,88.55274210143246
2009_448,18.074893375775336,36.1238585496914,150.360692199433,8.492678459904333,45.137292878240515,90.25960557655367
2010_475,9.861114141887446,30.2268249422348,255.62374627644152,4.454156146993469,45.3891797315965,88.31501102665075
2010_487,10.41113791774762,32.38587689732238,254.4627503949573,4.450604044356718,46.63131199976688,88.538893814228
2010_531,6.298733937873444,21.894055273207485,170.76788124846863,2.904097452386324,33.158964985498216,82.13290038184131
2010_532,16.355103826250804,54.50822599085582,224.58016772332707,6.187432234398306,68.03853758598133,90.16779077958529
2010_546,7.964598627386774,33.644636293479266,111.54458667823413,3.3144732506801726,38.081161606886674,81.27158518483773
2010_875,NA,NA,NA,NA,NA,NA
2010_876,7.527839074460205,15.679003540733031,186.6797196092343,4.381472610626216,25.8291820649446,85.18658272858748
2010_877,14.139363278391805,36.0093877302107,284.7760761281242,5.487827464933082,49.04820139057024,87.57187501419436
2010_878,13.704200981084204,31.812264515385507,243.95670491481718,5.156709326386645,45.65905205212566,87.65011623871436
2010_882,10.377285738907998,30.179409056418883,145.37230175549908,4.388905711941477,39.734001657713684,87.85234999488182
2010_883,12.248955105875599,38.501813501364744,257.78528105157307,5.04294862621454,51.271560354279956,87.49584672141347
2011_314,17.157739538562694,52.808599202295596,171.1467582803,6.462848035666477,59.618675581581456,90.07591309344436
2011_323,17.685169993519082,72.1370340831522,240.72416813233707,7.6061548022578265,77.62064844941331,88.5957818433447
2011_356,10.913389664032495,28.730569466171335,207.9412643149431,4.382975481574026,42.70555592171543,87.92752562920266
2011_360,17.505470056769536,30.27138557387439,201.93853883699995,8.52628878919593,44.0336149151764,89.1007694919074
2011_366,13.164571382726109,32.15469889349182,329.31139544937076,5.546097240791218,44.78928382876814,87.26382909719919
2011_368,17.280507208509633,51.117576992110564,237.12279728140572,5.962282218401547,66.43161562429356,88.52135102628493
2011_373,19.162112166517527,27.367283643901025,197.99989723163378,9.428512556280126,40.671363684962515,89.32034287492905
2011_374,13.770724312319178,36.3272104656682,232.80623976643932,5.643685408403638,49.89641847741967,87.96117750893454
2011_375,21.086600704054177,52.412395437981424,239.90559013694764,8.13099030567325,67.79583637918256,89.39967038701815
2011_377,15.283093737757738,27.843918345868005,151.33346481064257,8.018127036778537,38.14069610347767,88.45212902071668
2011_379,19.97868544736157,49.0886365560536,254.35126484825383,7.711804712095356,66.224445690501625,89.15770244848618
2011_399,17.024574667764895,52.542983964649935,287.1982091202542,5.561373786669815,72.10469332931127,87.06614197055765
2011_411,19.590623365946684,48.435347302612186,226.9241418522798,7.250885147362396,63.16525079953816,89.01378233789262
2011_423,16.641544437841016,27.233890086090312,136.26558294362326,8.66894804027314,36.31987915208955,90.03706718154851
2011_432,23.058354207462646,56.97819215094214,232.98080222047196,8.456232921549343,70.71867644255076,90.20330541549899
2011_433,12.711764453420837,30.755598127430105,214.74005296780476,5.592328258813996,45.262701507270556,87.94108461663706
2011_438,12.98287903955793,31.508001948976947,389.58140383090836,5.260829905317715,49.49022328029667,87.57887967184833
2011_446,11.67635996184213,20.589506859538908,233.0202474501307,5.288203141340116,33.30251474716085,87.90038566034767
2011_453,12.317365454918884,26.576386698650907,344.99806392942753,5.102459108216238,42.96279966619632,87.36200215583702
2011_454,19.754475153350842,41.06568207439456,213.90531127283882,8.16662770150605,55.494728967469214,91.16554822488916
2011_455,13.248874158289443,31.90002373048781,259.79769836171704,6.143169631497693,46.697607890538166,87.7745951877992
2011_472,11.705730037591348,30.83840519261924,236.9654133872386,5.113782064286162,44.387994042773705,87.9452919975096
2011_483,17.641567450330015,38.645277953873666,309.9671050201941,7.801453293485135,53.68781695830354,89.33484096495759
2011_504,20.10577071371705,68.9835505814489,284.22296809258074,7.2584062093870205,77.6658434857035,88.84940925459054
2011_507,23.235866714091138,78.05929583586143,274.1163291239009,7.441062884308316,91.19508924759705,89.90149554715057
2011_513,22.418027523710517,48.41383282837367,298.4981921573655,9.073846145576006,66.34050177737744,90.38452081544827
2011_542,12.909424556253333,34.484852112507205,358.1041478542708,5.107623117616733,52.84573035575525,87.6923821157746
2011_551,16.001199677982246,40.986734589395645,386.59370691628055,5.736194992956117,63.7376423358351,87.70356322048382
2011_557,15.103253187329134,28.90751718017142,202.28290098046384,6.855200755202724,42.03056194398437,89.76350384001807
2011_565,7.2608993354568145,10.705807364446471,271.79378141763743,5.457984666402341,19.33426446407055,82.34737400139913
2011_568,19.8725476858433,43.74360339190796,235.4904082746254,7.7767384487815905,59.741527774894024,89.48469625174236
2011_599,15.939140774932053,42.19153368899198,267.7532014264543,6.4931868047428125,58.04636028002212,89.33621177044861
2011_604,19.139357355282403,68.19134151701016,236.39125062283875,6.0031331253701,79.238245079744,88.27033197648298
2011_605,11.199573311691625,26.12251415133191,323.5480296197076,5.061876380280692,42.29467621320552,86.98724617924017
2011_606,11.963137082037312,25.59762608587404,352.24264195011085,5.024621083891145,41.893892132591034,87.22414188527945
2011_723,13.219684008952324,31.368774378135956,406.44188014822566,5.387149312333352,51.89738513515824,88.19797328039063
2011_724,11.851625057608501,31.141084874948284,291.2351818445678,5.0026907113174435,45.73588979251403,87.44826533443378
2011_725,NA,NA,NA,NA,NA,NA
2011_726,16.83928737415826,48.01189585251457,226.72167980399897,7.251633481618417,60.7922343925606,89.37396058812402
2011_727,22.756608906308266,60.763186445549195,230.34592259884352,8.412962793682373,72.87463794191122,90.80604144230429
2011_728,19.723006891876263,57.90962136414814,395.727827509939,6.758000794516212,80.63222977059196,89.62145177045767
2011_730,22.56440893403199,61.6514076174636,281.1582493879803,8.365599019919634,76.54679758066233,90.10353684529288
2011_731,19.92055298820318,77.94467347133715,351.68140951309726,6.108657686577143,90.7008549654931,88.43868520024331
2011_733,24.096667706033095,64.69726312719519,313.0094843113027,8.477945508693983,84.50773412813662,90.80714312756447
2011_736,20.443668000535816,59.175681982317855,292.2115422866026,6.472139299553687,76.09603529488825,89.27335125071146
2011_737,21.45025757082962,69.25811793836887,317.2527750030649,6.727277285503368,82.52307009280123,89.24072785048635
2011_739,NA,NA,NA,NA,NA,NA
2011_740,22.994529147969924,55.489154951853294,241.1557022973586,8.449898956483386,69.40917675294286,90.29113693965832
2011_741,21.456808677270548,46.75015168905934,268.87122926240875,8.14095367099016,64.41539484515293,90.30104464534347
2011_742,11.121812939088587,27.42730740402108,195.66223086877952,4.955745283399422,39.4746071345945,88.19714274080786
2012_1041,NA,NA,NA,NA,NA,NA
2012_1042,NA,NA,NA,NA,NA,NA
2012_1043,NA,NA,NA,NA,NA,NA
2012_1047,8.727389436011391,29.1730844830167,242.15704001948632,3.7073568187002564,43.34583169743517,84.96219872128623
2012_1049,NA,NA,NA,NA,NA,NA
2012_1050,9.74368424169155,25.824811287406213,106.02926697434103,5.139923269695768,31.447927649761816,87.32804251239887
2012_1051,8.435699379852416,30.37397979353944,241.7621162745112,3.404295189603756,44.818810803529175,85.32239635659833
2012_1052,NA,NA,NA,NA,NA,NA
2012_1053,10.112673020908415,29.204401125573114,99.98574882121122,4.975108467684776,30.470043623142494,88.31821546311727
2012_1054,19.882986890531594,68.48420375440107,304.12096245850233,6.518546454379995,87.63319197736023,89.88003187554104
2012_1055,12.23780089691773,66.74923192830549,240.34882146618102,5.2276529028376775,78.38266702906722,88.29923060803102
2012_1056,17.99298827169185,57.97025828155377,329.1344344991009,5.670892735404634,80.49378178473731,88.46496658846146
2012_1057,14.166393858947652,51.99915656475942,258.5979281713881,4.938086833582721,69.93931753316382,87.69529388604622
2012_1058,19.396306896019354,67.15824792689808,309.5928527635436,6.048982140531387,87.087370994736375,89.17334081899642
2012_1059,NA,NA,NA,NA,NA,NA
2012_1060,16.133454146378718,52.61926842248577,251.9436237567428,5.5090526537604445,67.07192922910085,88.12287723697497
2012_1061,14.453695738467166,39.583210552061615,338.803181482142,5.767169458147574,56.373714013856095,88.1160914669022
2012_1062,18.440824095771752,51.05020359932818,294.7980848635101,6.634208094496657,67.9867496413718,88.89191994705345
2012_604,10.207293061227528,30.0708567618641,202.51924708385707,4.460799435785168,42.258050306825524,86.38928770916263
2012_634,17.33735543905324,44.72410025806007,241.0835297037592,6.518401260466691,59.171008324792446,88.87624405702319
2012_653,20.264157450848945,60.70451838053395,245.63755265367243,6.541995299891126,75.0434904585949,89.41585409285739
2012_654,19.641826476299293,60.56439322923421,273.9829472445343,6.732865383533245,75.55791723831464,89.07385364849739
2012_655,13.528658067347594,40.704182400490865,165.14546835204075,5.101382718221047,50.36916344892229,88.70363891132223
2012_660,21.196263036909684,67.03282159304058,322.3366665453802,6.602253680144098,84.96387256808032,89.48656036884904
2012_662,21.92139766628393,64.12388870606901,252.04386690329085,7.4560171886066975,78.38778120552567,88.92646859583914
2012_665,10.763315947063472,57.77801092855063,234.99848526373992,5.076288588510336,71.25683856294582,87.25888622027394
2012_667,22.599362077577013,63.39442218454026,295.5491261035278,7.080778513265629,82.52933840023789,89.1575188969575
2012_669,18.668454394170787,42.87751369606956,433.2372964907188,6.233381780864793,68.74563205656531,89.33419224441518
2012_671,18.81751580689275,67.08540576018738,270.61912077816436,6.296811518485907,82.83445571542887,89.14607223901116
2012_672,14.242842919285216,50.75725413988209,241.7022264977113,4.639130832381652,66.56259277060431,88.31859994010318
2012_685,23.438857115827055,68.41328700681204,257.32988907472446,7.897639109392426,82.19527850169429,90.44858309310186
2012_686,20.204583866918306,66.7074694422094,256.6131360186535,7.242480848373632,80.86324230428788,89.99550644904984
2012_697,19.43670009856676,56.10081364279783,258.3833427296479,6.9972690402403845,72.72068106411538,89.89295147636014
2012_699,17.392820536968433,21.998490823972382,144.99977034279948,10.456755980620425,31.898114704009135,89.06660162666579
2012_704,24.341626150660186,57.168865165663256,241.17331767126515,8.767388448331685,71.79028258784837,90.97783567685917
2012_721,16.99597795274183,54.03141141491392,324.68268546235686,6.716943557593841,71.77930721481027,89.17855234332413
2012_724,NA,NA,NA,NA,NA,NA
2012_747,18.717072311613165,59.95897964979248,230.55037234100183,6.692871755330676,67.25136115358583,89.1481852877804
2012_776,9.032843426189588,24.54504310526262,182.35820140512934,4.298915465158806,32.292922047116804,86.10057102578222
2012_795,9.331600625450527,36.43011675598869,221.66520390780528,4.046771212914354,47.43543836907767,86.52672758389335
2012_805,10.90897889898334,27.527529685600012,148.81366977200085,5.029142240609398,37.36767607377175,87.01254269915765
2013_1184,17.48611857950967,47.474490248164045,286.19982328529613,7.172501143953832,61.88025794970384,89.39161177543002
2013_1185,14.635832065641903,37.28494666660623,236.8095107343292,6.1831185558112205,53.384673635244276,89.96037460296698
2013_1186,16.88928397485079,44.93141960313984,345.7547183036768,6.95457609775643,61.44076637694124,90.19677416973167
2013_1187,NA,NA,NA,NA,NA,NA
2013_1188,17.248813815121718,45.650879617513915,322.3615654960294,6.330695701345764,64.32664976144882,89.84212625958418
2013_1189,20.950296169647352,53.493688361899466,315.8380290966685,7.523382540796122,69.75609612381088,90.5282163693108
2013_1191,17.759039319779156,46.99167508276651,329.2832772056638,6.628290421346543,63.789186594090125,88.1473065932374
2013_1192,20.071468207524575,51.76908869162803,250.99200533968826,7.3276708527392795,62.13033460500288,90.65392562256083
2013_1193,13.771215706999811,39.18504989994196,299.92785141093793,5.904302234628714,52.71735781206407,87.8284787023908
2013_1194,20.660610676641618,65.74488227787484,303.57132104565574,7.104673050547163,85.3013983176042,90.64129961206851
2013_1195,13.830199997929656,36.02600556399435,310.4751820501989,5.418658859680484,54.261766098365044,87.76321982772228
2013_702,NA,NA,NA,NA,NA,NA
2013_724,15.888210888353068,44.27767285051065,375.7400901853102,6.0627499105123315,59.65615963053363,89.6969595244019
2013_726,19.84295043035696,54.48940500165222,196.3088064277879,7.465205597229597,64.3344927306254,90.7315907866598
2013_728,16.99069282656433,46.00262284715115,268.2438478868944,6.621656885067039,63.20455615827494,89.57882724923948
2013_744,24.580676235822402,73.9609889877495,296.57551740053736,8.54843021008087,90.96586912136577,90.43481345166599
2013_749,20.065315743608902,45.46987592718993,219.62879635648451,8.305528110935919,53.37782058733864,90.4952440443263
2013_800,20.537501686820136,56.93736529516458,195.78165036487107,7.522491966100612,65.93560628364385,90.56963771914083
2013_804,22.66393927590058,56.26494715870987,285.4404689275891,7.896964918391503,75.15471559869775,91.18435398329123
2013_848,18.07110525274325,48.29583437813014,314.95309468576113,6.667021937154936,63.70908209596291,90.07527704587379
2013_850,16.605390174646526,43.70200756888132,223.06808431308284,6.312116265481585,58.0726869723497,87.93133034299935
2013_851,6.294894386095864,17.117340621854602,117.44825708536786,3.4035086727924337,24.88216173572607,85.20104193833143
2013_859,16.624402018826576,42.532371763172456,389.3808552867896,5.932551552589508,63.125947207535155,88.91312347860293
2013_904,17.9818795340816,34.94446349061071,175.98086823379074,7.833283190079952,46.69971601554177,90.02704389640094
2013_907,12.890442028888387,26.93133390347557,172.57006452413057,5.936035868927734,37.13935582042259,89.69910848246157
2013_908,16.710584025217326,40.72145357350591,238.5352119041316,7.053212817069175,52.45217680736354,89.43702520376576
2013_929,18.5060440909118,56.271713800110604,238.7345795481157,7.612534975712861,70.4999523901324,89.68662427414355
2013_933,NA,26.315690193083427,203.14182612870772,NA,39.74079562574301,NA
2014_1295,12.290919513790104,37.66746820024336,231.46167857446707,4.336051461490563,53.544970605673925,87.80294821929401
2014_1475,11.247261378659967,27.854930999966886,292.12607114141946,4.841977940230098,44.185197864462744,87.40742616732335
2014_787,10.59165308732407,25.284024533362718,230.81534592134835,4.581054360796702,39.6942096402385,87.45157397541635
2014_891,14.124239709375457,46.812096129287795,295.1326633432901,4.78047413803437,66.71851364160676,87.93123168413796
2014_937,13.242251274036724,37.68357668032558,173.75706523098393,5.247151692406506,48.8684972366091,88.0752512966722
2015_1013,11.680244436861933,47.64498925677039,270.35997483843585,4.026124180329574,59.00230571805159,86.5260809545512
2015_1035,7.190075608479089,25.237996333262583,291.2971858715527,3.742693950365526,37.85516400078638,85.54673968492425
2015_1036,NA,25.318434315756424,182.34156869400505,NA,37.21085984888291,NA
2015_1042,15.35843292742266,51.028451337029416,204.82202205345212,5.924199445818172,62.88574126767135,89.24331794873208
2015_1049,8.127636188478835,25.980609012540576,222.16270633411386,3.286709166207666,40.02887760013757,83.91815265394396
2015_1055,11.935047996534077,44.754780776980475,285.6391682780403,4.150233174531742,58.767307769275746,86.89611758815609
2015_1071,NA,32.2647179313503,212.8914416034163,NA,43.77821325037398,NA
2015_1085,NA,40.63432193234222,227.71443049758759,NA,51.46103000935072,NA
2015_1091,NA,NA,NA,NA,NA,NA
2015_1136,12.34989702906284,26.402142515068416,62.496643647504605,7.37443720081208,26.3734595563939,91.5110499817235
2015_1140,14.876113149330308,52.40945393548648,266.3289698896092,5.820764719684107,65.77869577109462,88.369479236399485
2015_1145,12.232884903462311,27.2377061700005,61.55797632753285,7.148584814078153,27.184396157361416,91.35224067868654
2015_1148,11.136251280646206,21.867980160326553,192.3490077814475,5.330962963897276,34.16740701221309,88.71461448079285
2015_1153,NA,NA,NA,NA,NA,NA
2015_1157,NA,NA,NA,NA,NA,NA
2015_1178,10.759782436182501,25.62742284938477,198.6977638662463,5.117932895300468,38.750260942501896,87.84567336722701
2015_1987,9.562519121363193,35.77204505700653,256.40114776721754,3.9535366343121727,47.90188216859399,86.35606529141516
2015_1988,9.539325730448066,22.341500258630916,194.22044023443942,4.57473962231848,34.70199581928993,86.93372864962743
2015_1990,NA,22.194710323090455,296.23559018533945,NA,35.63639039932837,NA
2015_1991,8.02484642546024,23.26080267228735,214.7007583550461,4.145697775130763,31.214676790540196,86.15704106461745
2015_1992,10.372389429002839,27.393177427669766,222.36724301924008,5.176629648259388,41.41560881477628,87.59615442892283
2015_1993,9.711922590708868,26.573638363967344,214.11213144209384,4.677022596712161,38.03111689737302,88.31960953998983
2015_1994,12.51351076170978,29.366618350410285,229.8837126533562,5.721021777523946,44.48507672385042,88.5412772747784
2015_893,12.316997212021105,32.33433329752781,241.09144987748348,5.05945256634442,48.455332113544465,88.40421636825342
2015_914,10.704825528775487,29.947925888207852,262.07281351324923,4.330849907877637,45.82337779134476,87.37437547981772
2015_931,6.224253455154073,22.866873251220944,215.20488609225333,3.0093864846163862,33.877768400116885,85.49949352387911
2015_957,11.310307550943627,34.68343532592947,273.57072600060985,4.935317462462528,47.11815916205793,87.34654464068981
2015_961,12.57640646390872,45.05817134395383,213.63804281700516,4.867755495786168,57.870218882338925,88.9516454385163
2016_1171,12.026565983038616,47.65358054450362,179.77523837716814,4.549496008728658,51.89466089016094,87.00477339849877
2016_1174,16.05101448868187,38.4574022027315,207.3051654949543,6.386323528862438,50.7947084308053,89.36509454450231
2016_541,12.196923145763023,22.846422408696288,206.24512602127024,6.131915481389376,35.142958189500575,88.56652230801544
2016_599,7.462042519445033,27.542931804432165,121.65828637331362,3.607446259136574,34.38270128523667,84.52280111910872
2016_600,13.79206436878683,32.75287342258749,191.15651307726696,5.60089882393166,45.85775006654201,88.5432294434503
2017_1236,13.878306104813497,32.55347477585745,253.136792936224,5.775337820935086,47.13862093565082,88.75855158614519
2017_1286,14.321086844600018,42.29040792117844,300.7293555447057,5.142132929877261,62.26963180059113,87.04025133296899
2017_1415,17.302170275034925,49.3449485351036,304.5170080464492,5.892982806739015,68.29854577714386,88.53740118490606
2017_1452,14.853926325778106,48.085426655575475,338.8481024722895,5.108437461512458,68.82495646429692,87.92658645168177
2017_1471,15.375603133366903,41.55107784387202,206.4917087340608,5.659980247257381,55.288282804142156,86.37582997030907
2017_1542,13.32085583053544,41.719855165037075,280.6800446126074,4.8568165435066115,60.782278302184366,88.79121998084287
2017_1548,15.1467389109234,40.121515463748864,338.11373683750435,5.994405044014482,61.882716886704266,89.12838307532408
2017_1564,NA,NA,NA,NA,NA,NA
2017_1616,17.044988185652837,61.74904665520049,342.99506269208473,5.061865027790221,85.16652710134372,87.93038697599343
2017_1629,NA,NA,NA,NA,NA,NA
2017_1666,12.739472865716072,55.64343834586274,223.40476840459294,3.867525247090859,68.582209751488,87.51348255789051
2017_1668,14.823538414542387,47.71877705313969,216.85547924527577,4.973450826176573,61.56722102649449,87.66858773578193
2017_1677,16.500413076378624,59.20321123262828,394.2174644619291,5.075104533011996,80.30859104869714,87.77129597617227
2017_1689,16.19557407867085,58.151303356788326,328.6223453692462,5.185975744551587,79.48955930818121,87.88680038134433
2017_1726,18.314498655847924,54.714680035363614,358.8243082610998,5.679953626697195,77.66866374798815,88.31454190907063
2017_1738,14.937990530657276,41.78071802905251,269.2705174807502,5.74805626577249,60.20333649888009,88.55630020271197
2017_1770,NA,NA,NA,NA,NA,NA
2017_1772,17.430348917255845,60.040223313890735,315.117435227533,5.9170318565737325,73.79243975617597,89.06407503131675
2017_1780,17.3750647439276,59.35517271864951,333.4622836185096,5.841875589143078,75.77597760551306,88.93044519557152
2017_1794,14.24838115136826,51.391579992845934,362.8246152724894,4.919154475584103,75.61969296442118,87.51040559532244
2017_1801,16.08866411700319,50.9174706321966,248.97855230757008,6.043488890342438,67.38396911529152,87.94922554595159
2017_1803,17.280903121065748,49.563493115551246,281.5562326076917,6.141957187076982,64.11552658849392,88.56682047547028
2017_1853,17.38177438885646,56.13245457309324,236.09975711366044,5.605079752238156,70.41098258859593,88.37439998448812
2017_1877,15.798444294529123,50.33218032058397,407.79569786966766,5.540836489827891,75.99180618930652,87.8992124526076
2017_1964,15.031679156993494,36.116049198861546,211.33587184125233,6.1138301355176585,50.609555458402056,88.87221687953547
2017_1970,14.671291030236752,45.14551257046385,262.02813478899793,4.964034041246986,61.46056562121487,86.87564203278001
2017_2037,12.361155940124046,41.87525055021441,215.01145789387877,4.200002843778541,56.32334821728471,88.54590129045772
2017_2048,NA,NA,NA,NA,NA,NA
2017_2059,20.341970157388022,51.39402037887387,217.46835111287302,7.555914986199442,64.61032465653963,89.801665017777
2017_2078,11.367617239326924,36.91449263123229,205.05970524374757,4.069747277875625,50.91355998266188,87.90080243478918
2017_2106,19.433920846005783,62.55689614236813,220.75662822362318,6.4252733306356244,73.23252039045305,89.50061886596056
2017_2115,18.43506581924192,58.129908634702105,290.69031280661756,6.713725926708348,76.5215937180609,88.73810847638353
2017_2120,15.617341284406393,49.24076081395029,382.5200073783103,5.142669995300429,70.37767686270213,88.58933675545752
2017_2128,7.700850723395644,30.9646434015142,188.40807929616307,2.8729704511309277,43.892753956781,83.57567807960487
2017_2197,15.61326737169015,39.37508313312753,229.43919684601724,6.356015912725087,54.18019497233354,89.57123381878145
2017_2252,14.402461555389046,42.57124018715437,357.53587403864765,5.261250126205732,59.98482599798603,88.89373306691189
2017_2285,23.855488965752556,79.77664585315043,330.77814177948034,6.7594716918915765,97.15500947424358,90.58038534435559
2017_2361,18.223653055668272,36.586841096929426,183.64522422749405,7.885204451265646,48.84067908609126,88.69644146957836
2017_2423,9.893878874536313,18.739410344464506,155.09638687881815,5.1622114556349,28.693692237167156,85.01267880153624
2017_2475,14.971232779486561,46.683664238455904,348.7284407792674,5.395850005343156,66.43641770650616,88.3318689559363
2017_2528,6.588134859973604,18.877048005676038,171.07094118157417,3.2436651778535905,29.59055903811779,84.49970661528262
2017_2541,6.6383101984330875,19.210137581577726,171.61642166524996,3.2376533872248094,30.019165197092708,84.47037729193093
2017_2883,11.309411326932846,31.595535612255432,210.9493206403959,4.36806496893599,45.974441116536646,87.78644694396883
2017_3694,3.421606566921713,9.718547079940862,65.32738223753051,2.7829475115460953,13.679371341795811,83.11646521818105
2017_3695,NA,NA,NA,NA,NA,NA
2017_3696,NA,NA,NA,NA,NA,NA
2017_3697,12.943083513508972,41.37865626598071,346.5698987515349,4.911063215493081,63.202094666385065,87.57884825577582
2017_3698,17.13458096277707,42.785729752559845,397.19397811173394,6.273007234430721,62.73898775725079,88.21271191813773
2017_3699,NA,NA,NA,NA,NA,NA
2017_3743,10.272584017196,30.854805979324354,187.12741462912263,4.1284926744402295,43.69489264268349,87.83569461559757
2018_1035,15.844090105443643,45.531539483970896,294.37668513781153,5.932401524514031,64.14925012539341,87.8885186308404
2018_106,8.71708824392017,14.509427326386193,101.2943313371613,5.349850376146171,21.362778562215613,87.33462576665619
2018_1466,21.48844555619139,56.29427744744335,241.33790291687646,8.81023017420986,61.14501254029558,90.81396927785568
2018_1598,17.546827631473096,52.21091222697723,232.18182909678345,5.985171460561227,66.8437861808558,87.74666551554489
2018_1717,22.430572791546844,43.64592871180011,301.4823534191999,9.1338422030201,59.652885076024496,89.65442673298423
2018_1731,13.743065552097026,35.41381607746119,299.5297362429832,6.112733449351636,54.66828781066989,89.0287713920608
2018_1804,21.875313398895262,41.96997196424414,296.7445691783519,9.024591648059907,57.19721940886977,89.69211038811635
2018_1927,15.235643890757059,34.064886681999994,192.14284527530742,6.288342159919302,47.199576848201545,89.22598185298885
2018_1946,11.299234643725542,29.774477182744672,345.4937342203526,4.352586263022011,47.16234996539246,86.41975004317382
2018_2018,15.018282461976153,47.156695950685766,330.39724024288165,5.305712105382442,57.093965913556815,87.66417935691642
2018_2019,20.423447631184015,52.67132208187526,235.15348247033876,8.054453277349882,58.698910054255336,90.52122257726427
2018_2063,10.675759634320322,32.2973647268271,342.71143477082,4.224943758388269,49.305259688104854,86.65778313599711
2018_2101,13.018355278778763,25.013107891813608,186.1225640532769,6.408908347904724,37.440083111844615,87.01583870580214
2018_252,3.9675556589862193,12.87619511914707,194.8892700509704,2.5497943136150134,22.08907969925482,83.80863560216838
2018_2807,NA,NA,NA,NA,NA,NA
2018_2808,12.561078977325376,25.29565208224208,159.21134056743063,6.164580785915309,36.207441717355245,88.1076918273499
2018_2810,NA,45.94818835246703,148.69509693599673,NA,50.905282019062966,NA
2018_2811,8.858316516072259,23.876405251810382,161.95571343983718,4.90829144417169,34.29693099457471,86.39868054371246
2018_3146,17.403517853968953,34.419979948953426,354.72881635795704,6.923082005212282,52.58064599451154,89.03320896126232
2018_342,NA,38.89606317052285,376.0818525272397,NA,52.113329380754045,NA
2018_403,20.515535397678352,70.77627621095343,320.8532780791572,6.627896515747812,90.331386347603285,88.64905867135452
2018_495,10.748551484143318,23.398526642619,166.30032722348147,5.141727628621758,34.618135828758334,87.0083134758435
2018_519,14.672559462990844,38.79776732957894,242.12513404881673,6.134034977491073,52.06459160700403,87.24887189213652
2018_524,16.043842352806568,37.08718636539745,215.21106907901378,6.3907943879199856,51.879452357048315,87.24767611903427
2018_561,16.450706842389152,39.62543963732006,212.2738339306331,6.273628432184694,54.0325224669235,88.16851128040459
2018_598,15.521440836391385,36.51933723696088,393.45076445845484,5.804910076805168,58.07241581342472,87.77459537381588
2018_710,12.555978398556617,38.08472131278106,209.43292501040474,4.517148920939468,52.36326566740872,86.35589643791268
2018_736,NA,NA,NA,NA,NA,NA
2018_772,12.570677892445003,36.4096778105874,138.8964494845028,5.68746289050954,43.985980153901835,89.11723299448653
2018_90,5.26666800761493,15.474207584082716,161.52117092046115,3.0973518153861823,24.907596709617145,84.97292548853918
2018_913,NA,NA,NA,NA,NA,NA
2018_969,20.442918911423412,44.69288805057088,279.33624484697634,8.078744914656207,61.75674513630335,89.28905757020011
2019_1238,NA,NA,NA,NA,NA,NA
2019_1517,4.39292292567235,11.526901322563969,257.53217611919456,3.2301471257352707,20.453229357725462,81.31037751345858
2019_1520,NA,NA,NA,NA,NA,NA
2019_1522,14.528002569176483,40.11813148503991,403.87952846562087,5.721361329726662,57.70119603969704,88.3825280499635
2019_1523,8.868360697605329,20.57947836942485,238.0914738312747,4.332711099634052,31.44107875267619,86.69273469188654
2019_1524,12.998587227983398,32.97761947325529,321.5773189420514,4.95675498710774,48.824566245850384,87.21647572072371
2019_1525,14.410881227158274,36.14186031306573,316.0352734593148,6.000722096086003,52.37922153497025,88.1476292844526
2019_605,9.863451968758156,23.40137662583344,173.81462971358343,4.474239531166686,35.01059949705726,85.6007701512827
2019_607,6.8857145290036295,21.133531272888217,154.33369440238727,3.213937469205863,31.481765812309252,83.4614759230005
2019_608,12.274962138983426,41.245584843211425,211.01461095758788,4.263295712680625,55.41226096605737,87.578268934641
2019_630,9.008527318178372,22.971081196698734,184.94940849209655,3.998225036776568,35.05089575643097,86.89754579831069
2019_833,NA,NA,NA,NA,NA,NA
2020_309,14.297843288687618,38.17980527203792,310.2742138779704,5.429994731667776,57.47444876924287,88.04405826063262
2020_338,15.676622728260135,39.119135089781594,257.4089954637001,6.7060605229020185,54.41419809534563,89.1848275444531
2020_347,19.618539073211053,48.884729080034504,192.59931567602217,7.957420485919178,59.81386405558978,89.28835872326071
2020_372,5.200778709242671,9.602195739531126,224.55404750063067,4.327593242635944,17.006653131348003,80.15556071931209
2020_526,11.596035882150831,22.040556670403866,159.41189575066628,5.703241930164144,32.63507394475738,89.6695933934832
2020_527,23.49272334576549,63.40006750434294,251.9775843681112,8.939920888791491,77.83782215980754,89.80128868810937
2020_528,15.689554761838377,45.62741288677407,248.76855107254244,5.4551847982034065,60.83668748649382,88.1554244152548
2020_529,9.181846637532988,14.77144727931062,109.69631204505151,5.810006527268364,21.186641350428243,88.9206666495925
2020_531,13.700733365320547,40.81494066002897,250.67468609723238,5.42413675718936,57.17058790827781,86.83025420860052
2020_533,NA,NA,NA,NA,NA,NA
2020_536,13.662305962222145,34.440408141056416,164.29180079455628,5.916184524133511,44.84932278561854,88.58585248404896
2020_537,14.343158848966745,45.56023273227325,204.9712238350907,5.46642333873429,56.5394011827123,86.8044297914158
2020_538,13.162680383419723,26.215600981711813,237.03898979699005,5.8757253606942434,41.052833543423404,87.500888324512
2020_539,12.23877445692779,36.6341185944454,239.00470355288942,4.864042270189623,51.62191229443749,87.10440130125122
2020_541,11.88444711070317,32.36834535868151,289.3929596424885,5.099988194200839,46.72069590628446,87.46831095385264
2021_1066,16.568080440796912,76.96244593220894,279.5920785926774,4.568526994355243,90.16124673893086,87.52138593836105
2021_1169,19.813459590596004,59.16941499869512,409.9531216804771,7.431005078713074,73.32822674651831,89.53447530372912
2021_1197,14.869597866875074,33.693907736617646,174.96805714320124,6.511983864030855,45.47995999929651,90.21484872324207
2021_1204,25.93739674826005,112.4304894639338,568.760010917329,7.223812939632529,135.53146923510178,91.31051802224928
2021_1290,11.259031807842295,45.00530636932918,225.74036079835238,3.571269358468967,60.069313214886314,86.69210524233748
2021_1303,NA,NA,NA,NA,NA,NA
2021_1321,19.01066121864667,28.890455340499443,137.40305469564368,9.821856668940287,37.866531220781546,90.14288010064716
2021_1353,NA,37.27699630454268,174.52160076307115,NA,47.73115156505557,NA
2021_1437,16.173913205876815,51.40516120869905,233.4956361326222,5.2861189550765095,66.31268025145305,86.99163484565038
2021_1495,26.491282677836836,71.04716847009588,293.09964620176106,7.962570511282225,80.06541028783099,91.34545200625524
2021_1573,28.01893000927884,67.99733138865076,268.2527112875229,12.46796646293241,83.24249040067271,92.3276256883431
2021_1619,21.1814452568956,90.88792263666598,380.123371150554,6.163401749537306,110.2482530770369,89.12499399922953
2021_1631,14.572710114410869,48.547079987026855,187.36460421226727,5.073512453497483,58.9228800757063,87.49132385279093
2021_1637,21.859599803046997,74.92369794343387,286.08818950724606,7.9251532106058695,79.04273859114335,90.83664334670986
2021_1890,NA,40.931874823767004,171.1719293970812,NA,51.22587173278132,NA
2021_1898,9.397046688346723,42.32914014243699,217.63333517138614,2.9848622460685665,56.95943723597192,85.84039845489353
2021_1968,20.71436245733689,65.71169978631904,302.1912345073148,6.691687075079248,79.02801769568147,90.53881297213103
2021_1988,18.40097967343457,40.97105584299063,323.4071505787355,6.996615913533221,60.49021919108315,88.28827370171159
2021_2223,28.90381802923649,120.29855087123454,437.3149635432412,8.170289188410383,141.11184175294517,90.97875963248697
2021_2225,32.48225721266613,97.50338678036051,268.338288947812,11.13755068497464,97.65779384624418,91.21295717855443
2021_2306,17.182885106782557,42.22295699152373,105.85386327771133,9.157509055480848,42.28216800063717,89.4093886132365
2021_2309,9.3985158729123075,30.26726507502871,238.51266332374962,3.2242690375709584,45.51605844125365,84.69136674733406
2021_2311,18.210371349001786,69.50238536681552,402.57555413318926,5.34136818972018,88.61286637273295,88.0706982144008
2021_2312,20.423403818210378,103.03812649823476,312.1927581501726,6.281132468117329,103.03493403853003,88.46366832693056
2021_2313,30.953882435612947,93.69486460936568,460.6752022721516,9.554781073663712,121.84727325293925,91.94996576733787
2021_2316,17.90131415555423,47.41330964302621,135.2565676730889,7.905560320368814,48.93898959317761,89.14060854565172
2021_2317,13.62417939988692,41.65414031101617,296.97865026578467,4.606350201987247,58.100610858790795,87.30608283808932
2021_2318,NA,NA,NA,NA,NA,NA
2021_2319,24.966463875690827,102.45782058005511,391.3532886597768,8.225888261211763,123.84964763012786,91.26628217667927
2021_2320,7.917141937155509,21.790617225045494,242.3023329300566,4.673681729948603,34.706973878418275,87.32510211647732
2021_2321,15.32465423867157,35.66450753935048,182.74226911409673,7.155696974912097,45.5785236791192,88.93703096148832
2021_2322,NA,NA,NA,NA,NA,NA
2021_2326,NA,NA,NA,NA,NA,NA
2021_2328,22.685262564517625,75.62614017936036,326.9416526304922,8.41291687067882,82.1891611464696,91.57264234898419
2021_277,27.382446211902227,69.83035152790981,480.80623584328833,8.5003970704583,102.45890974003476,90.92914166369646
2021_297,20.1862775007878,48.748546845042206,121.09781439183409,8.925130542553491,48.78235891209606,88.92543136875221
2022_254,10.386215337944842,26.85158251837025,215.0780545834781,4.531281622879766,39.740431475854,86.10030104949777
2023_159,14.751676766403154,37.02774262915774,260.00577644775626,5.748570976780053,51.8624091828022,89.18943016653697
2023_1614,22.59519608345054,68.55543811622394,234.0985865968541,7.3582984415362835,79.15739915103373,88.87724654862849
2023_1617,NA,NA,NA,NA,NA,NA
2023_1622,20.60115697868012,88.19044995005115,382.8760707151241,5.300898788111036,104.18022313706369,87.77245083382473
2023_1624,6.95746254739217,17.094714385033605,261.98644529985836,3.7658957014788257,29.47506345376759,85.7835667717271
2023_1625,17.8591377468171,49.75759007072519,175.1963520101452,6.823566554259881,58.19376073965775,91.21598058479793
2023_1626,9.199665412047098,34.44316802143537,429.79309231936384,3.2650422542531596,53.81832173575686,84.74384962715291
2023_1627,22.220469418570858,79.42445805406425,292.9754510300273,7.319176920134856,90.53156626309607,90.2160200550135
2023_1633,14.102469531529213,35.12101231525212,296.43973197271407,6.055726041120108,50.95404071066806,89.03610350077598
2023_1634,15.030629415374971,37.029510014630056,273.49469149463323,6.425899615354709,49.48971886537277,89.49608255465662
2023_1640,24.686007229657402,79.73992940461831,242.0697844080322,8.817735871170227,87.45636294271665,90.96785384905081
2023_168,11.12203968799884,39.41736746380619,445.86849089856537,3.856504208566223,59.509640414546666,85.87088216035669
2023_169,26.100597612917106,91.03471414486086,284.42082456729065,8.244294609568648,97.68313775186222,90.5425852832298
2023_171,18.67098854794302,57.78646909698831,402.07674082972915,6.0410735244319795,75.38619722279115,89.1254230509374
2023_174,18.341935553002692,54.02052293818069,281.5591029318373,6.456608169478775,67.78851425625277,88.34441026306142
2023_175,16.512934068302556,38.691083579076896,189.848331907117,6.7205972466652595,51.2563523060647,89.66149761078056
2023_177,10.665670262450243,23.000457824715358,148.06719591625202,5.084092397324353,33.11443214225575,89.91421660258362
2023_185,10.315025257958162,31.795071236968003,275.4267441779521,4.2009892477683755,44.162679980588564,85.38806362842209
2023_186,14.589901654000494,37.631470729395375,189.13565989736543,5.773905212318548,49.68261964823197,89.7046526511473
2023_189,24.969033518033392,71.14933601694231,273.6670488722431,8.499529111784058,85.18769860510969,90.50921238416103
2023_201,13.781888327104337,40.384273839455915,336.2295039295815,5.299510683371965,56.24366628817874,88.22115356330039
2023_213,10.424438488784247,83.86086591807356,291.1921325991244,3.1011722103381025,90.98409295854586,84.40525887601359
2024_462,19.216016489432217,56.15885798734803,242.03624297617614,6.698512857647549,71.08413316135571,89.15651537159948
2024_467,12.355282490200251,24.199759737645913,154.4743057577829,5.89262355578975,34.77852860836812,85.07221865872783
2024_473,20.261983102657084,64.1892943876581,320.3509985226434,6.7746732601165744,84.05829230344668,88.80129448654012
2024_482,16.019363771324755,32.97898587199474,205.04804445266063,6.9425117943731705,46.246053777086125,88.455767525896
2024_484,20.40740777386998,73.8100497348409,356.1415055143146,6.58376607479395,96.83205827742134,88.38119622880451
2024_492,NA,23.707589648552553,89.53175047803451,NA,28.5259520085313,NA
2024_495,19.804565426559407,74.87654553151836,361.7093075881746,5.927411869841458,96.98042328459255,88.11161307667132
2024_496,20.39461382252716,75.4186155763842,352.6845583251071,6.074373635110626,97.46723538407636,88.02699623636664
2024_497,16.55469342923829,49.14155730196519,287.90010679928895,5.88899446180808,68.88631757991013,89.37782685713886
2024_498,NA,NA,NA,NA,NA,NA
2024_501,18.324256412054503,70.44409358739773,348.8156324506864,5.853747233393593,86.03363715300776,87.7580746299856
2024_636,14.921439988803133,54.205112145169515,202.63029833358837,4.895779041725151,64.96408806384093,87.30003541346728
2024_639,9.091877573042565,22.310211927744568,177.81699033767768,4.793106088970238,30.75864903944584,87.22483388916157
2024_650,NA,NA,NA,NA,NA,NA
2024_651,NA,NA,NA,NA,NA,NA
2024_958,NA,NA,NA,NA,NA,NA
